dataset,edition,key,value,unit,citation
desnz_combustion,DEFRA 2024,natural_gas_kwh,0.1829,kg CO2e/kWh (Gross CV),"UK Government GHG Conversion Factors for Company Reporting 2024, full set (v1.1); Fuels!D42; Fuels, row ""Natural gas, kWh (Gross CV)"", column ""kg CO2e""; Version 1.1, the correction of 30 Oct 2024 (rounding error that reduced some diesel factors to zero corrected)"
desnz_combustion,DEFRA 2024,natural_gas_m3,2.04542,kg CO2e/m3,"UK Government GHG Conversion Factors for Company Reporting 2024, full set (v1.1); Fuels!D40; Fuels, row ""Natural gas, cubic metres"", column ""kg CO2e""; Version 1.1, the correction of 30 Oct 2024 (rounding error that reduced some diesel factors to zero corrected)"
desnz_combustion,DEFRA 2024,propane_litre,1.54357,kg CO2e/litre,"UK Government GHG Conversion Factors for Company Reporting 2024, full set (v1.1); Fuels!D52; Fuels, row ""Propane, litres"", column ""kg CO2e""; Version 1.1, the correction of 30 Oct 2024 (rounding error that reduced some diesel factors to zero corrected)"
desnz_combustion,DEFRA 2024,propane_kg,2.99763233,kg CO2e/kg,"UK Government GHG Conversion Factors for Company Reporting 2024, full set (v1.1); Fuels!D51; Fuels, row ""Propane, tonnes"", column ""kg CO2e""; Version 1.1, the correction of 30 Oct 2024 (rounding error that reduced some diesel factors to zero corrected); per tonne / 1,000, exact: 2997.63233 kg CO2e per tonne"
desnz_combustion,DEFRA 2024,diesel_litre,2.51279,kg CO2e/litre,"UK Government GHG Conversion Factors for Company Reporting 2024, full set (v1.1); Fuels!D72; Fuels, row ""Diesel (average biofuel blend), litres"", column ""kg CO2e""; Version 1.1, the correction of 30 Oct 2024 (rounding error that reduced some diesel factors to zero corrected)"
desnz_combustion,DEFRA 2024,fuel_oil_distillate_litre,2.75541,kg CO2e/litre,"UK Government GHG Conversion Factors for Company Reporting 2024, full set (v1.1); Fuels!D108; Fuels, row ""Processed fuel oils - distillate oil, litres"", column ""kg CO2e""; Version 1.1, the correction of 30 Oct 2024 (rounding error that reduced some diesel factors to zero corrected)"
desnz_combustion,DEFRA 2024,fuel_oil_residual_litre,3.17493,kg CO2e/litre,"UK Government GHG Conversion Factors for Company Reporting 2024, full set (v1.1); Fuels!D104; Fuels, row ""Processed fuel oils - residual oil, litres"", column ""kg CO2e""; Version 1.1, the correction of 30 Oct 2024 (rounding error that reduced some diesel factors to zero corrected)"
desnz_steam,DEFRA 2024,steam_kwh,0.17965,kg CO2e/kWh,"UK Government GHG Conversion Factors for Company Reporting 2024, full set (v1.1); Heat and steam!E22; Heat and steam, row ""Heat and steam, District heat and steam, kWh"", column ""kg CO2e""; Version 1.1, the correction of 30 Oct 2024 (rounding error that reduced some diesel factors to zero corrected)"
desnz_grid,DEFRA 2024,grid_uk,0.20705,kg CO2e/kWh,"UK Government GHG Conversion Factors for Company Reporting 2024, full set (v1.1); UK electricity!E25; UK electricity, row ""Electricity generated, Electricity: UK, kWh"", column ""kg CO2e""; Version 1.1, the correction of 30 Oct 2024 (rounding error that reduced some diesel factors to zero corrected)"
desnz_combustion,DEFRA 2025,natural_gas_kwh,0.18296,kg CO2e/kWh (Gross CV),"UK Government GHG Conversion Factors for Company Reporting 2025, full set (v1); Fuels!D42; Fuels, row ""Natural gas, kWh (Gross CV)"", column ""kg CO2e""; Version 1, the original publication (no correction recorded)"
desnz_combustion,DEFRA 2025,natural_gas_m3,2.06672,kg CO2e/m3,"UK Government GHG Conversion Factors for Company Reporting 2025, full set (v1); Fuels!D40; Fuels, row ""Natural gas, cubic metres"", column ""kg CO2e""; Version 1, the original publication (no correction recorded)"
desnz_combustion,DEFRA 2025,propane_litre,1.54358,kg CO2e/litre,"UK Government GHG Conversion Factors for Company Reporting 2025, full set (v1); Fuels!D52; Fuels, row ""Propane, litres"", column ""kg CO2e""; Version 1, the original publication (no correction recorded)"
desnz_combustion,DEFRA 2025,propane_kg,2.99763233,kg CO2e/kg,"UK Government GHG Conversion Factors for Company Reporting 2025, full set (v1); Fuels!D51; Fuels, row ""Propane, tonnes"", column ""kg CO2e""; Version 1, the original publication (no correction recorded); per tonne / 1,000, exact: 2997.63233 kg CO2e per tonne"
desnz_combustion,DEFRA 2025,diesel_litre,2.57082,kg CO2e/litre,"UK Government GHG Conversion Factors for Company Reporting 2025, full set (v1); Fuels!D72; Fuels, row ""Diesel (average biofuel blend), litres"", column ""kg CO2e""; Version 1, the original publication (no correction recorded)"
desnz_combustion,DEFRA 2025,fuel_oil_distillate_litre,2.75541,kg CO2e/litre,"UK Government GHG Conversion Factors for Company Reporting 2025, full set (v1); Fuels!D108; Fuels, row ""Processed fuel oils - distillate oil, litres"", column ""kg CO2e""; Version 1, the original publication (no correction recorded)"
desnz_combustion,DEFRA 2025,fuel_oil_residual_litre,3.17492,kg CO2e/litre,"UK Government GHG Conversion Factors for Company Reporting 2025, full set (v1); Fuels!D104; Fuels, row ""Processed fuel oils - residual oil, litres"", column ""kg CO2e""; Version 1, the original publication (no correction recorded)"
desnz_steam,DEFRA 2025,steam_kwh,0.17529,kg CO2e/kWh,"UK Government GHG Conversion Factors for Company Reporting 2025, full set (v1); Heat and steam!E22; Heat and steam, row ""Heat and steam, District heat and steam, kWh"", column ""kg CO2e""; Version 1, the original publication (no correction recorded)"
desnz_grid,DEFRA 2025,grid_uk,0.177,kg CO2e/kWh,"UK Government GHG Conversion Factors for Company Reporting 2025, full set (v1); UK electricity!E26; UK electricity, row ""Electricity generated, Electricity: UK, kWh"", column ""kg CO2e""; Version 1, the original publication (no correction recorded)"
desnz_mobile,DEFRA 2024,diesel:co2,2.4796,kg CO2e of CO2/litre,"UK Government GHG Conversion Factors for Company Reporting 2024, full set v1.1; Fuels!E72; Fuels, row ""Diesel (average biofuel blend), litres"", column ""kg CO2e of CO2 per unit"""
desnz_mobile,DEFRA 2024,petrol:co2,2.07047,kg CO2e of CO2/litre,"UK Government GHG Conversion Factors for Company Reporting 2024, full set v1.1; Fuels!E96; Fuels, row ""Petrol (average biofuel blend), litres"", column ""kg CO2e of CO2 per unit"""
desnz_mobile,DEFRA 2024,"diesel:ch4 (light, heavy and non-road)",0.00029,kg CO2e/litre,"UK Government GHG Conversion Factors for Company Reporting 2024, full set v1.1; Fuels!F72, Fuels!G72; Fuels, row ""Diesel (average biofuel blend), litres"", column ""kg CO2e of CH4 per unit; kg CO2e of N2O per unit"""
desnz_mobile,DEFRA 2024,"diesel:n2o (light, heavy and non-road)",0.0329,kg CO2e/litre,"UK Government GHG Conversion Factors for Company Reporting 2024, full set v1.1; Fuels!F72, Fuels!G72; Fuels, row ""Diesel (average biofuel blend), litres"", column ""kg CO2e of CH4 per unit; kg CO2e of N2O per unit"""
desnz_mobile,DEFRA 2024,"petrol:ch4 (light, heavy and non-road)",0.00806,kg CO2e/litre,"UK Government GHG Conversion Factors for Company Reporting 2024, full set v1.1; Fuels!F96, Fuels!G96; Fuels, row ""Petrol (average biofuel blend), litres"", column ""kg CO2e of CH4 per unit; kg CO2e of N2O per unit"""
desnz_mobile,DEFRA 2024,"petrol:n2o (light, heavy and non-road)",0.00587,kg CO2e/litre,"UK Government GHG Conversion Factors for Company Reporting 2024, full set v1.1; Fuels!F96, Fuels!G96; Fuels, row ""Petrol (average biofuel blend), litres"", column ""kg CO2e of CH4 per unit; kg CO2e of N2O per unit"""
desnz_mobile,DEFRA 2025,diesel:co2,2.53763,kg CO2e of CO2/litre,"UK Government GHG Conversion Factors for Company Reporting 2025, full set v1; Fuels!E72; Fuels, row ""Diesel (average biofuel blend), litres"", column ""kg CO2e of CO2 per unit"""
desnz_mobile,DEFRA 2025,petrol:co2,2.05523,kg CO2e of CO2/litre,"UK Government GHG Conversion Factors for Company Reporting 2025, full set v1; Fuels!E96; Fuels, row ""Petrol (average biofuel blend), litres"", column ""kg CO2e of CO2 per unit"""
desnz_mobile,DEFRA 2025,"diesel:ch4 (light, heavy and non-road)",0.00029,kg CO2e/litre,"UK Government GHG Conversion Factors for Company Reporting 2025, full set v1; Fuels!F72, Fuels!G72; Fuels, row ""Diesel (average biofuel blend), litres"", column ""kg CO2e of CH4 per unit; kg CO2e of N2O per unit"""
desnz_mobile,DEFRA 2025,"diesel:n2o (light, heavy and non-road)",0.0329,kg CO2e/litre,"UK Government GHG Conversion Factors for Company Reporting 2025, full set v1; Fuels!F72, Fuels!G72; Fuels, row ""Diesel (average biofuel blend), litres"", column ""kg CO2e of CH4 per unit; kg CO2e of N2O per unit"""
desnz_mobile,DEFRA 2025,"petrol:ch4 (light, heavy and non-road)",0.00806,kg CO2e/litre,"UK Government GHG Conversion Factors for Company Reporting 2025, full set v1; Fuels!F96, Fuels!G96; Fuels, row ""Petrol (average biofuel blend), litres"", column ""kg CO2e of CH4 per unit; kg CO2e of N2O per unit"""
desnz_mobile,DEFRA 2025,"petrol:n2o (light, heavy and non-road)",0.00587,kg CO2e/litre,"UK Government GHG Conversion Factors for Company Reporting 2025, full set v1; Fuels!F96, Fuels!G96; Fuels, row ""Petrol (average biofuel blend), litres"", column ""kg CO2e of CH4 per unit; kg CO2e of N2O per unit"""
desnz_scope3_energy,DEFRA 2024,natural_gas_kwh_gross_cv,0.03021,kg CO2e/kWh (Gross CV),"UK Government GHG Conversion Factors for Company Reporting 2024, full set v1.1; WTT- fuels!D41"
desnz_scope3_energy,DEFRA 2024,natural_gas_cubic_metres,0.3366,kg CO2e/cubic metres,"UK Government GHG Conversion Factors for Company Reporting 2024, full set v1.1; WTT- fuels!D39"
desnz_scope3_energy,DEFRA 2024,propane_tonnes,352.67018,kg CO2e/tonnes,"UK Government GHG Conversion Factors for Company Reporting 2024, full set v1.1; WTT- fuels!D50"
desnz_scope3_energy,DEFRA 2024,propane_litres,0.1817,kg CO2e/litres,"UK Government GHG Conversion Factors for Company Reporting 2024, full set v1.1; WTT- fuels!D51"
desnz_scope3_energy,DEFRA 2024,diesel_average_biofuel_blend_litres,0.61101,kg CO2e/litres,"UK Government GHG Conversion Factors for Company Reporting 2024, full set v1.1; WTT- fuels!D71"
desnz_scope3_energy,DEFRA 2024,petrol_average_biofuel_blend_litres,0.58094,kg CO2e/litres,"UK Government GHG Conversion Factors for Company Reporting 2024, full set v1.1; WTT- fuels!D95"
desnz_scope3_energy,DEFRA 2024,fuel_oil_distillate_litres,0.9465,kg CO2e/litres,"UK Government GHG Conversion Factors for Company Reporting 2024, full set v1.1; WTT- fuels!D107"
desnz_scope3_energy,DEFRA 2024,fuel_oil_residual_litres,1.10125,kg CO2e/litres,"UK Government GHG Conversion Factors for Company Reporting 2024, full set v1.1; WTT- fuels!D103"
desnz_scope3_energy,DEFRA 2024,electricity_generation_wtt,0.0459,kg CO2e/kWh,"UK Government GHG Conversion Factors for Company Reporting 2024, full set v1.1; WTT- UK electricity!E19"
desnz_scope3_energy,DEFRA 2024,electricity_td_loss,0.0183,kg CO2e/kWh,"UK Government GHG Conversion Factors for Company Reporting 2024, full set v1.1; Transmission and distribution!E22"
desnz_scope3_energy,DEFRA 2024,electricity_td_wtt,0.00397,kg CO2e/kWh,"UK Government GHG Conversion Factors for Company Reporting 2024, full set v1.1; WTT- UK electricity!E24"
desnz_scope3_energy,DEFRA 2024,district_heat_steam_wtt,0.03341,kg CO2e/kWh,"UK Government GHG Conversion Factors for Company Reporting 2024, full set v1.1; WTT- heat and steam!E20"
desnz_scope3_energy,DEFRA 2024,district_heat_steam_distribution_loss,0.00946,kg CO2e/kWh,"UK Government GHG Conversion Factors for Company Reporting 2024, full set v1.1; Transmission and distribution!E27"
desnz_scope3_energy,DEFRA 2024,district_heat_steam_distribution_wtt,0.00176,kg CO2e/kWh,"UK Government GHG Conversion Factors for Company Reporting 2024, full set v1.1; WTT- heat and steam!E25"
desnz_scope3_energy,DEFRA 2025,natural_gas_kwh_gross_cv,0.03021,kg CO2e/kWh (Gross CV),"UK Government GHG Conversion Factors for Company Reporting 2025, full set v1; WTT- fuels!D41"
desnz_scope3_energy,DEFRA 2025,natural_gas_cubic_metres,0.3366,kg CO2e/cubic metres,"UK Government GHG Conversion Factors for Company Reporting 2025, full set v1; WTT- fuels!D39"
desnz_scope3_energy,DEFRA 2025,propane_tonnes,352.67018,kg CO2e/tonnes,"UK Government GHG Conversion Factors for Company Reporting 2025, full set v1; WTT- fuels!D50"
desnz_scope3_energy,DEFRA 2025,propane_litres,0.1817,kg CO2e/litres,"UK Government GHG Conversion Factors for Company Reporting 2025, full set v1; WTT- fuels!D51"
desnz_scope3_energy,DEFRA 2025,diesel_average_biofuel_blend_litres,0.61101,kg CO2e/litres,"UK Government GHG Conversion Factors for Company Reporting 2025, full set v1; WTT- fuels!D71"
desnz_scope3_energy,DEFRA 2025,petrol_average_biofuel_blend_litres,0.58094,kg CO2e/litres,"UK Government GHG Conversion Factors for Company Reporting 2025, full set v1; WTT- fuels!D95"
desnz_scope3_energy,DEFRA 2025,fuel_oil_distillate_litres,0.9465,kg CO2e/litres,"UK Government GHG Conversion Factors for Company Reporting 2025, full set v1; WTT- fuels!D107"
desnz_scope3_energy,DEFRA 2025,fuel_oil_residual_litres,1.10125,kg CO2e/litres,"UK Government GHG Conversion Factors for Company Reporting 2025, full set v1; WTT- fuels!D103"
desnz_scope3_energy,DEFRA 2025,electricity_generation_wtt,0.0459,kg CO2e/kWh,"UK Government GHG Conversion Factors for Company Reporting 2025, full set v1; WTT- UK electricity!E19"
desnz_scope3_energy,DEFRA 2025,electricity_td_loss,0.01853,kg CO2e/kWh,"UK Government GHG Conversion Factors for Company Reporting 2025, full set v1; Transmission and distribution!E22"
desnz_scope3_energy,DEFRA 2025,electricity_td_wtt,0.00397,kg CO2e/kWh,"UK Government GHG Conversion Factors for Company Reporting 2025, full set v1; WTT- UK electricity!E24"
desnz_scope3_energy,DEFRA 2025,district_heat_steam_wtt,0.03341,kg CO2e/kWh,"UK Government GHG Conversion Factors for Company Reporting 2025, full set v1; WTT- heat and steam!E20"
desnz_scope3_energy,DEFRA 2025,district_heat_steam_distribution_loss,0.00945,kg CO2e/kWh,"UK Government GHG Conversion Factors for Company Reporting 2025, full set v1; Transmission and distribution!E27"
desnz_scope3_energy,DEFRA 2025,district_heat_steam_distribution_wtt,0.00176,kg CO2e/kWh,"UK Government GHG Conversion Factors for Company Reporting 2025, full set v1; WTT- heat and steam!E25"
epa_hub_combustion,US EPA 2024,natural_gas_mcf:co2,54.44,kg CO2 per Mcf,"US EPA GHG Emission Factors Hub 2024 (""Last Modified: June 5, 2024""), ghg-emission-factors-hub-2024.xlsx; Emission Factors Hub!H40; p. 1; Table 1 Stationary Combustion, row ""Natural Gas"", column ""CO2 Factor (kg CO2 per scf)""; the file as last modified 5 June 2024 (no later correction recorded); per Mcf = per scf x 1,000 (as the repo derives natural_gas_mcf); CH4/N2O g per scf x 1,000 / 1,000 g per kg = same digits in kg per Mcf"
epa_hub_combustion,US EPA 2024,natural_gas_mcf:ch4,0.00103,kg CH4 per Mcf,"US EPA GHG Emission Factors Hub 2024 (""Last Modified: June 5, 2024""), ghg-emission-factors-hub-2024.xlsx; Emission Factors Hub!I40; p. 1; Table 1 Stationary Combustion, row ""Natural Gas"", column ""CH4 Factor (g CH4 per scf)""; the file as last modified 5 June 2024 (no later correction recorded); per Mcf = per scf x 1,000 (as the repo derives natural_gas_mcf); CH4/N2O g per scf x 1,000 / 1,000 g per kg = same digits in kg per Mcf"
epa_hub_combustion,US EPA 2024,natural_gas_mcf:n2o,0.0001,kg N2O per Mcf,"US EPA GHG Emission Factors Hub 2024 (""Last Modified: June 5, 2024""), ghg-emission-factors-hub-2024.xlsx; Emission Factors Hub!J40; p. 1; Table 1 Stationary Combustion, row ""Natural Gas"", column ""N2O Factor (g N2O per scf)""; the file as last modified 5 June 2024 (no later correction recorded); per Mcf = per scf x 1,000 (as the repo derives natural_gas_mcf); CH4/N2O g per scf x 1,000 / 1,000 g per kg = same digits in kg per Mcf"
epa_hub_combustion,US EPA 2024,natural_gas_mmbtu:co2,53.06,kg CO2 per mmBtu,"US EPA GHG Emission Factors Hub 2024 (""Last Modified: June 5, 2024""), ghg-emission-factors-hub-2024.xlsx; Emission Factors Hub!E40; p. 1; Table 1 Stationary Combustion, row ""Natural Gas"", column ""CO2 Factor (kg CO2 per mmBtu)""; the file as last modified 5 June 2024 (no later correction recorded); none beyond g -> kg (CH4, N2O printed in g, divided by 1,000 as every US mass key is stored in kg)"
epa_hub_combustion,US EPA 2024,natural_gas_mmbtu:ch4,0.001,kg CH4 per mmBtu,"US EPA GHG Emission Factors Hub 2024 (""Last Modified: June 5, 2024""), ghg-emission-factors-hub-2024.xlsx; Emission Factors Hub!F40; p. 1; Table 1 Stationary Combustion, row ""Natural Gas"", column ""CH4 Factor (g CH4 per mmBtu)""; the file as last modified 5 June 2024 (no later correction recorded); none beyond g -> kg (CH4, N2O printed in g, divided by 1,000 as every US mass key is stored in kg)"
epa_hub_combustion,US EPA 2024,natural_gas_mmbtu:n2o,0.0001,kg N2O per mmBtu,"US EPA GHG Emission Factors Hub 2024 (""Last Modified: June 5, 2024""), ghg-emission-factors-hub-2024.xlsx; Emission Factors Hub!G40; p. 1; Table 1 Stationary Combustion, row ""Natural Gas"", column ""N2O Factor (g N2O per mmBtu)""; the file as last modified 5 June 2024 (no later correction recorded); none beyond g -> kg (CH4, N2O printed in g, divided by 1,000 as every US mass key is stored in kg)"
epa_hub_combustion,US EPA 2024,propane_gallon:co2,5.72,kg CO2 per gallon,"US EPA GHG Emission Factors Hub 2024 (""Last Modified: June 5, 2024""), ghg-emission-factors-hub-2024.xlsx; Emission Factors Hub!H74; p. 1; Table 1 Stationary Combustion, row ""Propane"", column ""CO2 Factor (kg CO2 per gallon)""; the file as last modified 5 June 2024 (no later correction recorded); none beyond g -> kg (CH4, N2O printed in g, divided by 1,000 as every US mass key is stored in kg)"
epa_hub_combustion,US EPA 2024,propane_gallon:ch4,0.00027,kg CH4 per gallon,"US EPA GHG Emission Factors Hub 2024 (""Last Modified: June 5, 2024""), ghg-emission-factors-hub-2024.xlsx; Emission Factors Hub!I74; p. 1; Table 1 Stationary Combustion, row ""Propane"", column ""CH4 Factor (g CH4 per gallon)""; the file as last modified 5 June 2024 (no later correction recorded); none beyond g -> kg (CH4, N2O printed in g, divided by 1,000 as every US mass key is stored in kg)"
epa_hub_combustion,US EPA 2024,propane_gallon:n2o,0.00005,kg N2O per gallon,"US EPA GHG Emission Factors Hub 2024 (""Last Modified: June 5, 2024""), ghg-emission-factors-hub-2024.xlsx; Emission Factors Hub!J74; p. 1; Table 1 Stationary Combustion, row ""Propane"", column ""N2O Factor (g N2O per gallon)""; the file as last modified 5 June 2024 (no later correction recorded); none beyond g -> kg (CH4, N2O printed in g, divided by 1,000 as every US mass key is stored in kg)"
epa_hub_combustion,US EPA 2024,diesel_gallon:co2,10.21,kg CO2 per gallon,"US EPA GHG Emission Factors Hub 2024 (""Last Modified: June 5, 2024""), ghg-emission-factors-hub-2024.xlsx; Emission Factors Hub!H57; p. 1; Table 1 Stationary Combustion, row ""Distillate Fuel Oil No. 2"", column ""CO2 Factor (kg CO2 per gallon)""; the file as last modified 5 June 2024 (no later correction recorded); none beyond g -> kg (CH4, N2O printed in g, divided by 1,000 as every US mass key is stored in kg)"
epa_hub_combustion,US EPA 2024,diesel_gallon:ch4,0.00041,kg CH4 per gallon,"US EPA GHG Emission Factors Hub 2024 (""Last Modified: June 5, 2024""), ghg-emission-factors-hub-2024.xlsx; Emission Factors Hub!I57; p. 1; Table 1 Stationary Combustion, row ""Distillate Fuel Oil No. 2"", column ""CH4 Factor (g CH4 per gallon)""; the file as last modified 5 June 2024 (no later correction recorded); none beyond g -> kg (CH4, N2O printed in g, divided by 1,000 as every US mass key is stored in kg)"
epa_hub_combustion,US EPA 2024,diesel_gallon:n2o,0.00008,kg N2O per gallon,"US EPA GHG Emission Factors Hub 2024 (""Last Modified: June 5, 2024""), ghg-emission-factors-hub-2024.xlsx; Emission Factors Hub!J57; p. 1; Table 1 Stationary Combustion, row ""Distillate Fuel Oil No. 2"", column ""N2O Factor (g N2O per gallon)""; the file as last modified 5 June 2024 (no later correction recorded); none beyond g -> kg (CH4, N2O printed in g, divided by 1,000 as every US mass key is stored in kg)"
epa_hub_combustion,US EPA 2024,fuel_oil_gallon:co2,10.21,kg CO2 per gallon,"US EPA GHG Emission Factors Hub 2024 (""Last Modified: June 5, 2024""), ghg-emission-factors-hub-2024.xlsx; Emission Factors Hub!H57; p. 1; Table 1 Stationary Combustion, row ""Distillate Fuel Oil No. 2"", column ""CO2 Factor (kg CO2 per gallon)""; the file as last modified 5 June 2024 (no later correction recorded); none beyond g -> kg (CH4, N2O printed in g, divided by 1,000 as every US mass key is stored in kg)"
epa_hub_combustion,US EPA 2024,fuel_oil_gallon:ch4,0.00041,kg CH4 per gallon,"US EPA GHG Emission Factors Hub 2024 (""Last Modified: June 5, 2024""), ghg-emission-factors-hub-2024.xlsx; Emission Factors Hub!I57; p. 1; Table 1 Stationary Combustion, row ""Distillate Fuel Oil No. 2"", column ""CH4 Factor (g CH4 per gallon)""; the file as last modified 5 June 2024 (no later correction recorded); none beyond g -> kg (CH4, N2O printed in g, divided by 1,000 as every US mass key is stored in kg)"
epa_hub_combustion,US EPA 2024,fuel_oil_gallon:n2o,0.00008,kg N2O per gallon,"US EPA GHG Emission Factors Hub 2024 (""Last Modified: June 5, 2024""), ghg-emission-factors-hub-2024.xlsx; Emission Factors Hub!J57; p. 1; Table 1 Stationary Combustion, row ""Distillate Fuel Oil No. 2"", column ""N2O Factor (g N2O per gallon)""; the file as last modified 5 June 2024 (no later correction recorded); none beyond g -> kg (CH4, N2O printed in g, divided by 1,000 as every US mass key is stored in kg)"
epa_hub_combustion,US EPA 2024,fuel_oil_distillate_gallon:co2,10.21,kg CO2 per gallon,"US EPA GHG Emission Factors Hub 2024 (""Last Modified: June 5, 2024""), ghg-emission-factors-hub-2024.xlsx; Emission Factors Hub!H57; p. 1; Table 1 Stationary Combustion, row ""Distillate Fuel Oil No. 2"", column ""CO2 Factor (kg CO2 per gallon)""; the file as last modified 5 June 2024 (no later correction recorded); none beyond g -> kg (CH4, N2O printed in g, divided by 1,000 as every US mass key is stored in kg)"
epa_hub_combustion,US EPA 2024,fuel_oil_distillate_gallon:ch4,0.00041,kg CH4 per gallon,"US EPA GHG Emission Factors Hub 2024 (""Last Modified: June 5, 2024""), ghg-emission-factors-hub-2024.xlsx; Emission Factors Hub!I57; p. 1; Table 1 Stationary Combustion, row ""Distillate Fuel Oil No. 2"", column ""CH4 Factor (g CH4 per gallon)""; the file as last modified 5 June 2024 (no later correction recorded); none beyond g -> kg (CH4, N2O printed in g, divided by 1,000 as every US mass key is stored in kg)"
epa_hub_combustion,US EPA 2024,fuel_oil_distillate_gallon:n2o,0.00008,kg N2O per gallon,"US EPA GHG Emission Factors Hub 2024 (""Last Modified: June 5, 2024""), ghg-emission-factors-hub-2024.xlsx; Emission Factors Hub!J57; p. 1; Table 1 Stationary Combustion, row ""Distillate Fuel Oil No. 2"", column ""N2O Factor (g N2O per gallon)""; the file as last modified 5 June 2024 (no later correction recorded); none beyond g -> kg (CH4, N2O printed in g, divided by 1,000 as every US mass key is stored in kg)"
epa_hub_combustion,US EPA 2024,fuel_oil_residual_gallon:co2,11.27,kg CO2 per gallon,"US EPA GHG Emission Factors Hub 2024 (""Last Modified: June 5, 2024""), ghg-emission-factors-hub-2024.xlsx; Emission Factors Hub!H77; p. 1; Table 1 Stationary Combustion, row ""Residual Fuel Oil No. 6"", column ""CO2 Factor (kg CO2 per gallon)""; the file as last modified 5 June 2024 (no later correction recorded); none beyond g -> kg (CH4, N2O printed in g, divided by 1,000 as every US mass key is stored in kg)"
epa_hub_combustion,US EPA 2024,fuel_oil_residual_gallon:ch4,0.00045,kg CH4 per gallon,"US EPA GHG Emission Factors Hub 2024 (""Last Modified: June 5, 2024""), ghg-emission-factors-hub-2024.xlsx; Emission Factors Hub!I77; p. 1; Table 1 Stationary Combustion, row ""Residual Fuel Oil No. 6"", column ""CH4 Factor (g CH4 per gallon)""; the file as last modified 5 June 2024 (no later correction recorded); none beyond g -> kg (CH4, N2O printed in g, divided by 1,000 as every US mass key is stored in kg)"
epa_hub_combustion,US EPA 2024,fuel_oil_residual_gallon:n2o,0.00009,kg N2O per gallon,"US EPA GHG Emission Factors Hub 2024 (""Last Modified: June 5, 2024""), ghg-emission-factors-hub-2024.xlsx; Emission Factors Hub!J77; p. 1; Table 1 Stationary Combustion, row ""Residual Fuel Oil No. 6"", column ""N2O Factor (g N2O per gallon)""; the file as last modified 5 June 2024 (no later correction recorded); none beyond g -> kg (CH4, N2O printed in g, divided by 1,000 as every US mass key is stored in kg)"
epa_hub_steam,US EPA 2024 Table 7,steam_mmbtu:co2,66.33,kg CO2 per mmBtu,"US EPA GHG Emission Factors Hub 2024 (""Last Modified: June 5, 2024""), ghg-emission-factors-hub-2024.xlsx; Emission Factors Hub!D402; p. 4; Table 7 Steam and Heat, row ""Steam and Heat"", column ""CO2 Factor (kg CO2 / mmBtu)""; the file as last modified 5 June 2024 (no later correction recorded)"
epa_hub_steam,US EPA 2024 Table 7,steam_mmbtu:ch4,0.00125,kg CH4 per mmBtu,"US EPA GHG Emission Factors Hub 2024 (""Last Modified: June 5, 2024""), ghg-emission-factors-hub-2024.xlsx; Emission Factors Hub!E402; p. 4; Table 7 Steam and Heat, row ""Steam and Heat"", column ""CH4 Factor (g CH4 / mmBtu)""; the file as last modified 5 June 2024 (no later correction recorded)"
epa_hub_steam,US EPA 2024 Table 7,steam_mmbtu:n2o,0.000125,kg N2O per mmBtu,"US EPA GHG Emission Factors Hub 2024 (""Last Modified: June 5, 2024""), ghg-emission-factors-hub-2024.xlsx; Emission Factors Hub!F402; p. 4; Table 7 Steam and Heat, row ""Steam and Heat"", column ""N2O Factor (g N2O / mmBtu)""; the file as last modified 5 June 2024 (no later correction recorded)"
epa_hub_mobile,US EPA 2024,diesel:co2,10.21,kg CO2/gallon,"US EPA GHG Emission Factors Hub 2024 (Last Modified: June 5, 2024); Emission Factors Hub!D107 p. 2; Table 2 Mobile Combustion CO2, row ""Diesel Fuel"", column ""kg CO2 per unit"""
epa_hub_mobile,US EPA 2024,petrol:co2,8.78,kg CO2/gallon,"US EPA GHG Emission Factors Hub 2024 (Last Modified: June 5, 2024); Emission Factors Hub!D112 p. 2; Table 2 Mobile Combustion CO2, row ""Motor Gasoline"", column ""kg CO2 per unit"""
epa_hub_mobile,US EPA 2024,petrol:light:Gasoline Passenger Cars:Model year 1973-1974:ch4,0.1696,g/vehicle-mile,"US EPA GHG Emission Factors Hub 2024 (Last Modified: June 5, 2024); Emission Factors Hub!E125, Emission Factors Hub!F125 (vehicle Emission Factors Hub!C125, model year Emission Factors Hub!D125) p. 2; Table 3 Mobile Combustion CH4 and N2O for On-Road Gasoline Vehicles, row ""Gasoline Passenger Cars, 1973-1974"", column ""CH4 Factor (g CH4 / vehicle-mile); N2O Factor (g N2O / vehicle-mile)"""
epa_hub_mobile,US EPA 2024,petrol:light:Gasoline Passenger Cars:Model year 1973-1974:n2o,0.0197,g/vehicle-mile,"US EPA GHG Emission Factors Hub 2024 (Last Modified: June 5, 2024); Emission Factors Hub!E125, Emission Factors Hub!F125 (vehicle Emission Factors Hub!C125, model year Emission Factors Hub!D125) p. 2; Table 3 Mobile Combustion CH4 and N2O for On-Road Gasoline Vehicles, row ""Gasoline Passenger Cars, 1973-1974"", column ""CH4 Factor (g CH4 / vehicle-mile); N2O Factor (g N2O / vehicle-mile)"""
epa_hub_mobile,US EPA 2024,petrol:light:Gasoline Passenger Cars:Model year 1975:ch4,0.1423,g/vehicle-mile,"US EPA GHG Emission Factors Hub 2024 (Last Modified: June 5, 2024); Emission Factors Hub!E126, Emission Factors Hub!F126 (vehicle Emission Factors Hub!C125, model year Emission Factors Hub!D126) p. 2; Table 3 Mobile Combustion CH4 and N2O for On-Road Gasoline Vehicles, row ""Gasoline Passenger Cars, 1975"", column ""CH4 Factor (g CH4 / vehicle-mile); N2O Factor (g N2O / vehicle-mile)"""
epa_hub_mobile,US EPA 2024,petrol:light:Gasoline Passenger Cars:Model year 1975:n2o,0.0443,g/vehicle-mile,"US EPA GHG Emission Factors Hub 2024 (Last Modified: June 5, 2024); Emission Factors Hub!E126, Emission Factors Hub!F126 (vehicle Emission Factors Hub!C125, model year Emission Factors Hub!D126) p. 2; Table 3 Mobile Combustion CH4 and N2O for On-Road Gasoline Vehicles, row ""Gasoline Passenger Cars, 1975"", column ""CH4 Factor (g CH4 / vehicle-mile); N2O Factor (g N2O / vehicle-mile)"""
epa_hub_mobile,US EPA 2024,petrol:light:Gasoline Passenger Cars:Model year 1976-1977:ch4,0.1406,g/vehicle-mile,"US EPA GHG Emission Factors Hub 2024 (Last Modified: June 5, 2024); Emission Factors Hub!E127, Emission Factors Hub!F127 (vehicle Emission Factors Hub!C125, model year Emission Factors Hub!D127) p. 2; Table 3 Mobile Combustion CH4 and N2O for On-Road Gasoline Vehicles, row ""Gasoline Passenger Cars, 1976-1977"", column ""CH4 Factor (g CH4 / vehicle-mile); N2O Factor (g N2O / vehicle-mile)"""
epa_hub_mobile,US EPA 2024,petrol:light:Gasoline Passenger Cars:Model year 1976-1977:n2o,0.0458,g/vehicle-mile,"US EPA GHG Emission Factors Hub 2024 (Last Modified: June 5, 2024); Emission Factors Hub!E127, Emission Factors Hub!F127 (vehicle Emission Factors Hub!C125, model year Emission Factors Hub!D127) p. 2; Table 3 Mobile Combustion CH4 and N2O for On-Road Gasoline Vehicles, row ""Gasoline Passenger Cars, 1976-1977"", column ""CH4 Factor (g CH4 / vehicle-mile); N2O Factor (g N2O / vehicle-mile)"""
epa_hub_mobile,US EPA 2024,petrol:light:Gasoline Passenger Cars:Model year 1978-1979:ch4,0.1389,g/vehicle-mile,"US EPA GHG Emission Factors Hub 2024 (Last Modified: June 5, 2024); Emission Factors Hub!E128, Emission Factors Hub!F128 (vehicle Emission Factors Hub!C125, model year Emission Factors Hub!D128) p. 2; Table 3 Mobile Combustion CH4 and N2O for On-Road Gasoline Vehicles, row ""Gasoline Passenger Cars, 1978-1979"", column ""CH4 Factor (g CH4 / vehicle-mile); N2O Factor (g N2O / vehicle-mile)"""
epa_hub_mobile,US EPA 2024,petrol:light:Gasoline Passenger Cars:Model year 1978-1979:n2o,0.0473,g/vehicle-mile,"US EPA GHG Emission Factors Hub 2024 (Last Modified: June 5, 2024); Emission Factors Hub!E128, Emission Factors Hub!F128 (vehicle Emission Factors Hub!C125, model year Emission Factors Hub!D128) p. 2; Table 3 Mobile Combustion CH4 and N2O for On-Road Gasoline Vehicles, row ""Gasoline Passenger Cars, 1978-1979"", column ""CH4 Factor (g CH4 / vehicle-mile); N2O Factor (g N2O / vehicle-mile)"""
epa_hub_mobile,US EPA 2024,petrol:light:Gasoline Passenger Cars:Model year 1980:ch4,0.1326,g/vehicle-mile,"US EPA GHG Emission Factors Hub 2024 (Last Modified: June 5, 2024); Emission Factors Hub!E129, Emission Factors Hub!F129 (vehicle Emission Factors Hub!C125, model year Emission Factors Hub!D129) p. 2; Table 3 Mobile Combustion CH4 and N2O for On-Road Gasoline Vehicles, row ""Gasoline Passenger Cars, 1980"", column ""CH4 Factor (g CH4 / vehicle-mile); N2O Factor (g N2O / vehicle-mile)"""
epa_hub_mobile,US EPA 2024,petrol:light:Gasoline Passenger Cars:Model year 1980:n2o,0.0499,g/vehicle-mile,"US EPA GHG Emission Factors Hub 2024 (Last Modified: June 5, 2024); Emission Factors Hub!E129, Emission Factors Hub!F129 (vehicle Emission Factors Hub!C125, model year Emission Factors Hub!D129) p. 2; Table 3 Mobile Combustion CH4 and N2O for On-Road Gasoline Vehicles, row ""Gasoline Passenger Cars, 1980"", column ""CH4 Factor (g CH4 / vehicle-mile); N2O Factor (g N2O / vehicle-mile)"""
epa_hub_mobile,US EPA 2024,petrol:light:Gasoline Passenger Cars:Model year 1981:ch4,0.0802,g/vehicle-mile,"US EPA GHG Emission Factors Hub 2024 (Last Modified: June 5, 2024); Emission Factors Hub!E130, Emission Factors Hub!F130 (vehicle Emission Factors Hub!C125, model year Emission Factors Hub!D130) p. 2; Table 3 Mobile Combustion CH4 and N2O for On-Road Gasoline Vehicles, row ""Gasoline Passenger Cars, 1981"", column ""CH4 Factor (g CH4 / vehicle-mile); N2O Factor (g N2O / vehicle-mile)"""
epa_hub_mobile,US EPA 2024,petrol:light:Gasoline Passenger Cars:Model year 1981:n2o,0.0626,g/vehicle-mile,"US EPA GHG Emission Factors Hub 2024 (Last Modified: June 5, 2024); Emission Factors Hub!E130, Emission Factors Hub!F130 (vehicle Emission Factors Hub!C125, model year Emission Factors Hub!D130) p. 2; Table 3 Mobile Combustion CH4 and N2O for On-Road Gasoline Vehicles, row ""Gasoline Passenger Cars, 1981"", column ""CH4 Factor (g CH4 / vehicle-mile); N2O Factor (g N2O / vehicle-mile)"""
epa_hub_mobile,US EPA 2024,petrol:light:Gasoline Passenger Cars:Model year 1982:ch4,0.0795,g/vehicle-mile,"US EPA GHG Emission Factors Hub 2024 (Last Modified: June 5, 2024); Emission Factors Hub!E131, Emission Factors Hub!F131 (vehicle Emission Factors Hub!C125, model year Emission Factors Hub!D131) p. 2; Table 3 Mobile Combustion CH4 and N2O for On-Road Gasoline Vehicles, row ""Gasoline Passenger Cars, 1982"", column ""CH4 Factor (g CH4 / vehicle-mile); N2O Factor (g N2O / vehicle-mile)"""
epa_hub_mobile,US EPA 2024,petrol:light:Gasoline Passenger Cars:Model year 1982:n2o,0.0627,g/vehicle-mile,"US EPA GHG Emission Factors Hub 2024 (Last Modified: June 5, 2024); Emission Factors Hub!E131, Emission Factors Hub!F131 (vehicle Emission Factors Hub!C125, model year Emission Factors Hub!D131) p. 2; Table 3 Mobile Combustion CH4 and N2O for On-Road Gasoline Vehicles, row ""Gasoline Passenger Cars, 1982"", column ""CH4 Factor (g CH4 / vehicle-mile); N2O Factor (g N2O / vehicle-mile)"""
epa_hub_mobile,US EPA 2024,petrol:light:Gasoline Passenger Cars:Model year 1983:ch4,0.0782,g/vehicle-mile,"US EPA GHG Emission Factors Hub 2024 (Last Modified: June 5, 2024); Emission Factors Hub!E132, Emission Factors Hub!F132 (vehicle Emission Factors Hub!C125, model year Emission Factors Hub!D132) p. 2; Table 3 Mobile Combustion CH4 and N2O for On-Road Gasoline Vehicles, row ""Gasoline Passenger Cars, 1983"", column ""CH4 Factor (g CH4 / vehicle-mile); N2O Factor (g N2O / vehicle-mile)"""
epa_hub_mobile,US EPA 2024,petrol:light:Gasoline Passenger Cars:Model year 1983:n2o,0.063,g/vehicle-mile,"US EPA GHG Emission Factors Hub 2024 (Last Modified: June 5, 2024); Emission Factors Hub!E132, Emission Factors Hub!F132 (vehicle Emission Factors Hub!C125, model year Emission Factors Hub!D132) p. 2; Table 3 Mobile Combustion CH4 and N2O for On-Road Gasoline Vehicles, row ""Gasoline Passenger Cars, 1983"", column ""CH4 Factor (g CH4 / vehicle-mile); N2O Factor (g N2O / vehicle-mile)"""
epa_hub_mobile,US EPA 2024,petrol:light:Gasoline Passenger Cars:Model year 1984-1993:ch4,0.0704,g/vehicle-mile,"US EPA GHG Emission Factors Hub 2024 (Last Modified: June 5, 2024); Emission Factors Hub!E133, Emission Factors Hub!F133 (vehicle Emission Factors Hub!C125, model year Emission Factors Hub!D133) p. 2; Table 3 Mobile Combustion CH4 and N2O for On-Road Gasoline Vehicles, row ""Gasoline Passenger Cars, 1984-1993"", column ""CH4 Factor (g CH4 / vehicle-mile); N2O Factor (g N2O / vehicle-mile)"""
epa_hub_mobile,US EPA 2024,petrol:light:Gasoline Passenger Cars:Model year 1984-1993:n2o,0.0647,g/vehicle-mile,"US EPA GHG Emission Factors Hub 2024 (Last Modified: June 5, 2024); Emission Factors Hub!E133, Emission Factors Hub!F133 (vehicle Emission Factors Hub!C125, model year Emission Factors Hub!D133) p. 2; Table 3 Mobile Combustion CH4 and N2O for On-Road Gasoline Vehicles, row ""Gasoline Passenger Cars, 1984-1993"", column ""CH4 Factor (g CH4 / vehicle-mile); N2O Factor (g N2O / vehicle-mile)"""
epa_hub_mobile,US EPA 2024,petrol:light:Gasoline Passenger Cars:Model year 1994:ch4,0.0617,g/vehicle-mile,"US EPA GHG Emission Factors Hub 2024 (Last Modified: June 5, 2024); Emission Factors Hub!E134, Emission Factors Hub!F134 (vehicle Emission Factors Hub!C125, model year Emission Factors Hub!D134) p. 2; Table 3 Mobile Combustion CH4 and N2O for On-Road Gasoline Vehicles, row ""Gasoline Passenger Cars, 1994"", column ""CH4 Factor (g CH4 / vehicle-mile); N2O Factor (g N2O / vehicle-mile)"""
epa_hub_mobile,US EPA 2024,petrol:light:Gasoline Passenger Cars:Model year 1994:n2o,0.0603,g/vehicle-mile,"US EPA GHG Emission Factors Hub 2024 (Last Modified: June 5, 2024); Emission Factors Hub!E134, Emission Factors Hub!F134 (vehicle Emission Factors Hub!C125, model year Emission Factors Hub!D134) p. 2; Table 3 Mobile Combustion CH4 and N2O for On-Road Gasoline Vehicles, row ""Gasoline Passenger Cars, 1994"", column ""CH4 Factor (g CH4 / vehicle-mile); N2O Factor (g N2O / vehicle-mile)"""
epa_hub_mobile,US EPA 2024,petrol:light:Gasoline Passenger Cars:Model year 1995:ch4,0.0531,g/vehicle-mile,"US EPA GHG Emission Factors Hub 2024 (Last Modified: June 5, 2024); Emission Factors Hub!E135, Emission Factors Hub!F135 (vehicle Emission Factors Hub!C125, model year Emission Factors Hub!D135) p. 2; Table 3 Mobile Combustion CH4 and N2O for On-Road Gasoline Vehicles, row ""Gasoline Passenger Cars, 1995"", column ""CH4 Factor (g CH4 / vehicle-mile); N2O Factor (g N2O / vehicle-mile)"""
epa_hub_mobile,US EPA 2024,petrol:light:Gasoline Passenger Cars:Model year 1995:n2o,0.056,g/vehicle-mile,"US EPA GHG Emission Factors Hub 2024 (Last Modified: June 5, 2024); Emission Factors Hub!E135, Emission Factors Hub!F135 (vehicle Emission Factors Hub!C125, model year Emission Factors Hub!D135) p. 2; Table 3 Mobile Combustion CH4 and N2O for On-Road Gasoline Vehicles, row ""Gasoline Passenger Cars, 1995"", column ""CH4 Factor (g CH4 / vehicle-mile); N2O Factor (g N2O / vehicle-mile)"""
epa_hub_mobile,US EPA 2024,petrol:light:Gasoline Passenger Cars:Model year 1996:ch4,0.0434,g/vehicle-mile,"US EPA GHG Emission Factors Hub 2024 (Last Modified: June 5, 2024); Emission Factors Hub!E136, Emission Factors Hub!F136 (vehicle Emission Factors Hub!C125, model year Emission Factors Hub!D136) p. 2; Table 3 Mobile Combustion CH4 and N2O for On-Road Gasoline Vehicles, row ""Gasoline Passenger Cars, 1996"", column ""CH4 Factor (g CH4 / vehicle-mile); N2O Factor (g N2O / vehicle-mile)"""
epa_hub_mobile,US EPA 2024,petrol:light:Gasoline Passenger Cars:Model year 1996:n2o,0.0503,g/vehicle-mile,"US EPA GHG Emission Factors Hub 2024 (Last Modified: June 5, 2024); Emission Factors Hub!E136, Emission Factors Hub!F136 (vehicle Emission Factors Hub!C125, model year Emission Factors Hub!D136) p. 2; Table 3 Mobile Combustion CH4 and N2O for On-Road Gasoline Vehicles, row ""Gasoline Passenger Cars, 1996"", column ""CH4 Factor (g CH4 / vehicle-mile); N2O Factor (g N2O / vehicle-mile)"""
epa_hub_mobile,US EPA 2024,petrol:light:Gasoline Passenger Cars:Model year 1997:ch4,0.0337,g/vehicle-mile,"US EPA GHG Emission Factors Hub 2024 (Last Modified: June 5, 2024); Emission Factors Hub!E137, Emission Factors Hub!F137 (vehicle Emission Factors Hub!C125, model year Emission Factors Hub!D137) p. 2; Table 3 Mobile Combustion CH4 and N2O for On-Road Gasoline Vehicles, row ""Gasoline Passenger Cars, 1997"", column ""CH4 Factor (g CH4 / vehicle-mile); N2O Factor (g N2O / vehicle-mile)"""
epa_hub_mobile,US EPA 2024,petrol:light:Gasoline Passenger Cars:Model year 1997:n2o,0.0446,g/vehicle-mile,"US EPA GHG Emission Factors Hub 2024 (Last Modified: June 5, 2024); Emission Factors Hub!E137, Emission Factors Hub!F137 (vehicle Emission Factors Hub!C125, model year Emission Factors Hub!D137) p. 2; Table 3 Mobile Combustion CH4 and N2O for On-Road Gasoline Vehicles, row ""Gasoline Passenger Cars, 1997"", column ""CH4 Factor (g CH4 / vehicle-mile); N2O Factor (g N2O / vehicle-mile)"""
epa_hub_mobile,US EPA 2024,petrol:light:Gasoline Passenger Cars:Model year 1998:ch4,0.024,g/vehicle-mile,"US EPA GHG Emission Factors Hub 2024 (Last Modified: June 5, 2024); Emission Factors Hub!E138, Emission Factors Hub!F138 (vehicle Emission Factors Hub!C125, model year Emission Factors Hub!D138) p. 2; Table 3 Mobile Combustion CH4 and N2O for On-Road Gasoline Vehicles, row ""Gasoline Passenger Cars, 1998"", column ""CH4 Factor (g CH4 / vehicle-mile); N2O Factor (g N2O / vehicle-mile)"""
epa_hub_mobile,US EPA 2024,petrol:light:Gasoline Passenger Cars:Model year 1998:n2o,0.0389,g/vehicle-mile,"US EPA GHG Emission Factors Hub 2024 (Last Modified: June 5, 2024); Emission Factors Hub!E138, Emission Factors Hub!F138 (vehicle Emission Factors Hub!C125, model year Emission Factors Hub!D138) p. 2; Table 3 Mobile Combustion CH4 and N2O for On-Road Gasoline Vehicles, row ""Gasoline Passenger Cars, 1998"", column ""CH4 Factor (g CH4 / vehicle-mile); N2O Factor (g N2O / vehicle-mile)"""
epa_hub_mobile,US EPA 2024,petrol:light:Gasoline Passenger Cars:Model year 1999:ch4,0.0215,g/vehicle-mile,"US EPA GHG Emission Factors Hub 2024 (Last Modified: June 5, 2024); Emission Factors Hub!E139, Emission Factors Hub!F139 (vehicle Emission Factors Hub!C125, model year Emission Factors Hub!D139) p. 2; Table 3 Mobile Combustion CH4 and N2O for On-Road Gasoline Vehicles, row ""Gasoline Passenger Cars, 1999"", column ""CH4 Factor (g CH4 / vehicle-mile); N2O Factor (g N2O / vehicle-mile)"""
epa_hub_mobile,US EPA 2024,petrol:light:Gasoline Passenger Cars:Model year 1999:n2o,0.0355,g/vehicle-mile,"US EPA GHG Emission Factors Hub 2024 (Last Modified: June 5, 2024); Emission Factors Hub!E139, Emission Factors Hub!F139 (vehicle Emission Factors Hub!C125, model year Emission Factors Hub!D139) p. 2; Table 3 Mobile Combustion CH4 and N2O for On-Road Gasoline Vehicles, row ""Gasoline Passenger Cars, 1999"", column ""CH4 Factor (g CH4 / vehicle-mile); N2O Factor (g N2O / vehicle-mile)"""
epa_hub_mobile,US EPA 2024,petrol:light:Gasoline Passenger Cars:Model year 2000:ch4,0.0175,g/vehicle-mile,"US EPA GHG Emission Factors Hub 2024 (Last Modified: June 5, 2024); Emission Factors Hub!E140, Emission Factors Hub!F140 (vehicle Emission Factors Hub!C125, model year Emission Factors Hub!D140) p. 2; Table 3 Mobile Combustion CH4 and N2O for On-Road Gasoline Vehicles, row ""Gasoline Passenger Cars, 2000"", column ""CH4 Factor (g CH4 / vehicle-mile); N2O Factor (g N2O / vehicle-mile)"""
epa_hub_mobile,US EPA 2024,petrol:light:Gasoline Passenger Cars:Model year 2000:n2o,0.0304,g/vehicle-mile,"US EPA GHG Emission Factors Hub 2024 (Last Modified: June 5, 2024); Emission Factors Hub!E140, Emission Factors Hub!F140 (vehicle Emission Factors Hub!C125, model year Emission Factors Hub!D140) p. 2; Table 3 Mobile Combustion CH4 and N2O for On-Road Gasoline Vehicles, row ""Gasoline Passenger Cars, 2000"", column ""CH4 Factor (g CH4 / vehicle-mile); N2O Factor (g N2O / vehicle-mile)"""
epa_hub_mobile,US EPA 2024,petrol:light:Gasoline Passenger Cars:Model year 2001:ch4,0.0105,g/vehicle-mile,"US EPA GHG Emission Factors Hub 2024 (Last Modified: June 5, 2024); Emission Factors Hub!E141, Emission Factors Hub!F141 (vehicle Emission Factors Hub!C125, model year Emission Factors Hub!D141) p. 2; Table 3 Mobile Combustion CH4 and N2O for On-Road Gasoline Vehicles, row ""Gasoline Passenger Cars, 2001"", column ""CH4 Factor (g CH4 / vehicle-mile); N2O Factor (g N2O / vehicle-mile)"""
epa_hub_mobile,US EPA 2024,petrol:light:Gasoline Passenger Cars:Model year 2001:n2o,0.0212,g/vehicle-mile,"US EPA GHG Emission Factors Hub 2024 (Last Modified: June 5, 2024); Emission Factors Hub!E141, Emission Factors Hub!F141 (vehicle Emission Factors Hub!C125, model year Emission Factors Hub!D141) p. 2; Table 3 Mobile Combustion CH4 and N2O for On-Road Gasoline Vehicles, row ""Gasoline Passenger Cars, 2001"", column ""CH4 Factor (g CH4 / vehicle-mile); N2O Factor (g N2O / vehicle-mile)"""
epa_hub_mobile,US EPA 2024,petrol:light:Gasoline Passenger Cars:Model year 2002:ch4,0.0102,g/vehicle-mile,"US EPA GHG Emission Factors Hub 2024 (Last Modified: June 5, 2024); Emission Factors Hub!E142, Emission Factors Hub!F142 (vehicle Emission Factors Hub!C125, model year Emission Factors Hub!D142) p. 2; Table 3 Mobile Combustion CH4 and N2O for On-Road Gasoline Vehicles, row ""Gasoline Passenger Cars, 2002"", column ""CH4 Factor (g CH4 / vehicle-mile); N2O Factor (g N2O / vehicle-mile)"""
epa_hub_mobile,US EPA 2024,petrol:light:Gasoline Passenger Cars:Model year 2002:n2o,0.0207,g/vehicle-mile,"US EPA GHG Emission Factors Hub 2024 (Last Modified: June 5, 2024); Emission Factors Hub!E142, Emission Factors Hub!F142 (vehicle Emission Factors Hub!C125, model year Emission Factors Hub!D142) p. 2; Table 3 Mobile Combustion CH4 and N2O for On-Road Gasoline Vehicles, row ""Gasoline Passenger Cars, 2002"", column ""CH4 Factor (g CH4 / vehicle-mile); N2O Factor (g N2O / vehicle-mile)"""
epa_hub_mobile,US EPA 2024,petrol:light:Gasoline Passenger Cars:Model year 2003:ch4,0.0095,g/vehicle-mile,"US EPA GHG Emission Factors Hub 2024 (Last Modified: June 5, 2024); Emission Factors Hub!E143, Emission Factors Hub!F143 (vehicle Emission Factors Hub!C125, model year Emission Factors Hub!D143) p. 2; Table 3 Mobile Combustion CH4 and N2O for On-Road Gasoline Vehicles, row ""Gasoline Passenger Cars, 2003"", column ""CH4 Factor (g CH4 / vehicle-mile); N2O Factor (g N2O / vehicle-mile)"""
epa_hub_mobile,US EPA 2024,petrol:light:Gasoline Passenger Cars:Model year 2003:n2o,0.0181,g/vehicle-mile,"US EPA GHG Emission Factors Hub 2024 (Last Modified: June 5, 2024); Emission Factors Hub!E143, Emission Factors Hub!F143 (vehicle Emission Factors Hub!C125, model year Emission Factors Hub!D143) p. 2; Table 3 Mobile Combustion CH4 and N2O for On-Road Gasoline Vehicles, row ""Gasoline Passenger Cars, 2003"", column ""CH4 Factor (g CH4 / vehicle-mile); N2O Factor (g N2O / vehicle-mile)"""
epa_hub_mobile,US EPA 2024,petrol:light:Gasoline Passenger Cars:Model year 2004:ch4,0.0078,g/vehicle-mile,"US EPA GHG Emission Factors Hub 2024 (Last Modified: June 5, 2024); Emission Factors Hub!E144, Emission Factors Hub!F144 (vehicle Emission Factors Hub!C125, model year Emission Factors Hub!D144) p. 2; Table 3 Mobile Combustion CH4 and N2O for On-Road Gasoline Vehicles, row ""Gasoline Passenger Cars, 2004"", column ""CH4 Factor (g CH4 / vehicle-mile); N2O Factor (g N2O / vehicle-mile)"""
epa_hub_mobile,US EPA 2024,petrol:light:Gasoline Passenger Cars:Model year 2004:n2o,0.0085,g/vehicle-mile,"US EPA GHG Emission Factors Hub 2024 (Last Modified: June 5, 2024); Emission Factors Hub!E144, Emission Factors Hub!F144 (vehicle Emission Factors Hub!C125, model year Emission Factors Hub!D144) p. 2; Table 3 Mobile Combustion CH4 and N2O for On-Road Gasoline Vehicles, row ""Gasoline Passenger Cars, 2004"", column ""CH4 Factor (g CH4 / vehicle-mile); N2O Factor (g N2O / vehicle-mile)"""
epa_hub_mobile,US EPA 2024,petrol:light:Gasoline Passenger Cars:Model year 2005:ch4,0.0075,g/vehicle-mile,"US EPA GHG Emission Factors Hub 2024 (Last Modified: June 5, 2024); Emission Factors Hub!E145, Emission Factors Hub!F145 (vehicle Emission Factors Hub!C125, model year Emission Factors Hub!D145) p. 2; Table 3 Mobile Combustion CH4 and N2O for On-Road Gasoline Vehicles, row ""Gasoline Passenger Cars, 2005"", column ""CH4 Factor (g CH4 / vehicle-mile); N2O Factor (g N2O / vehicle-mile)"""
epa_hub_mobile,US EPA 2024,petrol:light:Gasoline Passenger Cars:Model year 2005:n2o,0.0067,g/vehicle-mile,"US EPA GHG Emission Factors Hub 2024 (Last Modified: June 5, 2024); Emission Factors Hub!E145, Emission Factors Hub!F145 (vehicle Emission Factors Hub!C125, model year Emission Factors Hub!D145) p. 2; Table 3 Mobile Combustion CH4 and N2O for On-Road Gasoline Vehicles, row ""Gasoline Passenger Cars, 2005"", column ""CH4 Factor (g CH4 / vehicle-mile); N2O Factor (g N2O / vehicle-mile)"""
epa_hub_mobile,US EPA 2024,petrol:light:Gasoline Passenger Cars:Model year 2006:ch4,0.0076,g/vehicle-mile,"US EPA GHG Emission Factors Hub 2024 (Last Modified: June 5, 2024); Emission Factors Hub!E146, Emission Factors Hub!F146 (vehicle Emission Factors Hub!C125, model year Emission Factors Hub!D146) p. 2; Table 3 Mobile Combustion CH4 and N2O for On-Road Gasoline Vehicles, row ""Gasoline Passenger Cars, 2006"", column ""CH4 Factor (g CH4 / vehicle-mile); N2O Factor (g N2O / vehicle-mile)"""
epa_hub_mobile,US EPA 2024,petrol:light:Gasoline Passenger Cars:Model year 2006:n2o,0.0075,g/vehicle-mile,"US EPA GHG Emission Factors Hub 2024 (Last Modified: June 5, 2024); Emission Factors Hub!E146, Emission Factors Hub!F146 (vehicle Emission Factors Hub!C125, model year Emission Factors Hub!D146) p. 2; Table 3 Mobile Combustion CH4 and N2O for On-Road Gasoline Vehicles, row ""Gasoline Passenger Cars, 2006"", column ""CH4 Factor (g CH4 / vehicle-mile); N2O Factor (g N2O / vehicle-mile)"""
epa_hub_mobile,US EPA 2024,petrol:light:Gasoline Passenger Cars:Model year 2007:ch4,0.0072,g/vehicle-mile,"US EPA GHG Emission Factors Hub 2024 (Last Modified: June 5, 2024); Emission Factors Hub!E147, Emission Factors Hub!F147 (vehicle Emission Factors Hub!C125, model year Emission Factors Hub!D147) p. 2; Table 3 Mobile Combustion CH4 and N2O for On-Road Gasoline Vehicles, row ""Gasoline Passenger Cars, 2007"", column ""CH4 Factor (g CH4 / vehicle-mile); N2O Factor (g N2O / vehicle-mile)"""
epa_hub_mobile,US EPA 2024,petrol:light:Gasoline Passenger Cars:Model year 2007:n2o,0.0052,g/vehicle-mile,"US EPA GHG Emission Factors Hub 2024 (Last Modified: June 5, 2024); Emission Factors Hub!E147, Emission Factors Hub!F147 (vehicle Emission Factors Hub!C125, model year Emission Factors Hub!D147) p. 2; Table 3 Mobile Combustion CH4 and N2O for On-Road Gasoline Vehicles, row ""Gasoline Passenger Cars, 2007"", column ""CH4 Factor (g CH4 / vehicle-mile); N2O Factor (g N2O / vehicle-mile)"""
epa_hub_mobile,US EPA 2024,petrol:light:Gasoline Passenger Cars:Model year 2008:ch4,0.0072,g/vehicle-mile,"US EPA GHG Emission Factors Hub 2024 (Last Modified: June 5, 2024); Emission Factors Hub!E148, Emission Factors Hub!F148 (vehicle Emission Factors Hub!C125, model year Emission Factors Hub!D148) p. 2; Table 3 Mobile Combustion CH4 and N2O for On-Road Gasoline Vehicles, row ""Gasoline Passenger Cars, 2008"", column ""CH4 Factor (g CH4 / vehicle-mile); N2O Factor (g N2O / vehicle-mile)"""
epa_hub_mobile,US EPA 2024,petrol:light:Gasoline Passenger Cars:Model year 2008:n2o,0.0049,g/vehicle-mile,"US EPA GHG Emission Factors Hub 2024 (Last Modified: June 5, 2024); Emission Factors Hub!E148, Emission Factors Hub!F148 (vehicle Emission Factors Hub!C125, model year Emission Factors Hub!D148) p. 2; Table 3 Mobile Combustion CH4 and N2O for On-Road Gasoline Vehicles, row ""Gasoline Passenger Cars, 2008"", column ""CH4 Factor (g CH4 / vehicle-mile); N2O Factor (g N2O / vehicle-mile)"""
epa_hub_mobile,US EPA 2024,petrol:light:Gasoline Passenger Cars:Model year 2009:ch4,0.0071,g/vehicle-mile,"US EPA GHG Emission Factors Hub 2024 (Last Modified: June 5, 2024); Emission Factors Hub!E149, Emission Factors Hub!F149 (vehicle Emission Factors Hub!C125, model year Emission Factors Hub!D149) p. 2; Table 3 Mobile Combustion CH4 and N2O for On-Road Gasoline Vehicles, row ""Gasoline Passenger Cars, 2009"", column ""CH4 Factor (g CH4 / vehicle-mile); N2O Factor (g N2O / vehicle-mile)"""
epa_hub_mobile,US EPA 2024,petrol:light:Gasoline Passenger Cars:Model year 2009:n2o,0.0046,g/vehicle-mile,"US EPA GHG Emission Factors Hub 2024 (Last Modified: June 5, 2024); Emission Factors Hub!E149, Emission Factors Hub!F149 (vehicle Emission Factors Hub!C125, model year Emission Factors Hub!D149) p. 2; Table 3 Mobile Combustion CH4 and N2O for On-Road Gasoline Vehicles, row ""Gasoline Passenger Cars, 2009"", column ""CH4 Factor (g CH4 / vehicle-mile); N2O Factor (g N2O / vehicle-mile)"""
epa_hub_mobile,US EPA 2024,petrol:light:Gasoline Passenger Cars:Model year 2010:ch4,0.0071,g/vehicle-mile,"US EPA GHG Emission Factors Hub 2024 (Last Modified: June 5, 2024); Emission Factors Hub!E150, Emission Factors Hub!F150 (vehicle Emission Factors Hub!C125, model year Emission Factors Hub!D150) p. 2; Table 3 Mobile Combustion CH4 and N2O for On-Road Gasoline Vehicles, row ""Gasoline Passenger Cars, 2010"", column ""CH4 Factor (g CH4 / vehicle-mile); N2O Factor (g N2O / vehicle-mile)"""
epa_hub_mobile,US EPA 2024,petrol:light:Gasoline Passenger Cars:Model year 2010:n2o,0.0046,g/vehicle-mile,"US EPA GHG Emission Factors Hub 2024 (Last Modified: June 5, 2024); Emission Factors Hub!E150, Emission Factors Hub!F150 (vehicle Emission Factors Hub!C125, model year Emission Factors Hub!D150) p. 2; Table 3 Mobile Combustion CH4 and N2O for On-Road Gasoline Vehicles, row ""Gasoline Passenger Cars, 2010"", column ""CH4 Factor (g CH4 / vehicle-mile); N2O Factor (g N2O / vehicle-mile)"""
epa_hub_mobile,US EPA 2024,petrol:light:Gasoline Passenger Cars:Model year 2011:ch4,0.0071,g/vehicle-mile,"US EPA GHG Emission Factors Hub 2024 (Last Modified: June 5, 2024); Emission Factors Hub!E151, Emission Factors Hub!F151 (vehicle Emission Factors Hub!C125, model year Emission Factors Hub!D151) p. 2; Table 3 Mobile Combustion CH4 and N2O for On-Road Gasoline Vehicles, row ""Gasoline Passenger Cars, 2011"", column ""CH4 Factor (g CH4 / vehicle-mile); N2O Factor (g N2O / vehicle-mile)"""
epa_hub_mobile,US EPA 2024,petrol:light:Gasoline Passenger Cars:Model year 2011:n2o,0.0046,g/vehicle-mile,"US EPA GHG Emission Factors Hub 2024 (Last Modified: June 5, 2024); Emission Factors Hub!E151, Emission Factors Hub!F151 (vehicle Emission Factors Hub!C125, model year Emission Factors Hub!D151) p. 2; Table 3 Mobile Combustion CH4 and N2O for On-Road Gasoline Vehicles, row ""Gasoline Passenger Cars, 2011"", column ""CH4 Factor (g CH4 / vehicle-mile); N2O Factor (g N2O / vehicle-mile)"""
epa_hub_mobile,US EPA 2024,petrol:light:Gasoline Passenger Cars:Model year 2012:ch4,0.0071,g/vehicle-mile,"US EPA GHG Emission Factors Hub 2024 (Last Modified: June 5, 2024); Emission Factors Hub!E152, Emission Factors Hub!F152 (vehicle Emission Factors Hub!C125, model year Emission Factors Hub!D152) p. 2; Table 3 Mobile Combustion CH4 and N2O for On-Road Gasoline Vehicles, row ""Gasoline Passenger Cars, 2012"", column ""CH4 Factor (g CH4 / vehicle-mile); N2O Factor (g N2O / vehicle-mile)"""
epa_hub_mobile,US EPA 2024,petrol:light:Gasoline Passenger Cars:Model year 2012:n2o,0.0046,g/vehicle-mile,"US EPA GHG Emission Factors Hub 2024 (Last Modified: June 5, 2024); Emission Factors Hub!E152, Emission Factors Hub!F152 (vehicle Emission Factors Hub!C125, model year Emission Factors Hub!D152) p. 2; Table 3 Mobile Combustion CH4 and N2O for On-Road Gasoline Vehicles, row ""Gasoline Passenger Cars, 2012"", column ""CH4 Factor (g CH4 / vehicle-mile); N2O Factor (g N2O / vehicle-mile)"""
epa_hub_mobile,US EPA 2024,petrol:light:Gasoline Passenger Cars:Model year 2013:ch4,0.0071,g/vehicle-mile,"US EPA GHG Emission Factors Hub 2024 (Last Modified: June 5, 2024); Emission Factors Hub!E153, Emission Factors Hub!F153 (vehicle Emission Factors Hub!C125, model year Emission Factors Hub!D153) p. 2; Table 3 Mobile Combustion CH4 and N2O for On-Road Gasoline Vehicles, row ""Gasoline Passenger Cars, 2013"", column ""CH4 Factor (g CH4 / vehicle-mile); N2O Factor (g N2O / vehicle-mile)"""
epa_hub_mobile,US EPA 2024,petrol:light:Gasoline Passenger Cars:Model year 2013:n2o,0.0046,g/vehicle-mile,"US EPA GHG Emission Factors Hub 2024 (Last Modified: June 5, 2024); Emission Factors Hub!E153, Emission Factors Hub!F153 (vehicle Emission Factors Hub!C125, model year Emission Factors Hub!D153) p. 2; Table 3 Mobile Combustion CH4 and N2O for On-Road Gasoline Vehicles, row ""Gasoline Passenger Cars, 2013"", column ""CH4 Factor (g CH4 / vehicle-mile); N2O Factor (g N2O / vehicle-mile)"""
epa_hub_mobile,US EPA 2024,petrol:light:Gasoline Passenger Cars:Model year 2014:ch4,0.0071,g/vehicle-mile,"US EPA GHG Emission Factors Hub 2024 (Last Modified: June 5, 2024); Emission Factors Hub!E154, Emission Factors Hub!F154 (vehicle Emission Factors Hub!C125, model year Emission Factors Hub!D154) p. 2; Table 3 Mobile Combustion CH4 and N2O for On-Road Gasoline Vehicles, row ""Gasoline Passenger Cars, 2014"", column ""CH4 Factor (g CH4 / vehicle-mile); N2O Factor (g N2O / vehicle-mile)"""
epa_hub_mobile,US EPA 2024,petrol:light:Gasoline Passenger Cars:Model year 2014:n2o,0.0046,g/vehicle-mile,"US EPA GHG Emission Factors Hub 2024 (Last Modified: June 5, 2024); Emission Factors Hub!E154, Emission Factors Hub!F154 (vehicle Emission Factors Hub!C125, model year Emission Factors Hub!D154) p. 2; Table 3 Mobile Combustion CH4 and N2O for On-Road Gasoline Vehicles, row ""Gasoline Passenger Cars, 2014"", column ""CH4 Factor (g CH4 / vehicle-mile); N2O Factor (g N2O / vehicle-mile)"""
epa_hub_mobile,US EPA 2024,petrol:light:Gasoline Passenger Cars:Model year 2015:ch4,0.0068,g/vehicle-mile,"US EPA GHG Emission Factors Hub 2024 (Last Modified: June 5, 2024); Emission Factors Hub!E155, Emission Factors Hub!F155 (vehicle Emission Factors Hub!C125, model year Emission Factors Hub!D155) p. 2; Table 3 Mobile Combustion CH4 and N2O for On-Road Gasoline Vehicles, row ""Gasoline Passenger Cars, 2015"", column ""CH4 Factor (g CH4 / vehicle-mile); N2O Factor (g N2O / vehicle-mile)"""
epa_hub_mobile,US EPA 2024,petrol:light:Gasoline Passenger Cars:Model year 2015:n2o,0.0042,g/vehicle-mile,"US EPA GHG Emission Factors Hub 2024 (Last Modified: June 5, 2024); Emission Factors Hub!E155, Emission Factors Hub!F155 (vehicle Emission Factors Hub!C125, model year Emission Factors Hub!D155) p. 2; Table 3 Mobile Combustion CH4 and N2O for On-Road Gasoline Vehicles, row ""Gasoline Passenger Cars, 2015"", column ""CH4 Factor (g CH4 / vehicle-mile); N2O Factor (g N2O / vehicle-mile)"""
epa_hub_mobile,US EPA 2024,petrol:light:Gasoline Passenger Cars:Model year 2016:ch4,0.0065,g/vehicle-mile,"US EPA GHG Emission Factors Hub 2024 (Last Modified: June 5, 2024); Emission Factors Hub!E156, Emission Factors Hub!F156 (vehicle Emission Factors Hub!C125, model year Emission Factors Hub!D156) p. 2; Table 3 Mobile Combustion CH4 and N2O for On-Road Gasoline Vehicles, row ""Gasoline Passenger Cars, 2016"", column ""CH4 Factor (g CH4 / vehicle-mile); N2O Factor (g N2O / vehicle-mile)"""
epa_hub_mobile,US EPA 2024,petrol:light:Gasoline Passenger Cars:Model year 2016:n2o,0.0038,g/vehicle-mile,"US EPA GHG Emission Factors Hub 2024 (Last Modified: June 5, 2024); Emission Factors Hub!E156, Emission Factors Hub!F156 (vehicle Emission Factors Hub!C125, model year Emission Factors Hub!D156) p. 2; Table 3 Mobile Combustion CH4 and N2O for On-Road Gasoline Vehicles, row ""Gasoline Passenger Cars, 2016"", column ""CH4 Factor (g CH4 / vehicle-mile); N2O Factor (g N2O / vehicle-mile)"""
epa_hub_mobile,US EPA 2024,petrol:light:Gasoline Passenger Cars:Model year 2017:ch4,0.0054,g/vehicle-mile,"US EPA GHG Emission Factors Hub 2024 (Last Modified: June 5, 2024); Emission Factors Hub!E157, Emission Factors Hub!F157 (vehicle Emission Factors Hub!C125, model year Emission Factors Hub!D157) p. 2; Table 3 Mobile Combustion CH4 and N2O for On-Road Gasoline Vehicles, row ""Gasoline Passenger Cars, 2017"", column ""CH4 Factor (g CH4 / vehicle-mile); N2O Factor (g N2O / vehicle-mile)"""
epa_hub_mobile,US EPA 2024,petrol:light:Gasoline Passenger Cars:Model year 2017:n2o,0.0018,g/vehicle-mile,"US EPA GHG Emission Factors Hub 2024 (Last Modified: June 5, 2024); Emission Factors Hub!E157, Emission Factors Hub!F157 (vehicle Emission Factors Hub!C125, model year Emission Factors Hub!D157) p. 2; Table 3 Mobile Combustion CH4 and N2O for On-Road Gasoline Vehicles, row ""Gasoline Passenger Cars, 2017"", column ""CH4 Factor (g CH4 / vehicle-mile); N2O Factor (g N2O / vehicle-mile)"""
epa_hub_mobile,US EPA 2024,petrol:light:Gasoline Passenger Cars:Model year 2018:ch4,0.0052,g/vehicle-mile,"US EPA GHG Emission Factors Hub 2024 (Last Modified: June 5, 2024); Emission Factors Hub!E158, Emission Factors Hub!F158 (vehicle Emission Factors Hub!C125, model year Emission Factors Hub!D158) p. 2; Table 3 Mobile Combustion CH4 and N2O for On-Road Gasoline Vehicles, row ""Gasoline Passenger Cars, 2018"", column ""CH4 Factor (g CH4 / vehicle-mile); N2O Factor (g N2O / vehicle-mile)"""
epa_hub_mobile,US EPA 2024,petrol:light:Gasoline Passenger Cars:Model year 2018:n2o,0.0016,g/vehicle-mile,"US EPA GHG Emission Factors Hub 2024 (Last Modified: June 5, 2024); Emission Factors Hub!E158, Emission Factors Hub!F158 (vehicle Emission Factors Hub!C125, model year Emission Factors Hub!D158) p. 2; Table 3 Mobile Combustion CH4 and N2O for On-Road Gasoline Vehicles, row ""Gasoline Passenger Cars, 2018"", column ""CH4 Factor (g CH4 / vehicle-mile); N2O Factor (g N2O / vehicle-mile)"""
epa_hub_mobile,US EPA 2024,petrol:light:Gasoline Passenger Cars:Model year 2019:ch4,0.0051,g/vehicle-mile,"US EPA GHG Emission Factors Hub 2024 (Last Modified: June 5, 2024); Emission Factors Hub!E159, Emission Factors Hub!F159 (vehicle Emission Factors Hub!C125, model year Emission Factors Hub!D159) p. 2; Table 3 Mobile Combustion CH4 and N2O for On-Road Gasoline Vehicles, row ""Gasoline Passenger Cars, 2019"", column ""CH4 Factor (g CH4 / vehicle-mile); N2O Factor (g N2O / vehicle-mile)"""
epa_hub_mobile,US EPA 2024,petrol:light:Gasoline Passenger Cars:Model year 2019:n2o,0.0015,g/vehicle-mile,"US EPA GHG Emission Factors Hub 2024 (Last Modified: June 5, 2024); Emission Factors Hub!E159, Emission Factors Hub!F159 (vehicle Emission Factors Hub!C125, model year Emission Factors Hub!D159) p. 2; Table 3 Mobile Combustion CH4 and N2O for On-Road Gasoline Vehicles, row ""Gasoline Passenger Cars, 2019"", column ""CH4 Factor (g CH4 / vehicle-mile); N2O Factor (g N2O / vehicle-mile)"""
epa_hub_mobile,US EPA 2024,petrol:light:Gasoline Passenger Cars:Model year 2020:ch4,0.005,g/vehicle-mile,"US EPA GHG Emission Factors Hub 2024 (Last Modified: June 5, 2024); Emission Factors Hub!E160, Emission Factors Hub!F160 (vehicle Emission Factors Hub!C125, model year Emission Factors Hub!D160) p. 2; Table 3 Mobile Combustion CH4 and N2O for On-Road Gasoline Vehicles, row ""Gasoline Passenger Cars, 2020"", column ""CH4 Factor (g CH4 / vehicle-mile); N2O Factor (g N2O / vehicle-mile)"""
epa_hub_mobile,US EPA 2024,petrol:light:Gasoline Passenger Cars:Model year 2020:n2o,0.0014,g/vehicle-mile,"US EPA GHG Emission Factors Hub 2024 (Last Modified: June 5, 2024); Emission Factors Hub!E160, Emission Factors Hub!F160 (vehicle Emission Factors Hub!C125, model year Emission Factors Hub!D160) p. 2; Table 3 Mobile Combustion CH4 and N2O for On-Road Gasoline Vehicles, row ""Gasoline Passenger Cars, 2020"", column ""CH4 Factor (g CH4 / vehicle-mile); N2O Factor (g N2O / vehicle-mile)"""
epa_hub_mobile,US EPA 2024,petrol:light:Gasoline Passenger Cars:Model year 2021:ch4,0.0051,g/vehicle-mile,"US EPA GHG Emission Factors Hub 2024 (Last Modified: June 5, 2024); Emission Factors Hub!E161, Emission Factors Hub!F161 (vehicle Emission Factors Hub!C125, model year Emission Factors Hub!D161) p. 2; Table 3 Mobile Combustion CH4 and N2O for On-Road Gasoline Vehicles, row ""Gasoline Passenger Cars, 2021"", column ""CH4 Factor (g CH4 / vehicle-mile); N2O Factor (g N2O / vehicle-mile)"""
epa_hub_mobile,US EPA 2024,petrol:light:Gasoline Passenger Cars:Model year 2021:n2o,0.0014,g/vehicle-mile,"US EPA GHG Emission Factors Hub 2024 (Last Modified: June 5, 2024); Emission Factors Hub!E161, Emission Factors Hub!F161 (vehicle Emission Factors Hub!C125, model year Emission Factors Hub!D161) p. 2; Table 3 Mobile Combustion CH4 and N2O for On-Road Gasoline Vehicles, row ""Gasoline Passenger Cars, 2021"", column ""CH4 Factor (g CH4 / vehicle-mile); N2O Factor (g N2O / vehicle-mile)"""
epa_hub_mobile,US EPA 2024,petrol:light:Gasoline Light-Duty Trucks:Model year 1973-1974:ch4,0.1908,g/vehicle-mile,"US EPA GHG Emission Factors Hub 2024 (Last Modified: June 5, 2024); Emission Factors Hub!E162, Emission Factors Hub!F162 (vehicle Emission Factors Hub!C162, model year Emission Factors Hub!D162) p. 2; Table 3 Mobile Combustion CH4 and N2O for On-Road Gasoline Vehicles, row ""Gasoline Light-Duty Trucks, 1973-1974"", column ""CH4 Factor (g CH4 / vehicle-mile); N2O Factor (g N2O / vehicle-mile)"""
epa_hub_mobile,US EPA 2024,petrol:light:Gasoline Light-Duty Trucks:Model year 1973-1974:n2o,0.0218,g/vehicle-mile,"US EPA GHG Emission Factors Hub 2024 (Last Modified: June 5, 2024); Emission Factors Hub!E162, Emission Factors Hub!F162 (vehicle Emission Factors Hub!C162, model year Emission Factors Hub!D162) p. 2; Table 3 Mobile Combustion CH4 and N2O for On-Road Gasoline Vehicles, row ""Gasoline Light-Duty Trucks, 1973-1974"", column ""CH4 Factor (g CH4 / vehicle-mile); N2O Factor (g N2O / vehicle-mile)"""
epa_hub_mobile,US EPA 2024,petrol:light:Gasoline Light-Duty Trucks:Model year 1975:ch4,0.1634,g/vehicle-mile,"US EPA GHG Emission Factors Hub 2024 (Last Modified: June 5, 2024); Emission Factors Hub!E163, Emission Factors Hub!F163 (vehicle Emission Factors Hub!C162, model year Emission Factors Hub!D163) p. 2; Table 3 Mobile Combustion CH4 and N2O for On-Road Gasoline Vehicles, row ""Gasoline Light-Duty Trucks, 1975"", column ""CH4 Factor (g CH4 / vehicle-mile); N2O Factor (g N2O / vehicle-mile)"""
epa_hub_mobile,US EPA 2024,petrol:light:Gasoline Light-Duty Trucks:Model year 1975:n2o,0.0513,g/vehicle-mile,"US EPA GHG Emission Factors Hub 2024 (Last Modified: June 5, 2024); Emission Factors Hub!E163, Emission Factors Hub!F163 (vehicle Emission Factors Hub!C162, model year Emission Factors Hub!D163) p. 2; Table 3 Mobile Combustion CH4 and N2O for On-Road Gasoline Vehicles, row ""Gasoline Light-Duty Trucks, 1975"", column ""CH4 Factor (g CH4 / vehicle-mile); N2O Factor (g N2O / vehicle-mile)"""
epa_hub_mobile,US EPA 2024,petrol:light:Gasoline Light-Duty Trucks:Model year 1976:ch4,0.1594,g/vehicle-mile,"US EPA GHG Emission Factors Hub 2024 (Last Modified: June 5, 2024); Emission Factors Hub!E164, Emission Factors Hub!F164 (vehicle Emission Factors Hub!C162, model year Emission Factors Hub!D164) p. 2; Table 3 Mobile Combustion CH4 and N2O for On-Road Gasoline Vehicles, row ""Gasoline Light-Duty Trucks, 1976"", column ""CH4 Factor (g CH4 / vehicle-mile); N2O Factor (g N2O / vehicle-mile)"""
epa_hub_mobile,US EPA 2024,petrol:light:Gasoline Light-Duty Trucks:Model year 1976:n2o,0.0555,g/vehicle-mile,"US EPA GHG Emission Factors Hub 2024 (Last Modified: June 5, 2024); Emission Factors Hub!E164, Emission Factors Hub!F164 (vehicle Emission Factors Hub!C162, model year Emission Factors Hub!D164) p. 2; Table 3 Mobile Combustion CH4 and N2O for On-Road Gasoline Vehicles, row ""Gasoline Light-Duty Trucks, 1976"", column ""CH4 Factor (g CH4 / vehicle-mile); N2O Factor (g N2O / vehicle-mile)"""
epa_hub_mobile,US EPA 2024,petrol:light:Gasoline Light-Duty Trucks:Model year 1977-1978:ch4,0.1614,g/vehicle-mile,"US EPA GHG Emission Factors Hub 2024 (Last Modified: June 5, 2024); Emission Factors Hub!E165, Emission Factors Hub!F165 (vehicle Emission Factors Hub!C162, model year Emission Factors Hub!D165) p. 2; Table 3 Mobile Combustion CH4 and N2O for On-Road Gasoline Vehicles, row ""Gasoline Light-Duty Trucks, 1977-1978"", column ""CH4 Factor (g CH4 / vehicle-mile); N2O Factor (g N2O / vehicle-mile)"""
epa_hub_mobile,US EPA 2024,petrol:light:Gasoline Light-Duty Trucks:Model year 1977-1978:n2o,0.0534,g/vehicle-mile,"US EPA GHG Emission Factors Hub 2024 (Last Modified: June 5, 2024); Emission Factors Hub!E165, Emission Factors Hub!F165 (vehicle Emission Factors Hub!C162, model year Emission Factors Hub!D165) p. 2; Table 3 Mobile Combustion CH4 and N2O for On-Road Gasoline Vehicles, row ""Gasoline Light-Duty Trucks, 1977-1978"", column ""CH4 Factor (g CH4 / vehicle-mile); N2O Factor (g N2O / vehicle-mile)"""
epa_hub_mobile,US EPA 2024,petrol:light:Gasoline Light-Duty Trucks:Model year 1979-1980:ch4,0.1594,g/vehicle-mile,"US EPA GHG Emission Factors Hub 2024 (Last Modified: June 5, 2024); Emission Factors Hub!E166, Emission Factors Hub!F166 (vehicle Emission Factors Hub!C162, model year Emission Factors Hub!D166) p. 2; Table 3 Mobile Combustion CH4 and N2O for On-Road Gasoline Vehicles, row ""Gasoline Light-Duty Trucks, 1979-1980"", column ""CH4 Factor (g CH4 / vehicle-mile); N2O Factor (g N2O / vehicle-mile)"""
epa_hub_mobile,US EPA 2024,petrol:light:Gasoline Light-Duty Trucks:Model year 1979-1980:n2o,0.0555,g/vehicle-mile,"US EPA GHG Emission Factors Hub 2024 (Last Modified: June 5, 2024); Emission Factors Hub!E166, Emission Factors Hub!F166 (vehicle Emission Factors Hub!C162, model year Emission Factors Hub!D166) p. 2; Table 3 Mobile Combustion CH4 and N2O for On-Road Gasoline Vehicles, row ""Gasoline Light-Duty Trucks, 1979-1980"", column ""CH4 Factor (g CH4 / vehicle-mile); N2O Factor (g N2O / vehicle-mile)"""
epa_hub_mobile,US EPA 2024,petrol:light:Gasoline Light-Duty Trucks:Model year 1981:ch4,0.1479,g/vehicle-mile,"US EPA GHG Emission Factors Hub 2024 (Last Modified: June 5, 2024); Emission Factors Hub!E167, Emission Factors Hub!F167 (vehicle Emission Factors Hub!C162, model year Emission Factors Hub!D167) p. 2; Table 3 Mobile Combustion CH4 and N2O for On-Road Gasoline Vehicles, row ""Gasoline Light-Duty Trucks, 1981"", column ""CH4 Factor (g CH4 / vehicle-mile); N2O Factor (g N2O / vehicle-mile)"""
epa_hub_mobile,US EPA 2024,petrol:light:Gasoline Light-Duty Trucks:Model year 1981:n2o,0.066,g/vehicle-mile,"US EPA GHG Emission Factors Hub 2024 (Last Modified: June 5, 2024); Emission Factors Hub!E167, Emission Factors Hub!F167 (vehicle Emission Factors Hub!C162, model year Emission Factors Hub!D167) p. 2; Table 3 Mobile Combustion CH4 and N2O for On-Road Gasoline Vehicles, row ""Gasoline Light-Duty Trucks, 1981"", column ""CH4 Factor (g CH4 / vehicle-mile); N2O Factor (g N2O / vehicle-mile)"""
epa_hub_mobile,US EPA 2024,petrol:light:Gasoline Light-Duty Trucks:Model year 1982:ch4,0.1442,g/vehicle-mile,"US EPA GHG Emission Factors Hub 2024 (Last Modified: June 5, 2024); Emission Factors Hub!E168, Emission Factors Hub!F168 (vehicle Emission Factors Hub!C162, model year Emission Factors Hub!D168) p. 2; Table 3 Mobile Combustion CH4 and N2O for On-Road Gasoline Vehicles, row ""Gasoline Light-Duty Trucks, 1982"", column ""CH4 Factor (g CH4 / vehicle-mile); N2O Factor (g N2O / vehicle-mile)"""
epa_hub_mobile,US EPA 2024,petrol:light:Gasoline Light-Duty Trucks:Model year 1982:n2o,0.0681,g/vehicle-mile,"US EPA GHG Emission Factors Hub 2024 (Last Modified: June 5, 2024); Emission Factors Hub!E168, Emission Factors Hub!F168 (vehicle Emission Factors Hub!C162, model year Emission Factors Hub!D168) p. 2; Table 3 Mobile Combustion CH4 and N2O for On-Road Gasoline Vehicles, row ""Gasoline Light-Duty Trucks, 1982"", column ""CH4 Factor (g CH4 / vehicle-mile); N2O Factor (g N2O / vehicle-mile)"""
epa_hub_mobile,US EPA 2024,petrol:light:Gasoline Light-Duty Trucks:Model year 1983:ch4,0.1368,g/vehicle-mile,"US EPA GHG Emission Factors Hub 2024 (Last Modified: June 5, 2024); Emission Factors Hub!E169, Emission Factors Hub!F169 (vehicle Emission Factors Hub!C162, model year Emission Factors Hub!D169) p. 2; Table 3 Mobile Combustion CH4 and N2O for On-Road Gasoline Vehicles, row ""Gasoline Light-Duty Trucks, 1983"", column ""CH4 Factor (g CH4 / vehicle-mile); N2O Factor (g N2O / vehicle-mile)"""
epa_hub_mobile,US EPA 2024,petrol:light:Gasoline Light-Duty Trucks:Model year 1983:n2o,0.0722,g/vehicle-mile,"US EPA GHG Emission Factors Hub 2024 (Last Modified: June 5, 2024); Emission Factors Hub!E169, Emission Factors Hub!F169 (vehicle Emission Factors Hub!C162, model year Emission Factors Hub!D169) p. 2; Table 3 Mobile Combustion CH4 and N2O for On-Road Gasoline Vehicles, row ""Gasoline Light-Duty Trucks, 1983"", column ""CH4 Factor (g CH4 / vehicle-mile); N2O Factor (g N2O / vehicle-mile)"""
epa_hub_mobile,US EPA 2024,petrol:light:Gasoline Light-Duty Trucks:Model year 1984:ch4,0.1294,g/vehicle-mile,"US EPA GHG Emission Factors Hub 2024 (Last Modified: June 5, 2024); Emission Factors Hub!E170, Emission Factors Hub!F170 (vehicle Emission Factors Hub!C162, model year Emission Factors Hub!D170) p. 2; Table 3 Mobile Combustion CH4 and N2O for On-Road Gasoline Vehicles, row ""Gasoline Light-Duty Trucks, 1984"", column ""CH4 Factor (g CH4 / vehicle-mile); N2O Factor (g N2O / vehicle-mile)"""
epa_hub_mobile,US EPA 2024,petrol:light:Gasoline Light-Duty Trucks:Model year 1984:n2o,0.0764,g/vehicle-mile,"US EPA GHG Emission Factors Hub 2024 (Last Modified: June 5, 2024); Emission Factors Hub!E170, Emission Factors Hub!F170 (vehicle Emission Factors Hub!C162, model year Emission Factors Hub!D170) p. 2; Table 3 Mobile Combustion CH4 and N2O for On-Road Gasoline Vehicles, row ""Gasoline Light-Duty Trucks, 1984"", column ""CH4 Factor (g CH4 / vehicle-mile); N2O Factor (g N2O / vehicle-mile)"""
epa_hub_mobile,US EPA 2024,petrol:light:Gasoline Light-Duty Trucks:Model year 1985:ch4,0.122,g/vehicle-mile,"US EPA GHG Emission Factors Hub 2024 (Last Modified: June 5, 2024); Emission Factors Hub!E171, Emission Factors Hub!F171 (vehicle Emission Factors Hub!C162, model year Emission Factors Hub!D171) p. 2; Table 3 Mobile Combustion CH4 and N2O for On-Road Gasoline Vehicles, row ""Gasoline Light-Duty Trucks, 1985"", column ""CH4 Factor (g CH4 / vehicle-mile); N2O Factor (g N2O / vehicle-mile)"""
epa_hub_mobile,US EPA 2024,petrol:light:Gasoline Light-Duty Trucks:Model year 1985:n2o,0.0806,g/vehicle-mile,"US EPA GHG Emission Factors Hub 2024 (Last Modified: June 5, 2024); Emission Factors Hub!E171, Emission Factors Hub!F171 (vehicle Emission Factors Hub!C162, model year Emission Factors Hub!D171) p. 2; Table 3 Mobile Combustion CH4 and N2O for On-Road Gasoline Vehicles, row ""Gasoline Light-Duty Trucks, 1985"", column ""CH4 Factor (g CH4 / vehicle-mile); N2O Factor (g N2O / vehicle-mile)"""
epa_hub_mobile,US EPA 2024,petrol:light:Gasoline Light-Duty Trucks:Model year 1986:ch4,0.1146,g/vehicle-mile,"US EPA GHG Emission Factors Hub 2024 (Last Modified: June 5, 2024); Emission Factors Hub!E172, Emission Factors Hub!F172 (vehicle Emission Factors Hub!C162, model year Emission Factors Hub!D172) p. 2; Table 3 Mobile Combustion CH4 and N2O for On-Road Gasoline Vehicles, row ""Gasoline Light-Duty Trucks, 1986"", column ""CH4 Factor (g CH4 / vehicle-mile); N2O Factor (g N2O / vehicle-mile)"""
epa_hub_mobile,US EPA 2024,petrol:light:Gasoline Light-Duty Trucks:Model year 1986:n2o,0.0848,g/vehicle-mile,"US EPA GHG Emission Factors Hub 2024 (Last Modified: June 5, 2024); Emission Factors Hub!E172, Emission Factors Hub!F172 (vehicle Emission Factors Hub!C162, model year Emission Factors Hub!D172) p. 2; Table 3 Mobile Combustion CH4 and N2O for On-Road Gasoline Vehicles, row ""Gasoline Light-Duty Trucks, 1986"", column ""CH4 Factor (g CH4 / vehicle-mile); N2O Factor (g N2O / vehicle-mile)"""
epa_hub_mobile,US EPA 2024,petrol:light:Gasoline Light-Duty Trucks:Model year 1987-1993:ch4,0.0813,g/vehicle-mile,"US EPA GHG Emission Factors Hub 2024 (Last Modified: June 5, 2024); Emission Factors Hub!E173, Emission Factors Hub!F173 (vehicle Emission Factors Hub!C162, model year Emission Factors Hub!D173) p. 2; Table 3 Mobile Combustion CH4 and N2O for On-Road Gasoline Vehicles, row ""Gasoline Light-Duty Trucks, 1987-1993"", column ""CH4 Factor (g CH4 / vehicle-mile); N2O Factor (g N2O / vehicle-mile)"""
epa_hub_mobile,US EPA 2024,petrol:light:Gasoline Light-Duty Trucks:Model year 1987-1993:n2o,0.1035,g/vehicle-mile,"US EPA GHG Emission Factors Hub 2024 (Last Modified: June 5, 2024); Emission Factors Hub!E173, Emission Factors Hub!F173 (vehicle Emission Factors Hub!C162, model year Emission Factors Hub!D173) p. 2; Table 3 Mobile Combustion CH4 and N2O for On-Road Gasoline Vehicles, row ""Gasoline Light-Duty Trucks, 1987-1993"", column ""CH4 Factor (g CH4 / vehicle-mile); N2O Factor (g N2O / vehicle-mile)"""
epa_hub_mobile,US EPA 2024,petrol:light:Gasoline Light-Duty Trucks:Model year 1994:ch4,0.0646,g/vehicle-mile,"US EPA GHG Emission Factors Hub 2024 (Last Modified: June 5, 2024); Emission Factors Hub!E174, Emission Factors Hub!F174 (vehicle Emission Factors Hub!C162, model year Emission Factors Hub!D174) p. 2; Table 3 Mobile Combustion CH4 and N2O for On-Road Gasoline Vehicles, row ""Gasoline Light-Duty Trucks, 1994"", column ""CH4 Factor (g CH4 / vehicle-mile); N2O Factor (g N2O / vehicle-mile)"""
epa_hub_mobile,US EPA 2024,petrol:light:Gasoline Light-Duty Trucks:Model year 1994:n2o,0.0982,g/vehicle-mile,"US EPA GHG Emission Factors Hub 2024 (Last Modified: June 5, 2024); Emission Factors Hub!E174, Emission Factors Hub!F174 (vehicle Emission Factors Hub!C162, model year Emission Factors Hub!D174) p. 2; Table 3 Mobile Combustion CH4 and N2O for On-Road Gasoline Vehicles, row ""Gasoline Light-Duty Trucks, 1994"", column ""CH4 Factor (g CH4 / vehicle-mile); N2O Factor (g N2O / vehicle-mile)"""
epa_hub_mobile,US EPA 2024,petrol:light:Gasoline Light-Duty Trucks:Model year 1995:ch4,0.0517,g/vehicle-mile,"US EPA GHG Emission Factors Hub 2024 (Last Modified: June 5, 2024); Emission Factors Hub!E175, Emission Factors Hub!F175 (vehicle Emission Factors Hub!C162, model year Emission Factors Hub!D175) p. 2; Table 3 Mobile Combustion CH4 and N2O for On-Road Gasoline Vehicles, row ""Gasoline Light-Duty Trucks, 1995"", column ""CH4 Factor (g CH4 / vehicle-mile); N2O Factor (g N2O / vehicle-mile)"""
epa_hub_mobile,US EPA 2024,petrol:light:Gasoline Light-Duty Trucks:Model year 1995:n2o,0.0908,g/vehicle-mile,"US EPA GHG Emission Factors Hub 2024 (Last Modified: June 5, 2024); Emission Factors Hub!E175, Emission Factors Hub!F175 (vehicle Emission Factors Hub!C162, model year Emission Factors Hub!D175) p. 2; Table 3 Mobile Combustion CH4 and N2O for On-Road Gasoline Vehicles, row ""Gasoline Light-Duty Trucks, 1995"", column ""CH4 Factor (g CH4 / vehicle-mile); N2O Factor (g N2O / vehicle-mile)"""
epa_hub_mobile,US EPA 2024,petrol:light:Gasoline Light-Duty Trucks:Model year 1996:ch4,0.0452,g/vehicle-mile,"US EPA GHG Emission Factors Hub 2024 (Last Modified: June 5, 2024); Emission Factors Hub!E176, Emission Factors Hub!F176 (vehicle Emission Factors Hub!C162, model year Emission Factors Hub!D176) p. 2; Table 3 Mobile Combustion CH4 and N2O for On-Road Gasoline Vehicles, row ""Gasoline Light-Duty Trucks, 1996"", column ""CH4 Factor (g CH4 / vehicle-mile); N2O Factor (g N2O / vehicle-mile)"""
epa_hub_mobile,US EPA 2024,petrol:light:Gasoline Light-Duty Trucks:Model year 1996:n2o,0.0871,g/vehicle-mile,"US EPA GHG Emission Factors Hub 2024 (Last Modified: June 5, 2024); Emission Factors Hub!E176, Emission Factors Hub!F176 (vehicle Emission Factors Hub!C162, model year Emission Factors Hub!D176) p. 2; Table 3 Mobile Combustion CH4 and N2O for On-Road Gasoline Vehicles, row ""Gasoline Light-Duty Trucks, 1996"", column ""CH4 Factor (g CH4 / vehicle-mile); N2O Factor (g N2O / vehicle-mile)"""
epa_hub_mobile,US EPA 2024,petrol:light:Gasoline Light-Duty Trucks:Model year 1997:ch4,0.0452,g/vehicle-mile,"US EPA GHG Emission Factors Hub 2024 (Last Modified: June 5, 2024); Emission Factors Hub!E177, Emission Factors Hub!F177 (vehicle Emission Factors Hub!C162, model year Emission Factors Hub!D177) p. 2; Table 3 Mobile Combustion CH4 and N2O for On-Road Gasoline Vehicles, row ""Gasoline Light-Duty Trucks, 1997"", column ""CH4 Factor (g CH4 / vehicle-mile); N2O Factor (g N2O / vehicle-mile)"""
epa_hub_mobile,US EPA 2024,petrol:light:Gasoline Light-Duty Trucks:Model year 1997:n2o,0.0871,g/vehicle-mile,"US EPA GHG Emission Factors Hub 2024 (Last Modified: June 5, 2024); Emission Factors Hub!E177, Emission Factors Hub!F177 (vehicle Emission Factors Hub!C162, model year Emission Factors Hub!D177) p. 2; Table 3 Mobile Combustion CH4 and N2O for On-Road Gasoline Vehicles, row ""Gasoline Light-Duty Trucks, 1997"", column ""CH4 Factor (g CH4 / vehicle-mile); N2O Factor (g N2O / vehicle-mile)"""
epa_hub_mobile,US EPA 2024,petrol:light:Gasoline Light-Duty Trucks:Model year 1998:ch4,0.0412,g/vehicle-mile,"US EPA GHG Emission Factors Hub 2024 (Last Modified: June 5, 2024); Emission Factors Hub!E178, Emission Factors Hub!F178 (vehicle Emission Factors Hub!C162, model year Emission Factors Hub!D178) p. 2; Table 3 Mobile Combustion CH4 and N2O for On-Road Gasoline Vehicles, row ""Gasoline Light-Duty Trucks, 1998"", column ""CH4 Factor (g CH4 / vehicle-mile); N2O Factor (g N2O / vehicle-mile)"""
epa_hub_mobile,US EPA 2024,petrol:light:Gasoline Light-Duty Trucks:Model year 1998:n2o,0.0787,g/vehicle-mile,"US EPA GHG Emission Factors Hub 2024 (Last Modified: June 5, 2024); Emission Factors Hub!E178, Emission Factors Hub!F178 (vehicle Emission Factors Hub!C162, model year Emission Factors Hub!D178) p. 2; Table 3 Mobile Combustion CH4 and N2O for On-Road Gasoline Vehicles, row ""Gasoline Light-Duty Trucks, 1998"", column ""CH4 Factor (g CH4 / vehicle-mile); N2O Factor (g N2O / vehicle-mile)"""
epa_hub_mobile,US EPA 2024,petrol:light:Gasoline Light-Duty Trucks:Model year 1999:ch4,0.0333,g/vehicle-mile,"US EPA GHG Emission Factors Hub 2024 (Last Modified: June 5, 2024); Emission Factors Hub!E179, Emission Factors Hub!F179 (vehicle Emission Factors Hub!C162, model year Emission Factors Hub!D179) p. 2; Table 3 Mobile Combustion CH4 and N2O for On-Road Gasoline Vehicles, row ""Gasoline Light-Duty Trucks, 1999"", column ""CH4 Factor (g CH4 / vehicle-mile); N2O Factor (g N2O / vehicle-mile)"""
epa_hub_mobile,US EPA 2024,petrol:light:Gasoline Light-Duty Trucks:Model year 1999:n2o,0.0618,g/vehicle-mile,"US EPA GHG Emission Factors Hub 2024 (Last Modified: June 5, 2024); Emission Factors Hub!E179, Emission Factors Hub!F179 (vehicle Emission Factors Hub!C162, model year Emission Factors Hub!D179) p. 2; Table 3 Mobile Combustion CH4 and N2O for On-Road Gasoline Vehicles, row ""Gasoline Light-Duty Trucks, 1999"", column ""CH4 Factor (g CH4 / vehicle-mile); N2O Factor (g N2O / vehicle-mile)"""
epa_hub_mobile,US EPA 2024,petrol:light:Gasoline Light-Duty Trucks:Model year 2000:ch4,0.034,g/vehicle-mile,"US EPA GHG Emission Factors Hub 2024 (Last Modified: June 5, 2024); Emission Factors Hub!E180, Emission Factors Hub!F180 (vehicle Emission Factors Hub!C162, model year Emission Factors Hub!D180) p. 2; Table 3 Mobile Combustion CH4 and N2O for On-Road Gasoline Vehicles, row ""Gasoline Light-Duty Trucks, 2000"", column ""CH4 Factor (g CH4 / vehicle-mile); N2O Factor (g N2O / vehicle-mile)"""
epa_hub_mobile,US EPA 2024,petrol:light:Gasoline Light-Duty Trucks:Model year 2000:n2o,0.0631,g/vehicle-mile,"US EPA GHG Emission Factors Hub 2024 (Last Modified: June 5, 2024); Emission Factors Hub!E180, Emission Factors Hub!F180 (vehicle Emission Factors Hub!C162, model year Emission Factors Hub!D180) p. 2; Table 3 Mobile Combustion CH4 and N2O for On-Road Gasoline Vehicles, row ""Gasoline Light-Duty Trucks, 2000"", column ""CH4 Factor (g CH4 / vehicle-mile); N2O Factor (g N2O / vehicle-mile)"""
epa_hub_mobile,US EPA 2024,petrol:light:Gasoline Light-Duty Trucks:Model year 2001:ch4,0.0221,g/vehicle-mile,"US EPA GHG Emission Factors Hub 2024 (Last Modified: June 5, 2024); Emission Factors Hub!E181, Emission Factors Hub!F181 (vehicle Emission Factors Hub!C162, model year Emission Factors Hub!D181) p. 2; Table 3 Mobile Combustion CH4 and N2O for On-Road Gasoline Vehicles, row ""Gasoline Light-Duty Trucks, 2001"", column ""CH4 Factor (g CH4 / vehicle-mile); N2O Factor (g N2O / vehicle-mile)"""
epa_hub_mobile,US EPA 2024,petrol:light:Gasoline Light-Duty Trucks:Model year 2001:n2o,0.0379,g/vehicle-mile,"US EPA GHG Emission Factors Hub 2024 (Last Modified: June 5, 2024); Emission Factors Hub!E181, Emission Factors Hub!F181 (vehicle Emission Factors Hub!C162, model year Emission Factors Hub!D181) p. 2; Table 3 Mobile Combustion CH4 and N2O for On-Road Gasoline Vehicles, row ""Gasoline Light-Duty Trucks, 2001"", column ""CH4 Factor (g CH4 / vehicle-mile); N2O Factor (g N2O / vehicle-mile)"""
epa_hub_mobile,US EPA 2024,petrol:light:Gasoline Light-Duty Trucks:Model year 2002:ch4,0.0242,g/vehicle-mile,"US EPA GHG Emission Factors Hub 2024 (Last Modified: June 5, 2024); Emission Factors Hub!E182, Emission Factors Hub!F182 (vehicle Emission Factors Hub!C162, model year Emission Factors Hub!D182) p. 2; Table 3 Mobile Combustion CH4 and N2O for On-Road Gasoline Vehicles, row ""Gasoline Light-Duty Trucks, 2002"", column ""CH4 Factor (g CH4 / vehicle-mile); N2O Factor (g N2O / vehicle-mile)"""
epa_hub_mobile,US EPA 2024,petrol:light:Gasoline Light-Duty Trucks:Model year 2002:n2o,0.0424,g/vehicle-mile,"US EPA GHG Emission Factors Hub 2024 (Last Modified: June 5, 2024); Emission Factors Hub!E182, Emission Factors Hub!F182 (vehicle Emission Factors Hub!C162, model year Emission Factors Hub!D182) p. 2; Table 3 Mobile Combustion CH4 and N2O for On-Road Gasoline Vehicles, row ""Gasoline Light-Duty Trucks, 2002"", column ""CH4 Factor (g CH4 / vehicle-mile); N2O Factor (g N2O / vehicle-mile)"""
epa_hub_mobile,US EPA 2024,petrol:light:Gasoline Light-Duty Trucks:Model year 2003:ch4,0.0221,g/vehicle-mile,"US EPA GHG Emission Factors Hub 2024 (Last Modified: June 5, 2024); Emission Factors Hub!E183, Emission Factors Hub!F183 (vehicle Emission Factors Hub!C162, model year Emission Factors Hub!D183) p. 2; Table 3 Mobile Combustion CH4 and N2O for On-Road Gasoline Vehicles, row ""Gasoline Light-Duty Trucks, 2003"", column ""CH4 Factor (g CH4 / vehicle-mile); N2O Factor (g N2O / vehicle-mile)"""
epa_hub_mobile,US EPA 2024,petrol:light:Gasoline Light-Duty Trucks:Model year 2003:n2o,0.0373,g/vehicle-mile,"US EPA GHG Emission Factors Hub 2024 (Last Modified: June 5, 2024); Emission Factors Hub!E183, Emission Factors Hub!F183 (vehicle Emission Factors Hub!C162, model year Emission Factors Hub!D183) p. 2; Table 3 Mobile Combustion CH4 and N2O for On-Road Gasoline Vehicles, row ""Gasoline Light-Duty Trucks, 2003"", column ""CH4 Factor (g CH4 / vehicle-mile); N2O Factor (g N2O / vehicle-mile)"""
epa_hub_mobile,US EPA 2024,petrol:light:Gasoline Light-Duty Trucks:Model year 2004:ch4,0.0115,g/vehicle-mile,"US EPA GHG Emission Factors Hub 2024 (Last Modified: June 5, 2024); Emission Factors Hub!E184, Emission Factors Hub!F184 (vehicle Emission Factors Hub!C162, model year Emission Factors Hub!D184) p. 2; Table 3 Mobile Combustion CH4 and N2O for On-Road Gasoline Vehicles, row ""Gasoline Light-Duty Trucks, 2004"", column ""CH4 Factor (g CH4 / vehicle-mile); N2O Factor (g N2O / vehicle-mile)"""
epa_hub_mobile,US EPA 2024,petrol:light:Gasoline Light-Duty Trucks:Model year 2004:n2o,0.0088,g/vehicle-mile,"US EPA GHG Emission Factors Hub 2024 (Last Modified: June 5, 2024); Emission Factors Hub!E184, Emission Factors Hub!F184 (vehicle Emission Factors Hub!C162, model year Emission Factors Hub!D184) p. 2; Table 3 Mobile Combustion CH4 and N2O for On-Road Gasoline Vehicles, row ""Gasoline Light-Duty Trucks, 2004"", column ""CH4 Factor (g CH4 / vehicle-mile); N2O Factor (g N2O / vehicle-mile)"""
epa_hub_mobile,US EPA 2024,petrol:light:Gasoline Light-Duty Trucks:Model year 2005:ch4,0.0105,g/vehicle-mile,"US EPA GHG Emission Factors Hub 2024 (Last Modified: June 5, 2024); Emission Factors Hub!E185, Emission Factors Hub!F185 (vehicle Emission Factors Hub!C162, model year Emission Factors Hub!D185) p. 2; Table 3 Mobile Combustion CH4 and N2O for On-Road Gasoline Vehicles, row ""Gasoline Light-Duty Trucks, 2005"", column ""CH4 Factor (g CH4 / vehicle-mile); N2O Factor (g N2O / vehicle-mile)"""
epa_hub_mobile,US EPA 2024,petrol:light:Gasoline Light-Duty Trucks:Model year 2005:n2o,0.0064,g/vehicle-mile,"US EPA GHG Emission Factors Hub 2024 (Last Modified: June 5, 2024); Emission Factors Hub!E185, Emission Factors Hub!F185 (vehicle Emission Factors Hub!C162, model year Emission Factors Hub!D185) p. 2; Table 3 Mobile Combustion CH4 and N2O for On-Road Gasoline Vehicles, row ""Gasoline Light-Duty Trucks, 2005"", column ""CH4 Factor (g CH4 / vehicle-mile); N2O Factor (g N2O / vehicle-mile)"""
epa_hub_mobile,US EPA 2024,petrol:light:Gasoline Light-Duty Trucks:Model year 2006:ch4,0.0108,g/vehicle-mile,"US EPA GHG Emission Factors Hub 2024 (Last Modified: June 5, 2024); Emission Factors Hub!E186, Emission Factors Hub!F186 (vehicle Emission Factors Hub!C162, model year Emission Factors Hub!D186) p. 2; Table 3 Mobile Combustion CH4 and N2O for On-Road Gasoline Vehicles, row ""Gasoline Light-Duty Trucks, 2006"", column ""CH4 Factor (g CH4 / vehicle-mile); N2O Factor (g N2O / vehicle-mile)"""
epa_hub_mobile,US EPA 2024,petrol:light:Gasoline Light-Duty Trucks:Model year 2006:n2o,0.008,g/vehicle-mile,"US EPA GHG Emission Factors Hub 2024 (Last Modified: June 5, 2024); Emission Factors Hub!E186, Emission Factors Hub!F186 (vehicle Emission Factors Hub!C162, model year Emission Factors Hub!D186) p. 2; Table 3 Mobile Combustion CH4 and N2O for On-Road Gasoline Vehicles, row ""Gasoline Light-Duty Trucks, 2006"", column ""CH4 Factor (g CH4 / vehicle-mile); N2O Factor (g N2O / vehicle-mile)"""
epa_hub_mobile,US EPA 2024,petrol:light:Gasoline Light-Duty Trucks:Model year 2007:ch4,0.0103,g/vehicle-mile,"US EPA GHG Emission Factors Hub 2024 (Last Modified: June 5, 2024); Emission Factors Hub!E187, Emission Factors Hub!F187 (vehicle Emission Factors Hub!C162, model year Emission Factors Hub!D187) p. 2; Table 3 Mobile Combustion CH4 and N2O for On-Road Gasoline Vehicles, row ""Gasoline Light-Duty Trucks, 2007"", column ""CH4 Factor (g CH4 / vehicle-mile); N2O Factor (g N2O / vehicle-mile)"""
epa_hub_mobile,US EPA 2024,petrol:light:Gasoline Light-Duty Trucks:Model year 2007:n2o,0.0061,g/vehicle-mile,"US EPA GHG Emission Factors Hub 2024 (Last Modified: June 5, 2024); Emission Factors Hub!E187, Emission Factors Hub!F187 (vehicle Emission Factors Hub!C162, model year Emission Factors Hub!D187) p. 2; Table 3 Mobile Combustion CH4 and N2O for On-Road Gasoline Vehicles, row ""Gasoline Light-Duty Trucks, 2007"", column ""CH4 Factor (g CH4 / vehicle-mile); N2O Factor (g N2O / vehicle-mile)"""
epa_hub_mobile,US EPA 2024,petrol:light:Gasoline Light-Duty Trucks:Model year 2008:ch4,0.0095,g/vehicle-mile,"US EPA GHG Emission Factors Hub 2024 (Last Modified: June 5, 2024); Emission Factors Hub!E188, Emission Factors Hub!F188 (vehicle Emission Factors Hub!C162, model year Emission Factors Hub!D188) p. 2; Table 3 Mobile Combustion CH4 and N2O for On-Road Gasoline Vehicles, row ""Gasoline Light-Duty Trucks, 2008"", column ""CH4 Factor (g CH4 / vehicle-mile); N2O Factor (g N2O / vehicle-mile)"""
epa_hub_mobile,US EPA 2024,petrol:light:Gasoline Light-Duty Trucks:Model year 2008:n2o,0.0036,g/vehicle-mile,"US EPA GHG Emission Factors Hub 2024 (Last Modified: June 5, 2024); Emission Factors Hub!E188, Emission Factors Hub!F188 (vehicle Emission Factors Hub!C162, model year Emission Factors Hub!D188) p. 2; Table 3 Mobile Combustion CH4 and N2O for On-Road Gasoline Vehicles, row ""Gasoline Light-Duty Trucks, 2008"", column ""CH4 Factor (g CH4 / vehicle-mile); N2O Factor (g N2O / vehicle-mile)"""
epa_hub_mobile,US EPA 2024,petrol:light:Gasoline Light-Duty Trucks:Model year 2009:ch4,0.0095,g/vehicle-mile,"US EPA GHG Emission Factors Hub 2024 (Last Modified: June 5, 2024); Emission Factors Hub!E189, Emission Factors Hub!F189 (vehicle Emission Factors Hub!C162, model year Emission Factors Hub!D189) p. 2; Table 3 Mobile Combustion CH4 and N2O for On-Road Gasoline Vehicles, row ""Gasoline Light-Duty Trucks, 2009"", column ""CH4 Factor (g CH4 / vehicle-mile); N2O Factor (g N2O / vehicle-mile)"""
epa_hub_mobile,US EPA 2024,petrol:light:Gasoline Light-Duty Trucks:Model year 2009:n2o,0.0036,g/vehicle-mile,"US EPA GHG Emission Factors Hub 2024 (Last Modified: June 5, 2024); Emission Factors Hub!E189, Emission Factors Hub!F189 (vehicle Emission Factors Hub!C162, model year Emission Factors Hub!D189) p. 2; Table 3 Mobile Combustion CH4 and N2O for On-Road Gasoline Vehicles, row ""Gasoline Light-Duty Trucks, 2009"", column ""CH4 Factor (g CH4 / vehicle-mile); N2O Factor (g N2O / vehicle-mile)"""
epa_hub_mobile,US EPA 2024,petrol:light:Gasoline Light-Duty Trucks:Model year 2010:ch4,0.0095,g/vehicle-mile,"US EPA GHG Emission Factors Hub 2024 (Last Modified: June 5, 2024); Emission Factors Hub!E190, Emission Factors Hub!F190 (vehicle Emission Factors Hub!C162, model year Emission Factors Hub!D190) p. 2; Table 3 Mobile Combustion CH4 and N2O for On-Road Gasoline Vehicles, row ""Gasoline Light-Duty Trucks, 2010"", column ""CH4 Factor (g CH4 / vehicle-mile); N2O Factor (g N2O / vehicle-mile)"""
epa_hub_mobile,US EPA 2024,petrol:light:Gasoline Light-Duty Trucks:Model year 2010:n2o,0.0035,g/vehicle-mile,"US EPA GHG Emission Factors Hub 2024 (Last Modified: June 5, 2024); Emission Factors Hub!E190, Emission Factors Hub!F190 (vehicle Emission Factors Hub!C162, model year Emission Factors Hub!D190) p. 2; Table 3 Mobile Combustion CH4 and N2O for On-Road Gasoline Vehicles, row ""Gasoline Light-Duty Trucks, 2010"", column ""CH4 Factor (g CH4 / vehicle-mile); N2O Factor (g N2O / vehicle-mile)"""
epa_hub_mobile,US EPA 2024,petrol:light:Gasoline Light-Duty Trucks:Model year 2011:ch4,0.0096,g/vehicle-mile,"US EPA GHG Emission Factors Hub 2024 (Last Modified: June 5, 2024); Emission Factors Hub!E191, Emission Factors Hub!F191 (vehicle Emission Factors Hub!C162, model year Emission Factors Hub!D191) p. 2; Table 3 Mobile Combustion CH4 and N2O for On-Road Gasoline Vehicles, row ""Gasoline Light-Duty Trucks, 2011"", column ""CH4 Factor (g CH4 / vehicle-mile); N2O Factor (g N2O / vehicle-mile)"""
epa_hub_mobile,US EPA 2024,petrol:light:Gasoline Light-Duty Trucks:Model year 2011:n2o,0.0034,g/vehicle-mile,"US EPA GHG Emission Factors Hub 2024 (Last Modified: June 5, 2024); Emission Factors Hub!E191, Emission Factors Hub!F191 (vehicle Emission Factors Hub!C162, model year Emission Factors Hub!D191) p. 2; Table 3 Mobile Combustion CH4 and N2O for On-Road Gasoline Vehicles, row ""Gasoline Light-Duty Trucks, 2011"", column ""CH4 Factor (g CH4 / vehicle-mile); N2O Factor (g N2O / vehicle-mile)"""
epa_hub_mobile,US EPA 2024,petrol:light:Gasoline Light-Duty Trucks:Model year 2012:ch4,0.0096,g/vehicle-mile,"US EPA GHG Emission Factors Hub 2024 (Last Modified: June 5, 2024); Emission Factors Hub!E192, Emission Factors Hub!F192 (vehicle Emission Factors Hub!C162, model year Emission Factors Hub!D192) p. 2; Table 3 Mobile Combustion CH4 and N2O for On-Road Gasoline Vehicles, row ""Gasoline Light-Duty Trucks, 2012"", column ""CH4 Factor (g CH4 / vehicle-mile); N2O Factor (g N2O / vehicle-mile)"""
epa_hub_mobile,US EPA 2024,petrol:light:Gasoline Light-Duty Trucks:Model year 2012:n2o,0.0033,g/vehicle-mile,"US EPA GHG Emission Factors Hub 2024 (Last Modified: June 5, 2024); Emission Factors Hub!E192, Emission Factors Hub!F192 (vehicle Emission Factors Hub!C162, model year Emission Factors Hub!D192) p. 2; Table 3 Mobile Combustion CH4 and N2O for On-Road Gasoline Vehicles, row ""Gasoline Light-Duty Trucks, 2012"", column ""CH4 Factor (g CH4 / vehicle-mile); N2O Factor (g N2O / vehicle-mile)"""
epa_hub_mobile,US EPA 2024,petrol:light:Gasoline Light-Duty Trucks:Model year 2013:ch4,0.0095,g/vehicle-mile,"US EPA GHG Emission Factors Hub 2024 (Last Modified: June 5, 2024); Emission Factors Hub!E193, Emission Factors Hub!F193 (vehicle Emission Factors Hub!C162, model year Emission Factors Hub!D193) p. 2; Table 3 Mobile Combustion CH4 and N2O for On-Road Gasoline Vehicles, row ""Gasoline Light-Duty Trucks, 2013"", column ""CH4 Factor (g CH4 / vehicle-mile); N2O Factor (g N2O / vehicle-mile)"""
epa_hub_mobile,US EPA 2024,petrol:light:Gasoline Light-Duty Trucks:Model year 2013:n2o,0.0035,g/vehicle-mile,"US EPA GHG Emission Factors Hub 2024 (Last Modified: June 5, 2024); Emission Factors Hub!E193, Emission Factors Hub!F193 (vehicle Emission Factors Hub!C162, model year Emission Factors Hub!D193) p. 2; Table 3 Mobile Combustion CH4 and N2O for On-Road Gasoline Vehicles, row ""Gasoline Light-Duty Trucks, 2013"", column ""CH4 Factor (g CH4 / vehicle-mile); N2O Factor (g N2O / vehicle-mile)"""
epa_hub_mobile,US EPA 2024,petrol:light:Gasoline Light-Duty Trucks:Model year 2014:ch4,0.0095,g/vehicle-mile,"US EPA GHG Emission Factors Hub 2024 (Last Modified: June 5, 2024); Emission Factors Hub!E194, Emission Factors Hub!F194 (vehicle Emission Factors Hub!C162, model year Emission Factors Hub!D194) p. 2; Table 3 Mobile Combustion CH4 and N2O for On-Road Gasoline Vehicles, row ""Gasoline Light-Duty Trucks, 2014"", column ""CH4 Factor (g CH4 / vehicle-mile); N2O Factor (g N2O / vehicle-mile)"""
epa_hub_mobile,US EPA 2024,petrol:light:Gasoline Light-Duty Trucks:Model year 2014:n2o,0.0033,g/vehicle-mile,"US EPA GHG Emission Factors Hub 2024 (Last Modified: June 5, 2024); Emission Factors Hub!E194, Emission Factors Hub!F194 (vehicle Emission Factors Hub!C162, model year Emission Factors Hub!D194) p. 2; Table 3 Mobile Combustion CH4 and N2O for On-Road Gasoline Vehicles, row ""Gasoline Light-Duty Trucks, 2014"", column ""CH4 Factor (g CH4 / vehicle-mile); N2O Factor (g N2O / vehicle-mile)"""
epa_hub_mobile,US EPA 2024,petrol:light:Gasoline Light-Duty Trucks:Model year 2015:ch4,0.0094,g/vehicle-mile,"US EPA GHG Emission Factors Hub 2024 (Last Modified: June 5, 2024); Emission Factors Hub!E195, Emission Factors Hub!F195 (vehicle Emission Factors Hub!C162, model year Emission Factors Hub!D195) p. 2; Table 3 Mobile Combustion CH4 and N2O for On-Road Gasoline Vehicles, row ""Gasoline Light-Duty Trucks, 2015"", column ""CH4 Factor (g CH4 / vehicle-mile); N2O Factor (g N2O / vehicle-mile)"""
epa_hub_mobile,US EPA 2024,petrol:light:Gasoline Light-Duty Trucks:Model year 2015:n2o,0.0031,g/vehicle-mile,"US EPA GHG Emission Factors Hub 2024 (Last Modified: June 5, 2024); Emission Factors Hub!E195, Emission Factors Hub!F195 (vehicle Emission Factors Hub!C162, model year Emission Factors Hub!D195) p. 2; Table 3 Mobile Combustion CH4 and N2O for On-Road Gasoline Vehicles, row ""Gasoline Light-Duty Trucks, 2015"", column ""CH4 Factor (g CH4 / vehicle-mile); N2O Factor (g N2O / vehicle-mile)"""
epa_hub_mobile,US EPA 2024,petrol:light:Gasoline Light-Duty Trucks:Model year 2016:ch4,0.0091,g/vehicle-mile,"US EPA GHG Emission Factors Hub 2024 (Last Modified: June 5, 2024); Emission Factors Hub!E196, Emission Factors Hub!F196 (vehicle Emission Factors Hub!C162, model year Emission Factors Hub!D196) p. 2; Table 3 Mobile Combustion CH4 and N2O for On-Road Gasoline Vehicles, row ""Gasoline Light-Duty Trucks, 2016"", column ""CH4 Factor (g CH4 / vehicle-mile); N2O Factor (g N2O / vehicle-mile)"""
epa_hub_mobile,US EPA 2024,petrol:light:Gasoline Light-Duty Trucks:Model year 2016:n2o,0.0029,g/vehicle-mile,"US EPA GHG Emission Factors Hub 2024 (Last Modified: June 5, 2024); Emission Factors Hub!E196, Emission Factors Hub!F196 (vehicle Emission Factors Hub!C162, model year Emission Factors Hub!D196) p. 2; Table 3 Mobile Combustion CH4 and N2O for On-Road Gasoline Vehicles, row ""Gasoline Light-Duty Trucks, 2016"", column ""CH4 Factor (g CH4 / vehicle-mile); N2O Factor (g N2O / vehicle-mile)"""
epa_hub_mobile,US EPA 2024,petrol:light:Gasoline Light-Duty Trucks:Model year 2017:ch4,0.0084,g/vehicle-mile,"US EPA GHG Emission Factors Hub 2024 (Last Modified: June 5, 2024); Emission Factors Hub!E197, Emission Factors Hub!F197 (vehicle Emission Factors Hub!C162, model year Emission Factors Hub!D197) p. 2; Table 3 Mobile Combustion CH4 and N2O for On-Road Gasoline Vehicles, row ""Gasoline Light-Duty Trucks, 2017"", column ""CH4 Factor (g CH4 / vehicle-mile); N2O Factor (g N2O / vehicle-mile)"""
epa_hub_mobile,US EPA 2024,petrol:light:Gasoline Light-Duty Trucks:Model year 2017:n2o,0.0018,g/vehicle-mile,"US EPA GHG Emission Factors Hub 2024 (Last Modified: June 5, 2024); Emission Factors Hub!E197, Emission Factors Hub!F197 (vehicle Emission Factors Hub!C162, model year Emission Factors Hub!D197) p. 2; Table 3 Mobile Combustion CH4 and N2O for On-Road Gasoline Vehicles, row ""Gasoline Light-Duty Trucks, 2017"", column ""CH4 Factor (g CH4 / vehicle-mile); N2O Factor (g N2O / vehicle-mile)"""
epa_hub_mobile,US EPA 2024,petrol:light:Gasoline Light-Duty Trucks:Model year 2018:ch4,0.0081,g/vehicle-mile,"US EPA GHG Emission Factors Hub 2024 (Last Modified: June 5, 2024); Emission Factors Hub!E198, Emission Factors Hub!F198 (vehicle Emission Factors Hub!C162, model year Emission Factors Hub!D198) p. 2; Table 3 Mobile Combustion CH4 and N2O for On-Road Gasoline Vehicles, row ""Gasoline Light-Duty Trucks, 2018"", column ""CH4 Factor (g CH4 / vehicle-mile); N2O Factor (g N2O / vehicle-mile)"""
epa_hub_mobile,US EPA 2024,petrol:light:Gasoline Light-Duty Trucks:Model year 2018:n2o,0.0015,g/vehicle-mile,"US EPA GHG Emission Factors Hub 2024 (Last Modified: June 5, 2024); Emission Factors Hub!E198, Emission Factors Hub!F198 (vehicle Emission Factors Hub!C162, model year Emission Factors Hub!D198) p. 2; Table 3 Mobile Combustion CH4 and N2O for On-Road Gasoline Vehicles, row ""Gasoline Light-Duty Trucks, 2018"", column ""CH4 Factor (g CH4 / vehicle-mile); N2O Factor (g N2O / vehicle-mile)"""
epa_hub_mobile,US EPA 2024,petrol:light:Gasoline Light-Duty Trucks:Model year 2019:ch4,0.008,g/vehicle-mile,"US EPA GHG Emission Factors Hub 2024 (Last Modified: June 5, 2024); Emission Factors Hub!E199, Emission Factors Hub!F199 (vehicle Emission Factors Hub!C162, model year Emission Factors Hub!D199) p. 2; Table 3 Mobile Combustion CH4 and N2O for On-Road Gasoline Vehicles, row ""Gasoline Light-Duty Trucks, 2019"", column ""CH4 Factor (g CH4 / vehicle-mile); N2O Factor (g N2O / vehicle-mile)"""
epa_hub_mobile,US EPA 2024,petrol:light:Gasoline Light-Duty Trucks:Model year 2019:n2o,0.0013,g/vehicle-mile,"US EPA GHG Emission Factors Hub 2024 (Last Modified: June 5, 2024); Emission Factors Hub!E199, Emission Factors Hub!F199 (vehicle Emission Factors Hub!C162, model year Emission Factors Hub!D199) p. 2; Table 3 Mobile Combustion CH4 and N2O for On-Road Gasoline Vehicles, row ""Gasoline Light-Duty Trucks, 2019"", column ""CH4 Factor (g CH4 / vehicle-mile); N2O Factor (g N2O / vehicle-mile)"""
epa_hub_mobile,US EPA 2024,petrol:light:Gasoline Light-Duty Trucks:Model year 2020:ch4,0.0079,g/vehicle-mile,"US EPA GHG Emission Factors Hub 2024 (Last Modified: June 5, 2024); Emission Factors Hub!E200, Emission Factors Hub!F200 (vehicle Emission Factors Hub!C162, model year Emission Factors Hub!D200) p. 2; Table 3 Mobile Combustion CH4 and N2O for On-Road Gasoline Vehicles, row ""Gasoline Light-Duty Trucks, 2020"", column ""CH4 Factor (g CH4 / vehicle-mile); N2O Factor (g N2O / vehicle-mile)"""
epa_hub_mobile,US EPA 2024,petrol:light:Gasoline Light-Duty Trucks:Model year 2020:n2o,0.0012,g/vehicle-mile,"US EPA GHG Emission Factors Hub 2024 (Last Modified: June 5, 2024); Emission Factors Hub!E200, Emission Factors Hub!F200 (vehicle Emission Factors Hub!C162, model year Emission Factors Hub!D200) p. 2; Table 3 Mobile Combustion CH4 and N2O for On-Road Gasoline Vehicles, row ""Gasoline Light-Duty Trucks, 2020"", column ""CH4 Factor (g CH4 / vehicle-mile); N2O Factor (g N2O / vehicle-mile)"""
epa_hub_mobile,US EPA 2024,petrol:light:Gasoline Light-Duty Trucks:Model year 2021:ch4,0.0079,g/vehicle-mile,"US EPA GHG Emission Factors Hub 2024 (Last Modified: June 5, 2024); Emission Factors Hub!E201, Emission Factors Hub!F201 (vehicle Emission Factors Hub!C162, model year Emission Factors Hub!D201) p. 2; Table 3 Mobile Combustion CH4 and N2O for On-Road Gasoline Vehicles, row ""Gasoline Light-Duty Trucks, 2021"", column ""CH4 Factor (g CH4 / vehicle-mile); N2O Factor (g N2O / vehicle-mile)"""
epa_hub_mobile,US EPA 2024,petrol:light:Gasoline Light-Duty Trucks:Model year 2021:n2o,0.0012,g/vehicle-mile,"US EPA GHG Emission Factors Hub 2024 (Last Modified: June 5, 2024); Emission Factors Hub!E201, Emission Factors Hub!F201 (vehicle Emission Factors Hub!C162, model year Emission Factors Hub!D201) p. 2; Table 3 Mobile Combustion CH4 and N2O for On-Road Gasoline Vehicles, row ""Gasoline Light-Duty Trucks, 2021"", column ""CH4 Factor (g CH4 / vehicle-mile); N2O Factor (g N2O / vehicle-mile)"""
epa_hub_mobile,US EPA 2024,petrol:heavy:Gasoline Heavy-Duty Vehicles:Model year ≤1980:ch4,0.4604,g/vehicle-mile,"US EPA GHG Emission Factors Hub 2024 (Last Modified: June 5, 2024); Emission Factors Hub!E202, Emission Factors Hub!F202 (vehicle Emission Factors Hub!C202, model year Emission Factors Hub!D202) p. 2; Table 3 Mobile Combustion CH4 and N2O for On-Road Gasoline Vehicles, row ""Gasoline Heavy-Duty Vehicles, ≤1980"", column ""CH4 Factor (g CH4 / vehicle-mile); N2O Factor (g N2O / vehicle-mile)"""
epa_hub_mobile,US EPA 2024,petrol:heavy:Gasoline Heavy-Duty Vehicles:Model year ≤1980:n2o,0.0497,g/vehicle-mile,"US EPA GHG Emission Factors Hub 2024 (Last Modified: June 5, 2024); Emission Factors Hub!E202, Emission Factors Hub!F202 (vehicle Emission Factors Hub!C202, model year Emission Factors Hub!D202) p. 2; Table 3 Mobile Combustion CH4 and N2O for On-Road Gasoline Vehicles, row ""Gasoline Heavy-Duty Vehicles, ≤1980"", column ""CH4 Factor (g CH4 / vehicle-mile); N2O Factor (g N2O / vehicle-mile)"""
epa_hub_mobile,US EPA 2024,petrol:heavy:Gasoline Heavy-Duty Vehicles:Model year 1981-1984:ch4,0.4492,g/vehicle-mile,"US EPA GHG Emission Factors Hub 2024 (Last Modified: June 5, 2024); Emission Factors Hub!E203, Emission Factors Hub!F203 (vehicle Emission Factors Hub!C202, model year Emission Factors Hub!D203) p. 2; Table 3 Mobile Combustion CH4 and N2O for On-Road Gasoline Vehicles, row ""Gasoline Heavy-Duty Vehicles, 1981-1984"", column ""CH4 Factor (g CH4 / vehicle-mile); N2O Factor (g N2O / vehicle-mile)"""
epa_hub_mobile,US EPA 2024,petrol:heavy:Gasoline Heavy-Duty Vehicles:Model year 1981-1984:n2o,0.0538,g/vehicle-mile,"US EPA GHG Emission Factors Hub 2024 (Last Modified: June 5, 2024); Emission Factors Hub!E203, Emission Factors Hub!F203 (vehicle Emission Factors Hub!C202, model year Emission Factors Hub!D203) p. 2; Table 3 Mobile Combustion CH4 and N2O for On-Road Gasoline Vehicles, row ""Gasoline Heavy-Duty Vehicles, 1981-1984"", column ""CH4 Factor (g CH4 / vehicle-mile); N2O Factor (g N2O / vehicle-mile)"""
epa_hub_mobile,US EPA 2024,petrol:heavy:Gasoline Heavy-Duty Vehicles:Model year 1985-1986:ch4,0.409,g/vehicle-mile,"US EPA GHG Emission Factors Hub 2024 (Last Modified: June 5, 2024); Emission Factors Hub!E204, Emission Factors Hub!F204 (vehicle Emission Factors Hub!C202, model year Emission Factors Hub!D204) p. 2; Table 3 Mobile Combustion CH4 and N2O for On-Road Gasoline Vehicles, row ""Gasoline Heavy-Duty Vehicles, 1985-1986"", column ""CH4 Factor (g CH4 / vehicle-mile); N2O Factor (g N2O / vehicle-mile)"""
epa_hub_mobile,US EPA 2024,petrol:heavy:Gasoline Heavy-Duty Vehicles:Model year 1985-1986:n2o,0.0515,g/vehicle-mile,"US EPA GHG Emission Factors Hub 2024 (Last Modified: June 5, 2024); Emission Factors Hub!E204, Emission Factors Hub!F204 (vehicle Emission Factors Hub!C202, model year Emission Factors Hub!D204) p. 2; Table 3 Mobile Combustion CH4 and N2O for On-Road Gasoline Vehicles, row ""Gasoline Heavy-Duty Vehicles, 1985-1986"", column ""CH4 Factor (g CH4 / vehicle-mile); N2O Factor (g N2O / vehicle-mile)"""
epa_hub_mobile,US EPA 2024,petrol:heavy:Gasoline Heavy-Duty Vehicles:Model year 1987:ch4,0.3675,g/vehicle-mile,"US EPA GHG Emission Factors Hub 2024 (Last Modified: June 5, 2024); Emission Factors Hub!E205, Emission Factors Hub!F205 (vehicle Emission Factors Hub!C202, model year Emission Factors Hub!D205) p. 2; Table 3 Mobile Combustion CH4 and N2O for On-Road Gasoline Vehicles, row ""Gasoline Heavy-Duty Vehicles, 1987"", column ""CH4 Factor (g CH4 / vehicle-mile); N2O Factor (g N2O / vehicle-mile)"""
epa_hub_mobile,US EPA 2024,petrol:heavy:Gasoline Heavy-Duty Vehicles:Model year 1987:n2o,0.0849,g/vehicle-mile,"US EPA GHG Emission Factors Hub 2024 (Last Modified: June 5, 2024); Emission Factors Hub!E205, Emission Factors Hub!F205 (vehicle Emission Factors Hub!C202, model year Emission Factors Hub!D205) p. 2; Table 3 Mobile Combustion CH4 and N2O for On-Road Gasoline Vehicles, row ""Gasoline Heavy-Duty Vehicles, 1987"", column ""CH4 Factor (g CH4 / vehicle-mile); N2O Factor (g N2O / vehicle-mile)"""
epa_hub_mobile,US EPA 2024,petrol:heavy:Gasoline Heavy-Duty Vehicles:Model year 1988-1989:ch4,0.3492,g/vehicle-mile,"US EPA GHG Emission Factors Hub 2024 (Last Modified: June 5, 2024); Emission Factors Hub!E206, Emission Factors Hub!F206 (vehicle Emission Factors Hub!C202, model year Emission Factors Hub!D206) p. 2; Table 3 Mobile Combustion CH4 and N2O for On-Road Gasoline Vehicles, row ""Gasoline Heavy-Duty Vehicles, 1988-1989"", column ""CH4 Factor (g CH4 / vehicle-mile); N2O Factor (g N2O / vehicle-mile)"""
epa_hub_mobile,US EPA 2024,petrol:heavy:Gasoline Heavy-Duty Vehicles:Model year 1988-1989:n2o,0.0933,g/vehicle-mile,"US EPA GHG Emission Factors Hub 2024 (Last Modified: June 5, 2024); Emission Factors Hub!E206, Emission Factors Hub!F206 (vehicle Emission Factors Hub!C202, model year Emission Factors Hub!D206) p. 2; Table 3 Mobile Combustion CH4 and N2O for On-Road Gasoline Vehicles, row ""Gasoline Heavy-Duty Vehicles, 1988-1989"", column ""CH4 Factor (g CH4 / vehicle-mile); N2O Factor (g N2O / vehicle-mile)"""
epa_hub_mobile,US EPA 2024,petrol:heavy:Gasoline Heavy-Duty Vehicles:Model year 1990-1995:ch4,0.3246,g/vehicle-mile,"US EPA GHG Emission Factors Hub 2024 (Last Modified: June 5, 2024); Emission Factors Hub!E207, Emission Factors Hub!F207 (vehicle Emission Factors Hub!C202, model year Emission Factors Hub!D207) p. 2; Table 3 Mobile Combustion CH4 and N2O for On-Road Gasoline Vehicles, row ""Gasoline Heavy-Duty Vehicles, 1990-1995"", column ""CH4 Factor (g CH4 / vehicle-mile); N2O Factor (g N2O / vehicle-mile)"""
epa_hub_mobile,US EPA 2024,petrol:heavy:Gasoline Heavy-Duty Vehicles:Model year 1990-1995:n2o,0.1142,g/vehicle-mile,"US EPA GHG Emission Factors Hub 2024 (Last Modified: June 5, 2024); Emission Factors Hub!E207, Emission Factors Hub!F207 (vehicle Emission Factors Hub!C202, model year Emission Factors Hub!D207) p. 2; Table 3 Mobile Combustion CH4 and N2O for On-Road Gasoline Vehicles, row ""Gasoline Heavy-Duty Vehicles, 1990-1995"", column ""CH4 Factor (g CH4 / vehicle-mile); N2O Factor (g N2O / vehicle-mile)"""
epa_hub_mobile,US EPA 2024,petrol:heavy:Gasoline Heavy-Duty Vehicles:Model year 1996:ch4,0.1278,g/vehicle-mile,"US EPA GHG Emission Factors Hub 2024 (Last Modified: June 5, 2024); Emission Factors Hub!E208, Emission Factors Hub!F208 (vehicle Emission Factors Hub!C202, model year Emission Factors Hub!D208) p. 2; Table 3 Mobile Combustion CH4 and N2O for On-Road Gasoline Vehicles, row ""Gasoline Heavy-Duty Vehicles, 1996"", column ""CH4 Factor (g CH4 / vehicle-mile); N2O Factor (g N2O / vehicle-mile)"""
epa_hub_mobile,US EPA 2024,petrol:heavy:Gasoline Heavy-Duty Vehicles:Model year 1996:n2o,0.168,g/vehicle-mile,"US EPA GHG Emission Factors Hub 2024 (Last Modified: June 5, 2024); Emission Factors Hub!E208, Emission Factors Hub!F208 (vehicle Emission Factors Hub!C202, model year Emission Factors Hub!D208) p. 2; Table 3 Mobile Combustion CH4 and N2O for On-Road Gasoline Vehicles, row ""Gasoline Heavy-Duty Vehicles, 1996"", column ""CH4 Factor (g CH4 / vehicle-mile); N2O Factor (g N2O / vehicle-mile)"""
epa_hub_mobile,US EPA 2024,petrol:heavy:Gasoline Heavy-Duty Vehicles:Model year 1997:ch4,0.0924,g/vehicle-mile,"US EPA GHG Emission Factors Hub 2024 (Last Modified: June 5, 2024); Emission Factors Hub!E209, Emission Factors Hub!F209 (vehicle Emission Factors Hub!C202, model year Emission Factors Hub!D209) p. 2; Table 3 Mobile Combustion CH4 and N2O for On-Road Gasoline Vehicles, row ""Gasoline Heavy-Duty Vehicles, 1997"", column ""CH4 Factor (g CH4 / vehicle-mile); N2O Factor (g N2O / vehicle-mile)"""
epa_hub_mobile,US EPA 2024,petrol:heavy:Gasoline Heavy-Duty Vehicles:Model year 1997:n2o,0.1726,g/vehicle-mile,"US EPA GHG Emission Factors Hub 2024 (Last Modified: June 5, 2024); Emission Factors Hub!E209, Emission Factors Hub!F209 (vehicle Emission Factors Hub!C202, model year Emission Factors Hub!D209) p. 2; Table 3 Mobile Combustion CH4 and N2O for On-Road Gasoline Vehicles, row ""Gasoline Heavy-Duty Vehicles, 1997"", column ""CH4 Factor (g CH4 / vehicle-mile); N2O Factor (g N2O / vehicle-mile)"""
epa_hub_mobile,US EPA 2024,petrol:heavy:Gasoline Heavy-Duty Vehicles:Model year 1998:ch4,0.0655,g/vehicle-mile,"US EPA GHG Emission Factors Hub 2024 (Last Modified: June 5, 2024); Emission Factors Hub!E210, Emission Factors Hub!F210 (vehicle Emission Factors Hub!C202, model year Emission Factors Hub!D210) p. 2; Table 3 Mobile Combustion CH4 and N2O for On-Road Gasoline Vehicles, row ""Gasoline Heavy-Duty Vehicles, 1998"", column ""CH4 Factor (g CH4 / vehicle-mile); N2O Factor (g N2O / vehicle-mile)"""
epa_hub_mobile,US EPA 2024,petrol:heavy:Gasoline Heavy-Duty Vehicles:Model year 1998:n2o,0.175,g/vehicle-mile,"US EPA GHG Emission Factors Hub 2024 (Last Modified: June 5, 2024); Emission Factors Hub!E210, Emission Factors Hub!F210 (vehicle Emission Factors Hub!C202, model year Emission Factors Hub!D210) p. 2; Table 3 Mobile Combustion CH4 and N2O for On-Road Gasoline Vehicles, row ""Gasoline Heavy-Duty Vehicles, 1998"", column ""CH4 Factor (g CH4 / vehicle-mile); N2O Factor (g N2O / vehicle-mile)"""
epa_hub_mobile,US EPA 2024,petrol:heavy:Gasoline Heavy-Duty Vehicles:Model year 1999:ch4,0.0648,g/vehicle-mile,"US EPA GHG Emission Factors Hub 2024 (Last Modified: June 5, 2024); Emission Factors Hub!E211, Emission Factors Hub!F211 (vehicle Emission Factors Hub!C202, model year Emission Factors Hub!D211) p. 2; Table 3 Mobile Combustion CH4 and N2O for On-Road Gasoline Vehicles, row ""Gasoline Heavy-Duty Vehicles, 1999"", column ""CH4 Factor (g CH4 / vehicle-mile); N2O Factor (g N2O / vehicle-mile)"""
epa_hub_mobile,US EPA 2024,petrol:heavy:Gasoline Heavy-Duty Vehicles:Model year 1999:n2o,0.1724,g/vehicle-mile,"US EPA GHG Emission Factors Hub 2024 (Last Modified: June 5, 2024); Emission Factors Hub!E211, Emission Factors Hub!F211 (vehicle Emission Factors Hub!C202, model year Emission Factors Hub!D211) p. 2; Table 3 Mobile Combustion CH4 and N2O for On-Road Gasoline Vehicles, row ""Gasoline Heavy-Duty Vehicles, 1999"", column ""CH4 Factor (g CH4 / vehicle-mile); N2O Factor (g N2O / vehicle-mile)"""
epa_hub_mobile,US EPA 2024,petrol:heavy:Gasoline Heavy-Duty Vehicles:Model year 2000:ch4,0.063,g/vehicle-mile,"US EPA GHG Emission Factors Hub 2024 (Last Modified: June 5, 2024); Emission Factors Hub!E212, Emission Factors Hub!F212 (vehicle Emission Factors Hub!C202, model year Emission Factors Hub!D212) p. 2; Table 3 Mobile Combustion CH4 and N2O for On-Road Gasoline Vehicles, row ""Gasoline Heavy-Duty Vehicles, 2000"", column ""CH4 Factor (g CH4 / vehicle-mile); N2O Factor (g N2O / vehicle-mile)"""
epa_hub_mobile,US EPA 2024,petrol:heavy:Gasoline Heavy-Duty Vehicles:Model year 2000:n2o,0.166,g/vehicle-mile,"US EPA GHG Emission Factors Hub 2024 (Last Modified: June 5, 2024); Emission Factors Hub!E212, Emission Factors Hub!F212 (vehicle Emission Factors Hub!C202, model year Emission Factors Hub!D212) p. 2; Table 3 Mobile Combustion CH4 and N2O for On-Road Gasoline Vehicles, row ""Gasoline Heavy-Duty Vehicles, 2000"", column ""CH4 Factor (g CH4 / vehicle-mile); N2O Factor (g N2O / vehicle-mile)"""
epa_hub_mobile,US EPA 2024,petrol:heavy:Gasoline Heavy-Duty Vehicles:Model year 2001:ch4,0.0577,g/vehicle-mile,"US EPA GHG Emission Factors Hub 2024 (Last Modified: June 5, 2024); Emission Factors Hub!E213, Emission Factors Hub!F213 (vehicle Emission Factors Hub!C202, model year Emission Factors Hub!D213) p. 2; Table 3 Mobile Combustion CH4 and N2O for On-Road Gasoline Vehicles, row ""Gasoline Heavy-Duty Vehicles, 2001"", column ""CH4 Factor (g CH4 / vehicle-mile); N2O Factor (g N2O / vehicle-mile)"""
epa_hub_mobile,US EPA 2024,petrol:heavy:Gasoline Heavy-Duty Vehicles:Model year 2001:n2o,0.1468,g/vehicle-mile,"US EPA GHG Emission Factors Hub 2024 (Last Modified: June 5, 2024); Emission Factors Hub!E213, Emission Factors Hub!F213 (vehicle Emission Factors Hub!C202, model year Emission Factors Hub!D213) p. 2; Table 3 Mobile Combustion CH4 and N2O for On-Road Gasoline Vehicles, row ""Gasoline Heavy-Duty Vehicles, 2001"", column ""CH4 Factor (g CH4 / vehicle-mile); N2O Factor (g N2O / vehicle-mile)"""
epa_hub_mobile,US EPA 2024,petrol:heavy:Gasoline Heavy-Duty Vehicles:Model year 2002:ch4,0.0634,g/vehicle-mile,"US EPA GHG Emission Factors Hub 2024 (Last Modified: June 5, 2024); Emission Factors Hub!E214, Emission Factors Hub!F214 (vehicle Emission Factors Hub!C202, model year Emission Factors Hub!D214) p. 2; Table 3 Mobile Combustion CH4 and N2O for On-Road Gasoline Vehicles, row ""Gasoline Heavy-Duty Vehicles, 2002"", column ""CH4 Factor (g CH4 / vehicle-mile); N2O Factor (g N2O / vehicle-mile)"""
epa_hub_mobile,US EPA 2024,petrol:heavy:Gasoline Heavy-Duty Vehicles:Model year 2002:n2o,0.1673,g/vehicle-mile,"US EPA GHG Emission Factors Hub 2024 (Last Modified: June 5, 2024); Emission Factors Hub!E214, Emission Factors Hub!F214 (vehicle Emission Factors Hub!C202, model year Emission Factors Hub!D214) p. 2; Table 3 Mobile Combustion CH4 and N2O for On-Road Gasoline Vehicles, row ""Gasoline Heavy-Duty Vehicles, 2002"", column ""CH4 Factor (g CH4 / vehicle-mile); N2O Factor (g N2O / vehicle-mile)"""
epa_hub_mobile,US EPA 2024,petrol:heavy:Gasoline Heavy-Duty Vehicles:Model year 2003:ch4,0.0602,g/vehicle-mile,"US EPA GHG Emission Factors Hub 2024 (Last Modified: June 5, 2024); Emission Factors Hub!E215, Emission Factors Hub!F215 (vehicle Emission Factors Hub!C202, model year Emission Factors Hub!D215) p. 2; Table 3 Mobile Combustion CH4 and N2O for On-Road Gasoline Vehicles, row ""Gasoline Heavy-Duty Vehicles, 2003"", column ""CH4 Factor (g CH4 / vehicle-mile); N2O Factor (g N2O / vehicle-mile)"""
epa_hub_mobile,US EPA 2024,petrol:heavy:Gasoline Heavy-Duty Vehicles:Model year 2003:n2o,0.1553,g/vehicle-mile,"US EPA GHG Emission Factors Hub 2024 (Last Modified: June 5, 2024); Emission Factors Hub!E215, Emission Factors Hub!F215 (vehicle Emission Factors Hub!C202, model year Emission Factors Hub!D215) p. 2; Table 3 Mobile Combustion CH4 and N2O for On-Road Gasoline Vehicles, row ""Gasoline Heavy-Duty Vehicles, 2003"", column ""CH4 Factor (g CH4 / vehicle-mile); N2O Factor (g N2O / vehicle-mile)"""
epa_hub_mobile,US EPA 2024,petrol:heavy:Gasoline Heavy-Duty Vehicles:Model year 2004:ch4,0.0298,g/vehicle-mile,"US EPA GHG Emission Factors Hub 2024 (Last Modified: June 5, 2024); Emission Factors Hub!E216, Emission Factors Hub!F216 (vehicle Emission Factors Hub!C202, model year Emission Factors Hub!D216) p. 2; Table 3 Mobile Combustion CH4 and N2O for On-Road Gasoline Vehicles, row ""Gasoline Heavy-Duty Vehicles, 2004"", column ""CH4 Factor (g CH4 / vehicle-mile); N2O Factor (g N2O / vehicle-mile)"""
epa_hub_mobile,US EPA 2024,petrol:heavy:Gasoline Heavy-Duty Vehicles:Model year 2004:n2o,0.0164,g/vehicle-mile,"US EPA GHG Emission Factors Hub 2024 (Last Modified: June 5, 2024); Emission Factors Hub!E216, Emission Factors Hub!F216 (vehicle Emission Factors Hub!C202, model year Emission Factors Hub!D216) p. 2; Table 3 Mobile Combustion CH4 and N2O for On-Road Gasoline Vehicles, row ""Gasoline Heavy-Duty Vehicles, 2004"", column ""CH4 Factor (g CH4 / vehicle-mile); N2O Factor (g N2O / vehicle-mile)"""
epa_hub_mobile,US EPA 2024,petrol:heavy:Gasoline Heavy-Duty Vehicles:Model year 2005:ch4,0.0297,g/vehicle-mile,"US EPA GHG Emission Factors Hub 2024 (Last Modified: June 5, 2024); Emission Factors Hub!E217, Emission Factors Hub!F217 (vehicle Emission Factors Hub!C202, model year Emission Factors Hub!D217) p. 2; Table 3 Mobile Combustion CH4 and N2O for On-Road Gasoline Vehicles, row ""Gasoline Heavy-Duty Vehicles, 2005"", column ""CH4 Factor (g CH4 / vehicle-mile); N2O Factor (g N2O / vehicle-mile)"""
epa_hub_mobile,US EPA 2024,petrol:heavy:Gasoline Heavy-Duty Vehicles:Model year 2005:n2o,0.0083,g/vehicle-mile,"US EPA GHG Emission Factors Hub 2024 (Last Modified: June 5, 2024); Emission Factors Hub!E217, Emission Factors Hub!F217 (vehicle Emission Factors Hub!C202, model year Emission Factors Hub!D217) p. 2; Table 3 Mobile Combustion CH4 and N2O for On-Road Gasoline Vehicles, row ""Gasoline Heavy-Duty Vehicles, 2005"", column ""CH4 Factor (g CH4 / vehicle-mile); N2O Factor (g N2O / vehicle-mile)"""
epa_hub_mobile,US EPA 2024,petrol:heavy:Gasoline Heavy-Duty Vehicles:Model year 2006:ch4,0.0299,g/vehicle-mile,"US EPA GHG Emission Factors Hub 2024 (Last Modified: June 5, 2024); Emission Factors Hub!E218, Emission Factors Hub!F218 (vehicle Emission Factors Hub!C202, model year Emission Factors Hub!D218) p. 2; Table 3 Mobile Combustion CH4 and N2O for On-Road Gasoline Vehicles, row ""Gasoline Heavy-Duty Vehicles, 2006"", column ""CH4 Factor (g CH4 / vehicle-mile); N2O Factor (g N2O / vehicle-mile)"""
epa_hub_mobile,US EPA 2024,petrol:heavy:Gasoline Heavy-Duty Vehicles:Model year 2006:n2o,0.0241,g/vehicle-mile,"US EPA GHG Emission Factors Hub 2024 (Last Modified: June 5, 2024); Emission Factors Hub!E218, Emission Factors Hub!F218 (vehicle Emission Factors Hub!C202, model year Emission Factors Hub!D218) p. 2; Table 3 Mobile Combustion CH4 and N2O for On-Road Gasoline Vehicles, row ""Gasoline Heavy-Duty Vehicles, 2006"", column ""CH4 Factor (g CH4 / vehicle-mile); N2O Factor (g N2O / vehicle-mile)"""
epa_hub_mobile,US EPA 2024,petrol:heavy:Gasoline Heavy-Duty Vehicles:Model year 2007:ch4,0.0322,g/vehicle-mile,"US EPA GHG Emission Factors Hub 2024 (Last Modified: June 5, 2024); Emission Factors Hub!E219, Emission Factors Hub!F219 (vehicle Emission Factors Hub!C202, model year Emission Factors Hub!D219) p. 2; Table 3 Mobile Combustion CH4 and N2O for On-Road Gasoline Vehicles, row ""Gasoline Heavy-Duty Vehicles, 2007"", column ""CH4 Factor (g CH4 / vehicle-mile); N2O Factor (g N2O / vehicle-mile)"""
epa_hub_mobile,US EPA 2024,petrol:heavy:Gasoline Heavy-Duty Vehicles:Model year 2007:n2o,0.0015,g/vehicle-mile,"US EPA GHG Emission Factors Hub 2024 (Last Modified: June 5, 2024); Emission Factors Hub!E219, Emission Factors Hub!F219 (vehicle Emission Factors Hub!C202, model year Emission Factors Hub!D219) p. 2; Table 3 Mobile Combustion CH4 and N2O for On-Road Gasoline Vehicles, row ""Gasoline Heavy-Duty Vehicles, 2007"", column ""CH4 Factor (g CH4 / vehicle-mile); N2O Factor (g N2O / vehicle-mile)"""
epa_hub_mobile,US EPA 2024,petrol:heavy:Gasoline Heavy-Duty Vehicles:Model year 2008:ch4,0.034,g/vehicle-mile,"US EPA GHG Emission Factors Hub 2024 (Last Modified: June 5, 2024); Emission Factors Hub!E220, Emission Factors Hub!F220 (vehicle Emission Factors Hub!C202, model year Emission Factors Hub!D220) p. 2; Table 3 Mobile Combustion CH4 and N2O for On-Road Gasoline Vehicles, row ""Gasoline Heavy-Duty Vehicles, 2008"", column ""CH4 Factor (g CH4 / vehicle-mile); N2O Factor (g N2O / vehicle-mile)"""
epa_hub_mobile,US EPA 2024,petrol:heavy:Gasoline Heavy-Duty Vehicles:Model year 2008:n2o,0.0015,g/vehicle-mile,"US EPA GHG Emission Factors Hub 2024 (Last Modified: June 5, 2024); Emission Factors Hub!E220, Emission Factors Hub!F220 (vehicle Emission Factors Hub!C202, model year Emission Factors Hub!D220) p. 2; Table 3 Mobile Combustion CH4 and N2O for On-Road Gasoline Vehicles, row ""Gasoline Heavy-Duty Vehicles, 2008"", column ""CH4 Factor (g CH4 / vehicle-mile); N2O Factor (g N2O / vehicle-mile)"""
epa_hub_mobile,US EPA 2024,petrol:heavy:Gasoline Heavy-Duty Vehicles:Model year 2009:ch4,0.0339,g/vehicle-mile,"US EPA GHG Emission Factors Hub 2024 (Last Modified: June 5, 2024); Emission Factors Hub!E221, Emission Factors Hub!F221 (vehicle Emission Factors Hub!C202, model year Emission Factors Hub!D221) p. 2; Table 3 Mobile Combustion CH4 and N2O for On-Road Gasoline Vehicles, row ""Gasoline Heavy-Duty Vehicles, 2009"", column ""CH4 Factor (g CH4 / vehicle-mile); N2O Factor (g N2O / vehicle-mile)"""
epa_hub_mobile,US EPA 2024,petrol:heavy:Gasoline Heavy-Duty Vehicles:Model year 2009:n2o,0.0015,g/vehicle-mile,"US EPA GHG Emission Factors Hub 2024 (Last Modified: June 5, 2024); Emission Factors Hub!E221, Emission Factors Hub!F221 (vehicle Emission Factors Hub!C202, model year Emission Factors Hub!D221) p. 2; Table 3 Mobile Combustion CH4 and N2O for On-Road Gasoline Vehicles, row ""Gasoline Heavy-Duty Vehicles, 2009"", column ""CH4 Factor (g CH4 / vehicle-mile); N2O Factor (g N2O / vehicle-mile)"""
epa_hub_mobile,US EPA 2024,petrol:heavy:Gasoline Heavy-Duty Vehicles:Model year 2010:ch4,0.032,g/vehicle-mile,"US EPA GHG Emission Factors Hub 2024 (Last Modified: June 5, 2024); Emission Factors Hub!E222, Emission Factors Hub!F222 (vehicle Emission Factors Hub!C202, model year Emission Factors Hub!D222) p. 2; Table 3 Mobile Combustion CH4 and N2O for On-Road Gasoline Vehicles, row ""Gasoline Heavy-Duty Vehicles, 2010"", column ""CH4 Factor (g CH4 / vehicle-mile); N2O Factor (g N2O / vehicle-mile)"""
epa_hub_mobile,US EPA 2024,petrol:heavy:Gasoline Heavy-Duty Vehicles:Model year 2010:n2o,0.0015,g/vehicle-mile,"US EPA GHG Emission Factors Hub 2024 (Last Modified: June 5, 2024); Emission Factors Hub!E222, Emission Factors Hub!F222 (vehicle Emission Factors Hub!C202, model year Emission Factors Hub!D222) p. 2; Table 3 Mobile Combustion CH4 and N2O for On-Road Gasoline Vehicles, row ""Gasoline Heavy-Duty Vehicles, 2010"", column ""CH4 Factor (g CH4 / vehicle-mile); N2O Factor (g N2O / vehicle-mile)"""
epa_hub_mobile,US EPA 2024,petrol:heavy:Gasoline Heavy-Duty Vehicles:Model year 2011:ch4,0.0304,g/vehicle-mile,"US EPA GHG Emission Factors Hub 2024 (Last Modified: June 5, 2024); Emission Factors Hub!E223, Emission Factors Hub!F223 (vehicle Emission Factors Hub!C202, model year Emission Factors Hub!D223) p. 2; Table 3 Mobile Combustion CH4 and N2O for On-Road Gasoline Vehicles, row ""Gasoline Heavy-Duty Vehicles, 2011"", column ""CH4 Factor (g CH4 / vehicle-mile); N2O Factor (g N2O / vehicle-mile)"""
epa_hub_mobile,US EPA 2024,petrol:heavy:Gasoline Heavy-Duty Vehicles:Model year 2011:n2o,0.0015,g/vehicle-mile,"US EPA GHG Emission Factors Hub 2024 (Last Modified: June 5, 2024); Emission Factors Hub!E223, Emission Factors Hub!F223 (vehicle Emission Factors Hub!C202, model year Emission Factors Hub!D223) p. 2; Table 3 Mobile Combustion CH4 and N2O for On-Road Gasoline Vehicles, row ""Gasoline Heavy-Duty Vehicles, 2011"", column ""CH4 Factor (g CH4 / vehicle-mile); N2O Factor (g N2O / vehicle-mile)"""
epa_hub_mobile,US EPA 2024,petrol:heavy:Gasoline Heavy-Duty Vehicles:Model year 2012:ch4,0.0313,g/vehicle-mile,"US EPA GHG Emission Factors Hub 2024 (Last Modified: June 5, 2024); Emission Factors Hub!E224, Emission Factors Hub!F224 (vehicle Emission Factors Hub!C202, model year Emission Factors Hub!D224) p. 2; Table 3 Mobile Combustion CH4 and N2O for On-Road Gasoline Vehicles, row ""Gasoline Heavy-Duty Vehicles, 2012"", column ""CH4 Factor (g CH4 / vehicle-mile); N2O Factor (g N2O / vehicle-mile)"""
epa_hub_mobile,US EPA 2024,petrol:heavy:Gasoline Heavy-Duty Vehicles:Model year 2012:n2o,0.0015,g/vehicle-mile,"US EPA GHG Emission Factors Hub 2024 (Last Modified: June 5, 2024); Emission Factors Hub!E224, Emission Factors Hub!F224 (vehicle Emission Factors Hub!C202, model year Emission Factors Hub!D224) p. 2; Table 3 Mobile Combustion CH4 and N2O for On-Road Gasoline Vehicles, row ""Gasoline Heavy-Duty Vehicles, 2012"", column ""CH4 Factor (g CH4 / vehicle-mile); N2O Factor (g N2O / vehicle-mile)"""
epa_hub_mobile,US EPA 2024,petrol:heavy:Gasoline Heavy-Duty Vehicles:Model year 2013:ch4,0.0313,g/vehicle-mile,"US EPA GHG Emission Factors Hub 2024 (Last Modified: June 5, 2024); Emission Factors Hub!E225, Emission Factors Hub!F225 (vehicle Emission Factors Hub!C202, model year Emission Factors Hub!D225) p. 2; Table 3 Mobile Combustion CH4 and N2O for On-Road Gasoline Vehicles, row ""Gasoline Heavy-Duty Vehicles, 2013"", column ""CH4 Factor (g CH4 / vehicle-mile); N2O Factor (g N2O / vehicle-mile)"""
epa_hub_mobile,US EPA 2024,petrol:heavy:Gasoline Heavy-Duty Vehicles:Model year 2013:n2o,0.0015,g/vehicle-mile,"US EPA GHG Emission Factors Hub 2024 (Last Modified: June 5, 2024); Emission Factors Hub!E225, Emission Factors Hub!F225 (vehicle Emission Factors Hub!C202, model year Emission Factors Hub!D225) p. 2; Table 3 Mobile Combustion CH4 and N2O for On-Road Gasoline Vehicles, row ""Gasoline Heavy-Duty Vehicles, 2013"", column ""CH4 Factor (g CH4 / vehicle-mile); N2O Factor (g N2O / vehicle-mile)"""
epa_hub_mobile,US EPA 2024,petrol:heavy:Gasoline Heavy-Duty Vehicles:Model year 2014:ch4,0.0315,g/vehicle-mile,"US EPA GHG Emission Factors Hub 2024 (Last Modified: June 5, 2024); Emission Factors Hub!E226, Emission Factors Hub!F226 (vehicle Emission Factors Hub!C202, model year Emission Factors Hub!D226) p. 2; Table 3 Mobile Combustion CH4 and N2O for On-Road Gasoline Vehicles, row ""Gasoline Heavy-Duty Vehicles, 2014"", column ""CH4 Factor (g CH4 / vehicle-mile); N2O Factor (g N2O / vehicle-mile)"""
epa_hub_mobile,US EPA 2024,petrol:heavy:Gasoline Heavy-Duty Vehicles:Model year 2014:n2o,0.0015,g/vehicle-mile,"US EPA GHG Emission Factors Hub 2024 (Last Modified: June 5, 2024); Emission Factors Hub!E226, Emission Factors Hub!F226 (vehicle Emission Factors Hub!C202, model year Emission Factors Hub!D226) p. 2; Table 3 Mobile Combustion CH4 and N2O for On-Road Gasoline Vehicles, row ""Gasoline Heavy-Duty Vehicles, 2014"", column ""CH4 Factor (g CH4 / vehicle-mile); N2O Factor (g N2O / vehicle-mile)"""
epa_hub_mobile,US EPA 2024,petrol:heavy:Gasoline Heavy-Duty Vehicles:Model year 2015:ch4,0.0332,g/vehicle-mile,"US EPA GHG Emission Factors Hub 2024 (Last Modified: June 5, 2024); Emission Factors Hub!E227, Emission Factors Hub!F227 (vehicle Emission Factors Hub!C202, model year Emission Factors Hub!D227) p. 2; Table 3 Mobile Combustion CH4 and N2O for On-Road Gasoline Vehicles, row ""Gasoline Heavy-Duty Vehicles, 2015"", column ""CH4 Factor (g CH4 / vehicle-mile); N2O Factor (g N2O / vehicle-mile)"""
epa_hub_mobile,US EPA 2024,petrol:heavy:Gasoline Heavy-Duty Vehicles:Model year 2015:n2o,0.0021,g/vehicle-mile,"US EPA GHG Emission Factors Hub 2024 (Last Modified: June 5, 2024); Emission Factors Hub!E227, Emission Factors Hub!F227 (vehicle Emission Factors Hub!C202, model year Emission Factors Hub!D227) p. 2; Table 3 Mobile Combustion CH4 and N2O for On-Road Gasoline Vehicles, row ""Gasoline Heavy-Duty Vehicles, 2015"", column ""CH4 Factor (g CH4 / vehicle-mile); N2O Factor (g N2O / vehicle-mile)"""
epa_hub_mobile,US EPA 2024,petrol:heavy:Gasoline Heavy-Duty Vehicles:Model year 2016:ch4,0.0321,g/vehicle-mile,"US EPA GHG Emission Factors Hub 2024 (Last Modified: June 5, 2024); Emission Factors Hub!E228, Emission Factors Hub!F228 (vehicle Emission Factors Hub!C202, model year Emission Factors Hub!D228) p. 2; Table 3 Mobile Combustion CH4 and N2O for On-Road Gasoline Vehicles, row ""Gasoline Heavy-Duty Vehicles, 2016"", column ""CH4 Factor (g CH4 / vehicle-mile); N2O Factor (g N2O / vehicle-mile)"""
epa_hub_mobile,US EPA 2024,petrol:heavy:Gasoline Heavy-Duty Vehicles:Model year 2016:n2o,0.0061,g/vehicle-mile,"US EPA GHG Emission Factors Hub 2024 (Last Modified: June 5, 2024); Emission Factors Hub!E228, Emission Factors Hub!F228 (vehicle Emission Factors Hub!C202, model year Emission Factors Hub!D228) p. 2; Table 3 Mobile Combustion CH4 and N2O for On-Road Gasoline Vehicles, row ""Gasoline Heavy-Duty Vehicles, 2016"", column ""CH4 Factor (g CH4 / vehicle-mile); N2O Factor (g N2O / vehicle-mile)"""
epa_hub_mobile,US EPA 2024,petrol:heavy:Gasoline Heavy-Duty Vehicles:Model year 2017:ch4,0.0329,g/vehicle-mile,"US EPA GHG Emission Factors Hub 2024 (Last Modified: June 5, 2024); Emission Factors Hub!E229, Emission Factors Hub!F229 (vehicle Emission Factors Hub!C202, model year Emission Factors Hub!D229) p. 2; Table 3 Mobile Combustion CH4 and N2O for On-Road Gasoline Vehicles, row ""Gasoline Heavy-Duty Vehicles, 2017"", column ""CH4 Factor (g CH4 / vehicle-mile); N2O Factor (g N2O / vehicle-mile)"""
epa_hub_mobile,US EPA 2024,petrol:heavy:Gasoline Heavy-Duty Vehicles:Model year 2017:n2o,0.0084,g/vehicle-mile,"US EPA GHG Emission Factors Hub 2024 (Last Modified: June 5, 2024); Emission Factors Hub!E229, Emission Factors Hub!F229 (vehicle Emission Factors Hub!C202, model year Emission Factors Hub!D229) p. 2; Table 3 Mobile Combustion CH4 and N2O for On-Road Gasoline Vehicles, row ""Gasoline Heavy-Duty Vehicles, 2017"", column ""CH4 Factor (g CH4 / vehicle-mile); N2O Factor (g N2O / vehicle-mile)"""
epa_hub_mobile,US EPA 2024,petrol:heavy:Gasoline Heavy-Duty Vehicles:Model year 2018:ch4,0.0326,g/vehicle-mile,"US EPA GHG Emission Factors Hub 2024 (Last Modified: June 5, 2024); Emission Factors Hub!E230, Emission Factors Hub!F230 (vehicle Emission Factors Hub!C202, model year Emission Factors Hub!D230) p. 2; Table 3 Mobile Combustion CH4 and N2O for On-Road Gasoline Vehicles, row ""Gasoline Heavy-Duty Vehicles, 2018"", column ""CH4 Factor (g CH4 / vehicle-mile); N2O Factor (g N2O / vehicle-mile)"""
epa_hub_mobile,US EPA 2024,petrol:heavy:Gasoline Heavy-Duty Vehicles:Model year 2018:n2o,0.0082,g/vehicle-mile,"US EPA GHG Emission Factors Hub 2024 (Last Modified: June 5, 2024); Emission Factors Hub!E230, Emission Factors Hub!F230 (vehicle Emission Factors Hub!C202, model year Emission Factors Hub!D230) p. 2; Table 3 Mobile Combustion CH4 and N2O for On-Road Gasoline Vehicles, row ""Gasoline Heavy-Duty Vehicles, 2018"", column ""CH4 Factor (g CH4 / vehicle-mile); N2O Factor (g N2O / vehicle-mile)"""
epa_hub_mobile,US EPA 2024,petrol:heavy:Gasoline Heavy-Duty Vehicles:Model year 2019:ch4,0.033,g/vehicle-mile,"US EPA GHG Emission Factors Hub 2024 (Last Modified: June 5, 2024); Emission Factors Hub!E231, Emission Factors Hub!F231 (vehicle Emission Factors Hub!C202, model year Emission Factors Hub!D231) p. 2; Table 3 Mobile Combustion CH4 and N2O for On-Road Gasoline Vehicles, row ""Gasoline Heavy-Duty Vehicles, 2019"", column ""CH4 Factor (g CH4 / vehicle-mile); N2O Factor (g N2O / vehicle-mile)"""
epa_hub_mobile,US EPA 2024,petrol:heavy:Gasoline Heavy-Duty Vehicles:Model year 2019:n2o,0.0091,g/vehicle-mile,"US EPA GHG Emission Factors Hub 2024 (Last Modified: June 5, 2024); Emission Factors Hub!E231, Emission Factors Hub!F231 (vehicle Emission Factors Hub!C202, model year Emission Factors Hub!D231) p. 2; Table 3 Mobile Combustion CH4 and N2O for On-Road Gasoline Vehicles, row ""Gasoline Heavy-Duty Vehicles, 2019"", column ""CH4 Factor (g CH4 / vehicle-mile); N2O Factor (g N2O / vehicle-mile)"""
epa_hub_mobile,US EPA 2024,petrol:heavy:Gasoline Heavy-Duty Vehicles:Model year 2020:ch4,0.0332,g/vehicle-mile,"US EPA GHG Emission Factors Hub 2024 (Last Modified: June 5, 2024); Emission Factors Hub!E232, Emission Factors Hub!F232 (vehicle Emission Factors Hub!C202, model year Emission Factors Hub!D232) p. 2; Table 3 Mobile Combustion CH4 and N2O for On-Road Gasoline Vehicles, row ""Gasoline Heavy-Duty Vehicles, 2020"", column ""CH4 Factor (g CH4 / vehicle-mile); N2O Factor (g N2O / vehicle-mile)"""
epa_hub_mobile,US EPA 2024,petrol:heavy:Gasoline Heavy-Duty Vehicles:Model year 2020:n2o,0.01,g/vehicle-mile,"US EPA GHG Emission Factors Hub 2024 (Last Modified: June 5, 2024); Emission Factors Hub!E232, Emission Factors Hub!F232 (vehicle Emission Factors Hub!C202, model year Emission Factors Hub!D232) p. 2; Table 3 Mobile Combustion CH4 and N2O for On-Road Gasoline Vehicles, row ""Gasoline Heavy-Duty Vehicles, 2020"", column ""CH4 Factor (g CH4 / vehicle-mile); N2O Factor (g N2O / vehicle-mile)"""
epa_hub_mobile,US EPA 2024,petrol:heavy:Gasoline Heavy-Duty Vehicles:Model year 2021:ch4,0.0332,g/vehicle-mile,"US EPA GHG Emission Factors Hub 2024 (Last Modified: June 5, 2024); Emission Factors Hub!E233, Emission Factors Hub!F233 (vehicle Emission Factors Hub!C202, model year Emission Factors Hub!D233) p. 2; Table 3 Mobile Combustion CH4 and N2O for On-Road Gasoline Vehicles, row ""Gasoline Heavy-Duty Vehicles, 2021"", column ""CH4 Factor (g CH4 / vehicle-mile); N2O Factor (g N2O / vehicle-mile)"""
epa_hub_mobile,US EPA 2024,petrol:heavy:Gasoline Heavy-Duty Vehicles:Model year 2021:n2o,0.01,g/vehicle-mile,"US EPA GHG Emission Factors Hub 2024 (Last Modified: June 5, 2024); Emission Factors Hub!E233, Emission Factors Hub!F233 (vehicle Emission Factors Hub!C202, model year Emission Factors Hub!D233) p. 2; Table 3 Mobile Combustion CH4 and N2O for On-Road Gasoline Vehicles, row ""Gasoline Heavy-Duty Vehicles, 2021"", column ""CH4 Factor (g CH4 / vehicle-mile); N2O Factor (g N2O / vehicle-mile)"""
epa_hub_mobile,US EPA 2024,diesel:light:Passenger Cars:Model year 1960-1982:ch4,0.0006,g/vehicle-mile,"US EPA GHG Emission Factors Hub 2024 (Last Modified: June 5, 2024); Emission Factors Hub!F243, Emission Factors Hub!G243 p. 3; Table 4 Mobile Combustion CH4 and N2O for On-Road Diesel and Alternative Fuel Vehicles, row ""Passenger Cars, Diesel, 1960-1982"", column ""CH4 Factor (g CH4 / vehicle-mile); N2O Factor (g N2O / vehicle-mile)"""
epa_hub_mobile,US EPA 2024,diesel:light:Passenger Cars:Model year 1960-1982:n2o,0.0012,g/vehicle-mile,"US EPA GHG Emission Factors Hub 2024 (Last Modified: June 5, 2024); Emission Factors Hub!F243, Emission Factors Hub!G243 p. 3; Table 4 Mobile Combustion CH4 and N2O for On-Road Diesel and Alternative Fuel Vehicles, row ""Passenger Cars, Diesel, 1960-1982"", column ""CH4 Factor (g CH4 / vehicle-mile); N2O Factor (g N2O / vehicle-mile)"""
epa_hub_mobile,US EPA 2024,diesel:light:Passenger Cars:Model year 1983-2006:ch4,0.0005,g/vehicle-mile,"US EPA GHG Emission Factors Hub 2024 (Last Modified: June 5, 2024); Emission Factors Hub!F244, Emission Factors Hub!G244 p. 3; Table 4 Mobile Combustion CH4 and N2O for On-Road Diesel and Alternative Fuel Vehicles, row ""Passenger Cars, Diesel, 1983-2006"", column ""CH4 Factor (g CH4 / vehicle-mile); N2O Factor (g N2O / vehicle-mile)"""
epa_hub_mobile,US EPA 2024,diesel:light:Passenger Cars:Model year 1983-2006:n2o,0.001,g/vehicle-mile,"US EPA GHG Emission Factors Hub 2024 (Last Modified: June 5, 2024); Emission Factors Hub!F244, Emission Factors Hub!G244 p. 3; Table 4 Mobile Combustion CH4 and N2O for On-Road Diesel and Alternative Fuel Vehicles, row ""Passenger Cars, Diesel, 1983-2006"", column ""CH4 Factor (g CH4 / vehicle-mile); N2O Factor (g N2O / vehicle-mile)"""
epa_hub_mobile,US EPA 2024,diesel:light:Passenger Cars:Model year 2007-2021:ch4,0.0302,g/vehicle-mile,"US EPA GHG Emission Factors Hub 2024 (Last Modified: June 5, 2024); Emission Factors Hub!F245, Emission Factors Hub!G245 p. 3; Table 4 Mobile Combustion CH4 and N2O for On-Road Diesel and Alternative Fuel Vehicles, row ""Passenger Cars, Diesel, 2007-2021"", column ""CH4 Factor (g CH4 / vehicle-mile); N2O Factor (g N2O / vehicle-mile)"""
epa_hub_mobile,US EPA 2024,diesel:light:Passenger Cars:Model year 2007-2021:n2o,0.0192,g/vehicle-mile,"US EPA GHG Emission Factors Hub 2024 (Last Modified: June 5, 2024); Emission Factors Hub!F245, Emission Factors Hub!G245 p. 3; Table 4 Mobile Combustion CH4 and N2O for On-Road Diesel and Alternative Fuel Vehicles, row ""Passenger Cars, Diesel, 2007-2021"", column ""CH4 Factor (g CH4 / vehicle-mile); N2O Factor (g N2O / vehicle-mile)"""
epa_hub_mobile,US EPA 2024,diesel:light:Light-Duty Trucks:Model year 1960-1982:ch4,0.0011,g/vehicle-mile,"US EPA GHG Emission Factors Hub 2024 (Last Modified: June 5, 2024); Emission Factors Hub!F246, Emission Factors Hub!G246 p. 3; Table 4 Mobile Combustion CH4 and N2O for On-Road Diesel and Alternative Fuel Vehicles, row ""Light-Duty Trucks, Diesel, 1960-1982"", column ""CH4 Factor (g CH4 / vehicle-mile); N2O Factor (g N2O / vehicle-mile)"""
epa_hub_mobile,US EPA 2024,diesel:light:Light-Duty Trucks:Model year 1960-1982:n2o,0.0017,g/vehicle-mile,"US EPA GHG Emission Factors Hub 2024 (Last Modified: June 5, 2024); Emission Factors Hub!F246, Emission Factors Hub!G246 p. 3; Table 4 Mobile Combustion CH4 and N2O for On-Road Diesel and Alternative Fuel Vehicles, row ""Light-Duty Trucks, Diesel, 1960-1982"", column ""CH4 Factor (g CH4 / vehicle-mile); N2O Factor (g N2O / vehicle-mile)"""
epa_hub_mobile,US EPA 2024,diesel:light:Light-Duty Trucks:Model year 1983-2006:ch4,0.0009,g/vehicle-mile,"US EPA GHG Emission Factors Hub 2024 (Last Modified: June 5, 2024); Emission Factors Hub!F247, Emission Factors Hub!G247 p. 3; Table 4 Mobile Combustion CH4 and N2O for On-Road Diesel and Alternative Fuel Vehicles, row ""Light-Duty Trucks, Diesel, 1983-2006"", column ""CH4 Factor (g CH4 / vehicle-mile); N2O Factor (g N2O / vehicle-mile)"""
epa_hub_mobile,US EPA 2024,diesel:light:Light-Duty Trucks:Model year 1983-2006:n2o,0.0014,g/vehicle-mile,"US EPA GHG Emission Factors Hub 2024 (Last Modified: June 5, 2024); Emission Factors Hub!F247, Emission Factors Hub!G247 p. 3; Table 4 Mobile Combustion CH4 and N2O for On-Road Diesel and Alternative Fuel Vehicles, row ""Light-Duty Trucks, Diesel, 1983-2006"", column ""CH4 Factor (g CH4 / vehicle-mile); N2O Factor (g N2O / vehicle-mile)"""
epa_hub_mobile,US EPA 2024,diesel:light:Light-Duty Trucks:Model year 2007-2021:ch4,0.029,g/vehicle-mile,"US EPA GHG Emission Factors Hub 2024 (Last Modified: June 5, 2024); Emission Factors Hub!F248, Emission Factors Hub!G248 p. 3; Table 4 Mobile Combustion CH4 and N2O for On-Road Diesel and Alternative Fuel Vehicles, row ""Light-Duty Trucks, Diesel, 2007-2021"", column ""CH4 Factor (g CH4 / vehicle-mile); N2O Factor (g N2O / vehicle-mile)"""
epa_hub_mobile,US EPA 2024,diesel:light:Light-Duty Trucks:Model year 2007-2021:n2o,0.0214,g/vehicle-mile,"US EPA GHG Emission Factors Hub 2024 (Last Modified: June 5, 2024); Emission Factors Hub!F248, Emission Factors Hub!G248 p. 3; Table 4 Mobile Combustion CH4 and N2O for On-Road Diesel and Alternative Fuel Vehicles, row ""Light-Duty Trucks, Diesel, 2007-2021"", column ""CH4 Factor (g CH4 / vehicle-mile); N2O Factor (g N2O / vehicle-mile)"""
epa_hub_mobile,US EPA 2024,diesel:heavy:Medium- and Heavy-Duty Vehicles:Model year 1960-2006:ch4,0.0051,g/vehicle-mile,"US EPA GHG Emission Factors Hub 2024 (Last Modified: June 5, 2024); Emission Factors Hub!F249, Emission Factors Hub!G249 p. 3; Table 4 Mobile Combustion CH4 and N2O for On-Road Diesel and Alternative Fuel Vehicles, row ""Medium- and Heavy-Duty Vehicles, Diesel, 1960-2006"", column ""CH4 Factor (g CH4 / vehicle-mile); N2O Factor (g N2O / vehicle-mile)"""
epa_hub_mobile,US EPA 2024,diesel:heavy:Medium- and Heavy-Duty Vehicles:Model year 1960-2006:n2o,0.0048,g/vehicle-mile,"US EPA GHG Emission Factors Hub 2024 (Last Modified: June 5, 2024); Emission Factors Hub!F249, Emission Factors Hub!G249 p. 3; Table 4 Mobile Combustion CH4 and N2O for On-Road Diesel and Alternative Fuel Vehicles, row ""Medium- and Heavy-Duty Vehicles, Diesel, 1960-2006"", column ""CH4 Factor (g CH4 / vehicle-mile); N2O Factor (g N2O / vehicle-mile)"""
epa_hub_mobile,US EPA 2024,diesel:heavy:Medium- and Heavy-Duty Vehicles:Model year 2007-2021:ch4,0.0095,g/vehicle-mile,"US EPA GHG Emission Factors Hub 2024 (Last Modified: June 5, 2024); Emission Factors Hub!F250, Emission Factors Hub!G250 p. 3; Table 4 Mobile Combustion CH4 and N2O for On-Road Diesel and Alternative Fuel Vehicles, row ""Medium- and Heavy-Duty Vehicles, Diesel, 2007-2021"", column ""CH4 Factor (g CH4 / vehicle-mile); N2O Factor (g N2O / vehicle-mile)"""
epa_hub_mobile,US EPA 2024,diesel:heavy:Medium- and Heavy-Duty Vehicles:Model year 2007-2021:n2o,0.0431,g/vehicle-mile,"US EPA GHG Emission Factors Hub 2024 (Last Modified: June 5, 2024); Emission Factors Hub!F250, Emission Factors Hub!G250 p. 3; Table 4 Mobile Combustion CH4 and N2O for On-Road Diesel and Alternative Fuel Vehicles, row ""Medium- and Heavy-Duty Vehicles, Diesel, 2007-2021"", column ""CH4 Factor (g CH4 / vehicle-mile); N2O Factor (g N2O / vehicle-mile)"""
epa_hub_mobile,US EPA 2024,petrol:non_road:Agricultural Equipment:Gasoline (2 stroke):ch4,6.92,g/gallon,"US EPA GHG Emission Factors Hub 2024 (Last Modified: June 5, 2024); Emission Factors Hub!E291, Emission Factors Hub!F291 p. 3; Table 5 Mobile Combustion CH4 and N2O for Non-Road Vehicles, row ""Agricultural Equipment, Gasoline (2 stroke)"", column ""CH4 Factor (g CH4 / gallon); N2O Factor (g N2O / gallon)"""
epa_hub_mobile,US EPA 2024,petrol:non_road:Agricultural Equipment:Gasoline (2 stroke):n2o,0.47,g/gallon,"US EPA GHG Emission Factors Hub 2024 (Last Modified: June 5, 2024); Emission Factors Hub!E291, Emission Factors Hub!F291 p. 3; Table 5 Mobile Combustion CH4 and N2O for Non-Road Vehicles, row ""Agricultural Equipment, Gasoline (2 stroke)"", column ""CH4 Factor (g CH4 / gallon); N2O Factor (g N2O / gallon)"""
epa_hub_mobile,US EPA 2024,petrol:non_road:Agricultural Equipment:Gasoline (4 stroke):ch4,1.94,g/gallon,"US EPA GHG Emission Factors Hub 2024 (Last Modified: June 5, 2024); Emission Factors Hub!E292, Emission Factors Hub!F292 p. 3; Table 5 Mobile Combustion CH4 and N2O for Non-Road Vehicles, row ""Agricultural Equipment, Gasoline (4 stroke)"", column ""CH4 Factor (g CH4 / gallon); N2O Factor (g N2O / gallon)"""
epa_hub_mobile,US EPA 2024,petrol:non_road:Agricultural Equipment:Gasoline (4 stroke):n2o,1.21,g/gallon,"US EPA GHG Emission Factors Hub 2024 (Last Modified: June 5, 2024); Emission Factors Hub!E292, Emission Factors Hub!F292 p. 3; Table 5 Mobile Combustion CH4 and N2O for Non-Road Vehicles, row ""Agricultural Equipment, Gasoline (4 stroke)"", column ""CH4 Factor (g CH4 / gallon); N2O Factor (g N2O / gallon)"""
epa_hub_mobile,US EPA 2024,petrol:non_road:Agricultural Equipment:Gasoline Off-Road Trucks:ch4,1.94,g/gallon,"US EPA GHG Emission Factors Hub 2024 (Last Modified: June 5, 2024); Emission Factors Hub!E293, Emission Factors Hub!F293 p. 3; Table 5 Mobile Combustion CH4 and N2O for Non-Road Vehicles, row ""Agricultural Equipment, Gasoline Off-Road Trucks"", column ""CH4 Factor (g CH4 / gallon); N2O Factor (g N2O / gallon)"""
epa_hub_mobile,US EPA 2024,petrol:non_road:Agricultural Equipment:Gasoline Off-Road Trucks:n2o,1.2,g/gallon,"US EPA GHG Emission Factors Hub 2024 (Last Modified: June 5, 2024); Emission Factors Hub!E293, Emission Factors Hub!F293 p. 3; Table 5 Mobile Combustion CH4 and N2O for Non-Road Vehicles, row ""Agricultural Equipment, Gasoline Off-Road Trucks"", column ""CH4 Factor (g CH4 / gallon); N2O Factor (g N2O / gallon)"""
epa_hub_mobile,US EPA 2024,diesel:non_road:Agricultural Equipment:Diesel Equipment:ch4,1.27,g/gallon,"US EPA GHG Emission Factors Hub 2024 (Last Modified: June 5, 2024); Emission Factors Hub!E294, Emission Factors Hub!F294 p. 3; Table 5 Mobile Combustion CH4 and N2O for Non-Road Vehicles, row ""Agricultural Equipment, Diesel Equipment"", column ""CH4 Factor (g CH4 / gallon); N2O Factor (g N2O / gallon)"""
epa_hub_mobile,US EPA 2024,diesel:non_road:Agricultural Equipment:Diesel Equipment:n2o,1.07,g/gallon,"US EPA GHG Emission Factors Hub 2024 (Last Modified: June 5, 2024); Emission Factors Hub!E294, Emission Factors Hub!F294 p. 3; Table 5 Mobile Combustion CH4 and N2O for Non-Road Vehicles, row ""Agricultural Equipment, Diesel Equipment"", column ""CH4 Factor (g CH4 / gallon); N2O Factor (g N2O / gallon)"""
epa_hub_mobile,US EPA 2024,diesel:non_road:Agricultural Equipment:Diesel Off-Road Trucks:ch4,0.91,g/gallon,"US EPA GHG Emission Factors Hub 2024 (Last Modified: June 5, 2024); Emission Factors Hub!E295, Emission Factors Hub!F295 p. 3; Table 5 Mobile Combustion CH4 and N2O for Non-Road Vehicles, row ""Agricultural Equipment, Diesel Off-Road Trucks"", column ""CH4 Factor (g CH4 / gallon); N2O Factor (g N2O / gallon)"""
epa_hub_mobile,US EPA 2024,diesel:non_road:Agricultural Equipment:Diesel Off-Road Trucks:n2o,0.56,g/gallon,"US EPA GHG Emission Factors Hub 2024 (Last Modified: June 5, 2024); Emission Factors Hub!E295, Emission Factors Hub!F295 p. 3; Table 5 Mobile Combustion CH4 and N2O for Non-Road Vehicles, row ""Agricultural Equipment, Diesel Off-Road Trucks"", column ""CH4 Factor (g CH4 / gallon); N2O Factor (g N2O / gallon)"""
epa_hub_mobile,US EPA 2024,petrol:non_road:Construction/Mining Equipment:Gasoline (2 stroke):ch4,7.98,g/gallon,"US EPA GHG Emission Factors Hub 2024 (Last Modified: June 5, 2024); Emission Factors Hub!E297, Emission Factors Hub!F297 p. 3; Table 5 Mobile Combustion CH4 and N2O for Non-Road Vehicles, row ""Construction/Mining Equipment, Gasoline (2 stroke)"", column ""CH4 Factor (g CH4 / gallon); N2O Factor (g N2O / gallon)"""
epa_hub_mobile,US EPA 2024,petrol:non_road:Construction/Mining Equipment:Gasoline (2 stroke):n2o,0.12,g/gallon,"US EPA GHG Emission Factors Hub 2024 (Last Modified: June 5, 2024); Emission Factors Hub!E297, Emission Factors Hub!F297 p. 3; Table 5 Mobile Combustion CH4 and N2O for Non-Road Vehicles, row ""Construction/Mining Equipment, Gasoline (2 stroke)"", column ""CH4 Factor (g CH4 / gallon); N2O Factor (g N2O / gallon)"""
epa_hub_mobile,US EPA 2024,petrol:non_road:Construction/Mining Equipment:Gasoline (4 stroke):ch4,2.85,g/gallon,"US EPA GHG Emission Factors Hub 2024 (Last Modified: June 5, 2024); Emission Factors Hub!E298, Emission Factors Hub!F298 p. 3; Table 5 Mobile Combustion CH4 and N2O for Non-Road Vehicles, row ""Construction/Mining Equipment, Gasoline (4 stroke)"", column ""CH4 Factor (g CH4 / gallon); N2O Factor (g N2O / gallon)"""
epa_hub_mobile,US EPA 2024,petrol:non_road:Construction/Mining Equipment:Gasoline (4 stroke):n2o,1.47,g/gallon,"US EPA GHG Emission Factors Hub 2024 (Last Modified: June 5, 2024); Emission Factors Hub!E298, Emission Factors Hub!F298 p. 3; Table 5 Mobile Combustion CH4 and N2O for Non-Road Vehicles, row ""Construction/Mining Equipment, Gasoline (4 stroke)"", column ""CH4 Factor (g CH4 / gallon); N2O Factor (g N2O / gallon)"""
epa_hub_mobile,US EPA 2024,petrol:non_road:Construction/Mining Equipment:Gasoline Off-Road Trucks:ch4,2.85,g/gallon,"US EPA GHG Emission Factors Hub 2024 (Last Modified: June 5, 2024); Emission Factors Hub!E299, Emission Factors Hub!F299 p. 3; Table 5 Mobile Combustion CH4 and N2O for Non-Road Vehicles, row ""Construction/Mining Equipment, Gasoline Off-Road Trucks"", column ""CH4 Factor (g CH4 / gallon); N2O Factor (g N2O / gallon)"""
epa_hub_mobile,US EPA 2024,petrol:non_road:Construction/Mining Equipment:Gasoline Off-Road Trucks:n2o,1.47,g/gallon,"US EPA GHG Emission Factors Hub 2024 (Last Modified: June 5, 2024); Emission Factors Hub!E299, Emission Factors Hub!F299 p. 3; Table 5 Mobile Combustion CH4 and N2O for Non-Road Vehicles, row ""Construction/Mining Equipment, Gasoline Off-Road Trucks"", column ""CH4 Factor (g CH4 / gallon); N2O Factor (g N2O / gallon)"""
epa_hub_mobile,US EPA 2024,diesel:non_road:Construction/Mining Equipment:Diesel Equipment:ch4,1.01,g/gallon,"US EPA GHG Emission Factors Hub 2024 (Last Modified: June 5, 2024); Emission Factors Hub!E300, Emission Factors Hub!F300 p. 3; Table 5 Mobile Combustion CH4 and N2O for Non-Road Vehicles, row ""Construction/Mining Equipment, Diesel Equipment"", column ""CH4 Factor (g CH4 / gallon); N2O Factor (g N2O / gallon)"""
epa_hub_mobile,US EPA 2024,diesel:non_road:Construction/Mining Equipment:Diesel Equipment:n2o,0.94,g/gallon,"US EPA GHG Emission Factors Hub 2024 (Last Modified: June 5, 2024); Emission Factors Hub!E300, Emission Factors Hub!F300 p. 3; Table 5 Mobile Combustion CH4 and N2O for Non-Road Vehicles, row ""Construction/Mining Equipment, Diesel Equipment"", column ""CH4 Factor (g CH4 / gallon); N2O Factor (g N2O / gallon)"""
epa_hub_mobile,US EPA 2024,diesel:non_road:Construction/Mining Equipment:Diesel Off-Road Trucks:ch4,0.91,g/gallon,"US EPA GHG Emission Factors Hub 2024 (Last Modified: June 5, 2024); Emission Factors Hub!E301, Emission Factors Hub!F301 p. 3; Table 5 Mobile Combustion CH4 and N2O for Non-Road Vehicles, row ""Construction/Mining Equipment, Diesel Off-Road Trucks"", column ""CH4 Factor (g CH4 / gallon); N2O Factor (g N2O / gallon)"""
epa_hub_mobile,US EPA 2024,diesel:non_road:Construction/Mining Equipment:Diesel Off-Road Trucks:n2o,0.56,g/gallon,"US EPA GHG Emission Factors Hub 2024 (Last Modified: June 5, 2024); Emission Factors Hub!E301, Emission Factors Hub!F301 p. 3; Table 5 Mobile Combustion CH4 and N2O for Non-Road Vehicles, row ""Construction/Mining Equipment, Diesel Off-Road Trucks"", column ""CH4 Factor (g CH4 / gallon); N2O Factor (g N2O / gallon)"""
epa_hub_mobile,US EPA 2024,petrol:non_road:Lawn and Garden Equipment:Gasoline (2 stroke):ch4,7.29,g/gallon,"US EPA GHG Emission Factors Hub 2024 (Last Modified: June 5, 2024); Emission Factors Hub!E303, Emission Factors Hub!F303 p. 3; Table 5 Mobile Combustion CH4 and N2O for Non-Road Vehicles, row ""Lawn and Garden Equipment, Gasoline (2 stroke)"", column ""CH4 Factor (g CH4 / gallon); N2O Factor (g N2O / gallon)"""
epa_hub_mobile,US EPA 2024,petrol:non_road:Lawn and Garden Equipment:Gasoline (2 stroke):n2o,0.31,g/gallon,"US EPA GHG Emission Factors Hub 2024 (Last Modified: June 5, 2024); Emission Factors Hub!E303, Emission Factors Hub!F303 p. 3; Table 5 Mobile Combustion CH4 and N2O for Non-Road Vehicles, row ""Lawn and Garden Equipment, Gasoline (2 stroke)"", column ""CH4 Factor (g CH4 / gallon); N2O Factor (g N2O / gallon)"""
epa_hub_mobile,US EPA 2024,petrol:non_road:Lawn and Garden Equipment:Gasoline (4 stroke):ch4,3,g/gallon,"US EPA GHG Emission Factors Hub 2024 (Last Modified: June 5, 2024); Emission Factors Hub!E304, Emission Factors Hub!F304 p. 3; Table 5 Mobile Combustion CH4 and N2O for Non-Road Vehicles, row ""Lawn and Garden Equipment, Gasoline (4 stroke)"", column ""CH4 Factor (g CH4 / gallon); N2O Factor (g N2O / gallon)"""
epa_hub_mobile,US EPA 2024,petrol:non_road:Lawn and Garden Equipment:Gasoline (4 stroke):n2o,1.49,g/gallon,"US EPA GHG Emission Factors Hub 2024 (Last Modified: June 5, 2024); Emission Factors Hub!E304, Emission Factors Hub!F304 p. 3; Table 5 Mobile Combustion CH4 and N2O for Non-Road Vehicles, row ""Lawn and Garden Equipment, Gasoline (4 stroke)"", column ""CH4 Factor (g CH4 / gallon); N2O Factor (g N2O / gallon)"""
epa_hub_mobile,US EPA 2024,diesel:non_road:Lawn and Garden Equipment:Diesel:ch4,0.66,g/gallon,"US EPA GHG Emission Factors Hub 2024 (Last Modified: June 5, 2024); Emission Factors Hub!E305, Emission Factors Hub!F305 p. 3; Table 5 Mobile Combustion CH4 and N2O for Non-Road Vehicles, row ""Lawn and Garden Equipment, Diesel"", column ""CH4 Factor (g CH4 / gallon); N2O Factor (g N2O / gallon)"""
epa_hub_mobile,US EPA 2024,diesel:non_road:Lawn and Garden Equipment:Diesel:n2o,0.49,g/gallon,"US EPA GHG Emission Factors Hub 2024 (Last Modified: June 5, 2024); Emission Factors Hub!E305, Emission Factors Hub!F305 p. 3; Table 5 Mobile Combustion CH4 and N2O for Non-Road Vehicles, row ""Lawn and Garden Equipment, Diesel"", column ""CH4 Factor (g CH4 / gallon); N2O Factor (g N2O / gallon)"""
epa_hub_mobile,US EPA 2024,petrol:non_road:Airport Equipment:Gasoline:ch4,1.02,g/gallon,"US EPA GHG Emission Factors Hub 2024 (Last Modified: June 5, 2024); Emission Factors Hub!E307, Emission Factors Hub!F307 p. 3; Table 5 Mobile Combustion CH4 and N2O for Non-Road Vehicles, row ""Airport Equipment, Gasoline"", column ""CH4 Factor (g CH4 / gallon); N2O Factor (g N2O / gallon)"""
epa_hub_mobile,US EPA 2024,petrol:non_road:Airport Equipment:Gasoline:n2o,1.07,g/gallon,"US EPA GHG Emission Factors Hub 2024 (Last Modified: June 5, 2024); Emission Factors Hub!E307, Emission Factors Hub!F307 p. 3; Table 5 Mobile Combustion CH4 and N2O for Non-Road Vehicles, row ""Airport Equipment, Gasoline"", column ""CH4 Factor (g CH4 / gallon); N2O Factor (g N2O / gallon)"""
epa_hub_mobile,US EPA 2024,diesel:non_road:Airport Equipment:Diesel:ch4,1.89,g/gallon,"US EPA GHG Emission Factors Hub 2024 (Last Modified: June 5, 2024); Emission Factors Hub!E308, Emission Factors Hub!F308 p. 3; Table 5 Mobile Combustion CH4 and N2O for Non-Road Vehicles, row ""Airport Equipment, Diesel"", column ""CH4 Factor (g CH4 / gallon); N2O Factor (g N2O / gallon)"""
epa_hub_mobile,US EPA 2024,diesel:non_road:Airport Equipment:Diesel:n2o,1.16,g/gallon,"US EPA GHG Emission Factors Hub 2024 (Last Modified: June 5, 2024); Emission Factors Hub!E308, Emission Factors Hub!F308 p. 3; Table 5 Mobile Combustion CH4 and N2O for Non-Road Vehicles, row ""Airport Equipment, Diesel"", column ""CH4 Factor (g CH4 / gallon); N2O Factor (g N2O / gallon)"""
epa_hub_mobile,US EPA 2024,petrol:non_road:Industrial/Commercial Equipment:Gasoline (2 stroke):ch4,7.13,g/gallon,"US EPA GHG Emission Factors Hub 2024 (Last Modified: June 5, 2024); Emission Factors Hub!E310, Emission Factors Hub!F310 p. 3; Table 5 Mobile Combustion CH4 and N2O for Non-Road Vehicles, row ""Industrial/Commercial Equipment, Gasoline (2 stroke)"", column ""CH4 Factor (g CH4 / gallon); N2O Factor (g N2O / gallon)"""
epa_hub_mobile,US EPA 2024,petrol:non_road:Industrial/Commercial Equipment:Gasoline (2 stroke):n2o,0.5,g/gallon,"US EPA GHG Emission Factors Hub 2024 (Last Modified: June 5, 2024); Emission Factors Hub!E310, Emission Factors Hub!F310 p. 3; Table 5 Mobile Combustion CH4 and N2O for Non-Road Vehicles, row ""Industrial/Commercial Equipment, Gasoline (2 stroke)"", column ""CH4 Factor (g CH4 / gallon); N2O Factor (g N2O / gallon)"""
epa_hub_mobile,US EPA 2024,petrol:non_road:Industrial/Commercial Equipment:Gasoline (4 stroke):ch4,2.74,g/gallon,"US EPA GHG Emission Factors Hub 2024 (Last Modified: June 5, 2024); Emission Factors Hub!E311, Emission Factors Hub!F311 p. 3; Table 5 Mobile Combustion CH4 and N2O for Non-Road Vehicles, row ""Industrial/Commercial Equipment, Gasoline (4 stroke)"", column ""CH4 Factor (g CH4 / gallon); N2O Factor (g N2O / gallon)"""
epa_hub_mobile,US EPA 2024,petrol:non_road:Industrial/Commercial Equipment:Gasoline (4 stroke):n2o,1.54,g/gallon,"US EPA GHG Emission Factors Hub 2024 (Last Modified: June 5, 2024); Emission Factors Hub!E311, Emission Factors Hub!F311 p. 3; Table 5 Mobile Combustion CH4 and N2O for Non-Road Vehicles, row ""Industrial/Commercial Equipment, Gasoline (4 stroke)"", column ""CH4 Factor (g CH4 / gallon); N2O Factor (g N2O / gallon)"""
epa_hub_mobile,US EPA 2024,diesel:non_road:Industrial/Commercial Equipment:Diesel:ch4,0.42,g/gallon,"US EPA GHG Emission Factors Hub 2024 (Last Modified: June 5, 2024); Emission Factors Hub!E312, Emission Factors Hub!F312 p. 3; Table 5 Mobile Combustion CH4 and N2O for Non-Road Vehicles, row ""Industrial/Commercial Equipment, Diesel"", column ""CH4 Factor (g CH4 / gallon); N2O Factor (g N2O / gallon)"""
epa_hub_mobile,US EPA 2024,diesel:non_road:Industrial/Commercial Equipment:Diesel:n2o,0.6,g/gallon,"US EPA GHG Emission Factors Hub 2024 (Last Modified: June 5, 2024); Emission Factors Hub!E312, Emission Factors Hub!F312 p. 3; Table 5 Mobile Combustion CH4 and N2O for Non-Road Vehicles, row ""Industrial/Commercial Equipment, Diesel"", column ""CH4 Factor (g CH4 / gallon); N2O Factor (g N2O / gallon)"""
epa_hub_mobile,US EPA 2024,petrol:non_road:Logging Equipment:Gasoline (2 stroke):ch4,9.68,g/gallon,"US EPA GHG Emission Factors Hub 2024 (Last Modified: June 5, 2024); Emission Factors Hub!E314, Emission Factors Hub!F314 p. 3; Table 5 Mobile Combustion CH4 and N2O for Non-Road Vehicles, row ""Logging Equipment, Gasoline (2 stroke)"", column ""CH4 Factor (g CH4 / gallon); N2O Factor (g N2O / gallon)"""
epa_hub_mobile,US EPA 2024,petrol:non_road:Logging Equipment:Gasoline (2 stroke):n2o,0,g/gallon,"US EPA GHG Emission Factors Hub 2024 (Last Modified: June 5, 2024); Emission Factors Hub!E314, Emission Factors Hub!F314 p. 3; Table 5 Mobile Combustion CH4 and N2O for Non-Road Vehicles, row ""Logging Equipment, Gasoline (2 stroke)"", column ""CH4 Factor (g CH4 / gallon); N2O Factor (g N2O / gallon)"""
epa_hub_mobile,US EPA 2024,petrol:non_road:Logging Equipment:Gasoline (4 stroke):ch4,3.24,g/gallon,"US EPA GHG Emission Factors Hub 2024 (Last Modified: June 5, 2024); Emission Factors Hub!E315, Emission Factors Hub!F315 p. 3; Table 5 Mobile Combustion CH4 and N2O for Non-Road Vehicles, row ""Logging Equipment, Gasoline (4 stroke)"", column ""CH4 Factor (g CH4 / gallon); N2O Factor (g N2O / gallon)"""
epa_hub_mobile,US EPA 2024,petrol:non_road:Logging Equipment:Gasoline (4 stroke):n2o,2.06,g/gallon,"US EPA GHG Emission Factors Hub 2024 (Last Modified: June 5, 2024); Emission Factors Hub!E315, Emission Factors Hub!F315 p. 3; Table 5 Mobile Combustion CH4 and N2O for Non-Road Vehicles, row ""Logging Equipment, Gasoline (4 stroke)"", column ""CH4 Factor (g CH4 / gallon); N2O Factor (g N2O / gallon)"""
epa_hub_mobile,US EPA 2024,diesel:non_road:Logging Equipment:Diesel:ch4,0.49,g/gallon,"US EPA GHG Emission Factors Hub 2024 (Last Modified: June 5, 2024); Emission Factors Hub!E316, Emission Factors Hub!F316 p. 3; Table 5 Mobile Combustion CH4 and N2O for Non-Road Vehicles, row ""Logging Equipment, Diesel"", column ""CH4 Factor (g CH4 / gallon); N2O Factor (g N2O / gallon)"""
epa_hub_mobile,US EPA 2024,diesel:non_road:Logging Equipment:Diesel:n2o,1.27,g/gallon,"US EPA GHG Emission Factors Hub 2024 (Last Modified: June 5, 2024); Emission Factors Hub!E316, Emission Factors Hub!F316 p. 3; Table 5 Mobile Combustion CH4 and N2O for Non-Road Vehicles, row ""Logging Equipment, Diesel"", column ""CH4 Factor (g CH4 / gallon); N2O Factor (g N2O / gallon)"""
epa_hub_mobile,US EPA 2024,petrol:non_road:Railroad Equipment:Gasoline:ch4,3.24,g/gallon,"US EPA GHG Emission Factors Hub 2024 (Last Modified: June 5, 2024); Emission Factors Hub!E317, Emission Factors Hub!F317 p. 3; Table 5 Mobile Combustion CH4 and N2O for Non-Road Vehicles, row ""Railroad Equipment, Gasoline"", column ""CH4 Factor (g CH4 / gallon); N2O Factor (g N2O / gallon)"""
epa_hub_mobile,US EPA 2024,petrol:non_road:Railroad Equipment:Gasoline:n2o,1.81,g/gallon,"US EPA GHG Emission Factors Hub 2024 (Last Modified: June 5, 2024); Emission Factors Hub!E317, Emission Factors Hub!F317 p. 3; Table 5 Mobile Combustion CH4 and N2O for Non-Road Vehicles, row ""Railroad Equipment, Gasoline"", column ""CH4 Factor (g CH4 / gallon); N2O Factor (g N2O / gallon)"""
epa_hub_mobile,US EPA 2024,diesel:non_road:Railroad Equipment:Diesel:ch4,0.4,g/gallon,"US EPA GHG Emission Factors Hub 2024 (Last Modified: June 5, 2024); Emission Factors Hub!E318, Emission Factors Hub!F318 p. 3; Table 5 Mobile Combustion CH4 and N2O for Non-Road Vehicles, row ""Railroad Equipment, Diesel"", column ""CH4 Factor (g CH4 / gallon); N2O Factor (g N2O / gallon)"""
epa_hub_mobile,US EPA 2024,diesel:non_road:Railroad Equipment:Diesel:n2o,0.95,g/gallon,"US EPA GHG Emission Factors Hub 2024 (Last Modified: June 5, 2024); Emission Factors Hub!E318, Emission Factors Hub!F318 p. 3; Table 5 Mobile Combustion CH4 and N2O for Non-Road Vehicles, row ""Railroad Equipment, Diesel"", column ""CH4 Factor (g CH4 / gallon); N2O Factor (g N2O / gallon)"""
epa_hub_mobile,US EPA 2024,petrol:non_road:Recreational Equipment:Gasoline (2 stroke):ch4,9.8,g/gallon,"US EPA GHG Emission Factors Hub 2024 (Last Modified: June 5, 2024); Emission Factors Hub!E320, Emission Factors Hub!F320 p. 3; Table 5 Mobile Combustion CH4 and N2O for Non-Road Vehicles, row ""Recreational Equipment, Gasoline (2 stroke)"", column ""CH4 Factor (g CH4 / gallon); N2O Factor (g N2O / gallon)"""
epa_hub_mobile,US EPA 2024,petrol:non_road:Recreational Equipment:Gasoline (2 stroke):n2o,0.11,g/gallon,"US EPA GHG Emission Factors Hub 2024 (Last Modified: June 5, 2024); Emission Factors Hub!E320, Emission Factors Hub!F320 p. 3; Table 5 Mobile Combustion CH4 and N2O for Non-Road Vehicles, row ""Recreational Equipment, Gasoline (2 stroke)"", column ""CH4 Factor (g CH4 / gallon); N2O Factor (g N2O / gallon)"""
epa_hub_mobile,US EPA 2024,petrol:non_road:Recreational Equipment:Gasoline (4 stroke):ch4,2.72,g/gallon,"US EPA GHG Emission Factors Hub 2024 (Last Modified: June 5, 2024); Emission Factors Hub!E321, Emission Factors Hub!F321 p. 3; Table 5 Mobile Combustion CH4 and N2O for Non-Road Vehicles, row ""Recreational Equipment, Gasoline (4 stroke)"", column ""CH4 Factor (g CH4 / gallon); N2O Factor (g N2O / gallon)"""
epa_hub_mobile,US EPA 2024,petrol:non_road:Recreational Equipment:Gasoline (4 stroke):n2o,1.48,g/gallon,"US EPA GHG Emission Factors Hub 2024 (Last Modified: June 5, 2024); Emission Factors Hub!E321, Emission Factors Hub!F321 p. 3; Table 5 Mobile Combustion CH4 and N2O for Non-Road Vehicles, row ""Recreational Equipment, Gasoline (4 stroke)"", column ""CH4 Factor (g CH4 / gallon); N2O Factor (g N2O / gallon)"""
epa_hub_mobile,US EPA 2024,diesel:non_road:Recreational Equipment:Diesel:ch4,0.73,g/gallon,"US EPA GHG Emission Factors Hub 2024 (Last Modified: June 5, 2024); Emission Factors Hub!E322, Emission Factors Hub!F322 p. 3; Table 5 Mobile Combustion CH4 and N2O for Non-Road Vehicles, row ""Recreational Equipment, Diesel"", column ""CH4 Factor (g CH4 / gallon); N2O Factor (g N2O / gallon)"""
epa_hub_mobile,US EPA 2024,diesel:non_road:Recreational Equipment:Diesel:n2o,0.66,g/gallon,"US EPA GHG Emission Factors Hub 2024 (Last Modified: June 5, 2024); Emission Factors Hub!E322, Emission Factors Hub!F322 p. 3; Table 5 Mobile Combustion CH4 and N2O for Non-Road Vehicles, row ""Recreational Equipment, Diesel"", column ""CH4 Factor (g CH4 / gallon); N2O Factor (g N2O / gallon)"""
nga_grid,DCCEEW NGA 2024,AU_NSW,0.66,kg CO2-e/kWh,"DCCEEW (2024) National Greenhouse Accounts Factors 2024 (national-greenhouse-account-factors-2024.pdf; ""Canberra, August"", p. 2); p. 8; Table 1 Indirect (scope 2 and scope 3) emission factors from consumption of purchased or acquired electricity, row ""New South Wales and Australian Capital Territory"", column ""Scope 2 Emission Factors (kg CO2-e/kWh)""; the August 2024 publication (no correction recorded; p. 7: the factors ""replace those listed in the 2023 NGA Factors Workbook"")"
nga_grid,DCCEEW NGA 2024,AU_VIC,0.77,kg CO2-e/kWh,"DCCEEW (2024) National Greenhouse Accounts Factors 2024 (national-greenhouse-account-factors-2024.pdf; ""Canberra, August"", p. 2); p. 8; Table 1 Indirect (scope 2 and scope 3) emission factors from consumption of purchased or acquired electricity, row ""Victoria"", column ""Scope 2 Emission Factors (kg CO2-e/kWh)""; the August 2024 publication (no correction recorded; p. 7: the factors ""replace those listed in the 2023 NGA Factors Workbook"")"
nga_grid,DCCEEW NGA 2024,AU_QLD,0.71,kg CO2-e/kWh,"DCCEEW (2024) National Greenhouse Accounts Factors 2024 (national-greenhouse-account-factors-2024.pdf; ""Canberra, August"", p. 2); p. 9; Table 1 Indirect (scope 2 and scope 3) emission factors from consumption of purchased or acquired electricity, row ""Queensland"", column ""Scope 2 Emission Factors (kg CO2-e/kWh)""; the August 2024 publication (no correction recorded; p. 7: the factors ""replace those listed in the 2023 NGA Factors Workbook"")"
nga_grid,DCCEEW NGA 2024,AU_SA,0.23,kg CO2-e/kWh,"DCCEEW (2024) National Greenhouse Accounts Factors 2024 (national-greenhouse-account-factors-2024.pdf; ""Canberra, August"", p. 2); p. 9; Table 1 Indirect (scope 2 and scope 3) emission factors from consumption of purchased or acquired electricity, row ""South Australia"", column ""Scope 2 Emission Factors (kg CO2-e/kWh)""; the August 2024 publication (no correction recorded; p. 7: the factors ""replace those listed in the 2023 NGA Factors Workbook"")"
nga_grid,DCCEEW NGA 2024,AU_WA,0.51,kg CO2-e/kWh,"DCCEEW (2024) National Greenhouse Accounts Factors 2024 (national-greenhouse-account-factors-2024.pdf; ""Canberra, August"", p. 2); p. 9; Table 1 Indirect (scope 2 and scope 3) emission factors from consumption of purchased or acquired electricity, row ""Western Australia - South West Interconnected System (SWIS)"", column ""Scope 2 Emission Factors (kg CO2-e/kWh)""; the August 2024 publication (no correction recorded; p. 7: the factors ""replace those listed in the 2023 NGA Factors Workbook"")"
nga_grid,DCCEEW NGA 2024,AU_TAS,0.15,kg CO2-e/kWh,"DCCEEW (2024) National Greenhouse Accounts Factors 2024 (national-greenhouse-account-factors-2024.pdf; ""Canberra, August"", p. 2); p. 9; Table 1 Indirect (scope 2 and scope 3) emission factors from consumption of purchased or acquired electricity, row ""Tasmania"", column ""Scope 2 Emission Factors (kg CO2-e/kWh)""; the August 2024 publication (no correction recorded; p. 7: the factors ""replace those listed in the 2023 NGA Factors Workbook"")"
nga_grid,DCCEEW NGA 2024,AU_NT,0.56,kg CO2-e/kWh,"DCCEEW (2024) National Greenhouse Accounts Factors 2024 (national-greenhouse-account-factors-2024.pdf; ""Canberra, August"", p. 2); p. 9; Table 1 Indirect (scope 2 and scope 3) emission factors from consumption of purchased or acquired electricity, row ""Northern territory - Darwin Katherine Interconnected System (DKIS)"", column ""Scope 2 Emission Factors (kg CO2-e/kWh)""; the August 2024 publication (no correction recorded; p. 7: the factors ""replace those listed in the 2023 NGA Factors Workbook"")"
nga_grid,DCCEEW NGA 2024,AU_AVG,0.63,kg CO2-e/kWh,"DCCEEW (2024) National Greenhouse Accounts Factors 2024 (national-greenhouse-account-factors-2024.pdf; ""Canberra, August"", p. 2); p. 9; Table 1 Indirect (scope 2 and scope 3) emission factors from consumption of purchased or acquired electricity, row ""National"", column ""Scope 2 Emission Factors (kg CO2-e/kWh)""; the August 2024 publication (no correction recorded; p. 7: the factors ""replace those listed in the 2023 NGA Factors Workbook"")"
nga_residual,DCCEEW NGA 2024,RESIDUAL_AU,0.81,kg CO2-e/kWh,"DCCEEW (2024) National Greenhouse Accounts Factors 2024 (national-greenhouse-account-factors-2024.pdf; ""Canberra, August"", p. 2); p. 9; Table 2 Indirect (scope 2 and scope 3) emission factors from consumption of purchased or acquired electricity: market-based factors, row ""National"", column ""Scope 2 Emission Factors (kg CO2-e/kWh)""; the August 2024 publication (no correction recorded; p. 7: the factors ""replace those listed in the 2023 NGA Factors Workbook"")"
nga_combustion,DCCEEW NGA 2024,natural_gas_m3,2.025129,kg CO2-e/m3,"DCCEEW (2024) National Greenhouse Accounts Factors 2024 (national-greenhouse-account-factors-2024.pdf; ""Canberra, August"", p. 2); p. 17; Table 5 Direct (Scope 1) emission factors for the consumption of gaseous fuels including liquefied natural gas, row ""Natural gas distributed in a pipeline"", column ""Energy Content factor; Scope 1 Emission Factor (kg CO2-e/GJ), Combined gases""; the August 2024 publication (no correction recorded; p. 7: the factors ""replace those listed in the 2023 NGA Factors Workbook""); 0.0393 x 51.53 = 2.025129 kg CO2-e/m3: energy content x combined Scope 1 factor, both printed on the row; the 2024 PDF prints no per-unit figure (the 2025 workbook prints the same product)"
nga_combustion,DCCEEW NGA 2024,natural_gas_gj,51.53,kg CO2-e/GJ,"DCCEEW (2024) National Greenhouse Accounts Factors 2024 (national-greenhouse-account-factors-2024.pdf; ""Canberra, August"", p. 2); p. 17; Table 5 Direct (Scope 1) emission factors for the consumption of gaseous fuels including liquefied natural gas, row ""Natural gas distributed in a pipeline"", column ""Energy Content factor; Scope 1 Emission Factor (kg CO2-e/GJ), Combined gases""; the August 2024 publication (no correction recorded; p. 7: the factors ""replace those listed in the 2023 NGA Factors Workbook"")"
nga_combustion,DCCEEW NGA 2024,diesel_litre,2.70972,kg CO2-e/L,"DCCEEW (2024) National Greenhouse Accounts Factors 2024 (national-greenhouse-account-factors-2024.pdf; ""Canberra, August"", p. 2); p. 21; Table 8 Direct (Scope 1) and indirect (scope 3) emission factors for the consumption of liquid fuels, including certain petroleum based products for stationary energy purposes, row ""Diesel oil"", column ""Energy Content factor; Scope 1 Emission Factor (kg CO2-e/GJ), Combined gases""; the August 2024 publication (no correction recorded; p. 7: the factors ""replace those listed in the 2023 NGA Factors Workbook""); 38.6 x 70.20 = 2709.72 kg CO2-e/kL; / 1,000 = 2.70972 kg CO2-e/L: energy content x combined Scope 1 factor, both printed on the row; the 2024 PDF prints no per-unit figure (the 2025 workbook prints the same product)"
nga_combustion,DCCEEW NGA 2024,propane_litre,1.55742,kg CO2-e/L,"DCCEEW (2024) National Greenhouse Accounts Factors 2024 (national-greenhouse-account-factors-2024.pdf; ""Canberra, August"", p. 2); p. 22; Table 8 Direct (Scope 1) and indirect (scope 3) emission factors for the consumption of liquid fuels, including certain petroleum based products for stationary energy purposes, row ""Liquefied petroleum gas (LPG)"", column ""Energy Content factor; Scope 1 Emission Factor (kg CO2-e/GJ), Combined gases""; the August 2024 publication (no correction recorded; p. 7: the factors ""replace those listed in the 2023 NGA Factors Workbook""); 25.7 x 60.60 = 1557.42 kg CO2-e/kL; / 1,000 = 1.55742 kg CO2-e/L: energy content x combined Scope 1 factor, both printed on the row; the 2024 PDF prints no per-unit figure (the 2025 workbook prints the same product)"
nga_combustion,DCCEEW NGA 2024,fuel_oil_distillate_litre,2.600929,kg CO2-e/L,"DCCEEW (2024) National Greenhouse Accounts Factors 2024 (national-greenhouse-account-factors-2024.pdf; ""Canberra, August"", p. 2); p. 21; Table 8 Direct (Scope 1) and indirect (scope 3) emission factors for the consumption of liquid fuels, including certain petroleum based products for stationary energy purposes, row ""Heating oil"", column ""Energy Content factor; Scope 1 Emission Factor (kg CO2-e/GJ), Combined gases""; the August 2024 publication (no correction recorded; p. 7: the factors ""replace those listed in the 2023 NGA Factors Workbook""); 37.3 x 69.73 = 2600.929 kg CO2-e/kL; / 1,000 = 2.600929 kg CO2-e/L: energy content x combined Scope 1 factor, both printed on the row; the 2024 PDF prints no per-unit figure (the 2025 workbook prints the same product)"
nga_combustion,DCCEEW NGA 2024,fuel_oil_residual_litre,2.931448,kg CO2-e/L,"DCCEEW (2024) National Greenhouse Accounts Factors 2024 (national-greenhouse-account-factors-2024.pdf; ""Canberra, August"", p. 2); p. 21; Table 8 Direct (Scope 1) and indirect (scope 3) emission factors for the consumption of liquid fuels, including certain petroleum based products for stationary energy purposes, row ""Fuel oil"", column ""Energy Content factor; Scope 1 Emission Factor (kg CO2-e/GJ), Combined gases""; the August 2024 publication (no correction recorded; p. 7: the factors ""replace those listed in the 2023 NGA Factors Workbook""); 39.7 x 73.84 = 2931.448 kg CO2-e/kL; / 1,000 = 2.931448 kg CO2-e/L: energy content x combined Scope 1 factor, both printed on the row; the 2024 PDF prints no per-unit figure (the 2025 workbook prints the same product)"
nga_mobile,DCCEEW NGA 2024,petrol:energy_content,34.2,GJ/kL,"DCCEEW (2024) National Greenhouse Accounts Factors 2024; p. 25; Table 9 Direct (scope 1) and indirect (scope 3) emission factors for the consumption of transport fuels in different transport equipment, row ""Cars and light commercial vehicles, Gasoline"""
nga_mobile,DCCEEW NGA 2024,diesel:energy_content,38.6,GJ/kL,"DCCEEW (2024) National Greenhouse Accounts Factors 2024; p. 25; Table 9 Direct (scope 1) and indirect (scope 3) emission factors for the consumption of transport fuels in different transport equipment, row ""Cars and light commercial vehicles, Diesel oil (and every Heavy duty diesel row: Euro iv or higher, Euro iii, Euro i, all 38.6, p.26)"""
nga_mobile,DCCEEW NGA 2024,petrol:co2,67.4,kg CO2-e/GJ,"DCCEEW (2024) National Greenhouse Accounts Factors 2024;  p. 25; Table 9 Direct (scope 1) and indirect (scope 3) emission factors for the consumption of transport fuels in different transport equipment, row ""Cars and light commercial vehicles, Gasoline"", column ""Scope 1 Emission Factor CO2"""
nga_mobile,DCCEEW NGA 2024,diesel:co2,69.9,kg CO2-e/GJ,"DCCEEW (2024) National Greenhouse Accounts Factors 2024;  p. 25; Table 9 Direct (scope 1) and indirect (scope 3) emission factors for the consumption of transport fuels in different transport equipment, row ""Cars and light commercial vehicles, Diesel oil (and every Heavy duty diesel row, p.26, all printed 69.9)"", column ""Scope 1 Emission Factor CO2"""
nga_mobile,DCCEEW NGA 2024,petrol:light:Cars and light commercial vehicles:manufactured 2004 or later:ch4,0.02,kg CO2-e/GJ,"DCCEEW (2024) National Greenhouse Accounts Factors 2024;  p. 25; Table 9 Direct (scope 1) and indirect (scope 3) emission factors for the consumption of transport fuels in different transport equipment, row ""Cars and light commercial vehicles, Gasoline, manufactured 2004 or later"", column ""Scope 1 Emission Factor (kg CO2-e/GJ): CH4, N2O"""
nga_mobile,DCCEEW NGA 2024,petrol:light:Cars and light commercial vehicles:manufactured 2004 or later:n2o,0.2,kg CO2-e/GJ,"DCCEEW (2024) National Greenhouse Accounts Factors 2024;  p. 25; Table 9 Direct (scope 1) and indirect (scope 3) emission factors for the consumption of transport fuels in different transport equipment, row ""Cars and light commercial vehicles, Gasoline, manufactured 2004 or later"", column ""Scope 1 Emission Factor (kg CO2-e/GJ): CH4, N2O"""
nga_mobile,DCCEEW NGA 2024,petrol:light:Cars and light commercial vehicles:manufactured prior to 2004:ch4,0.6,kg CO2-e/GJ,"DCCEEW (2024) National Greenhouse Accounts Factors 2024;  p. 26; Table 9 Direct (scope 1) and indirect (scope 3) emission factors for the consumption of transport fuels in different transport equipment, notes, row ""Cars and light commercial vehicles, Gasoline, manufactured prior to 2004"", column ""Scope 1 Emission Factor (kg CO2-e/GJ): CH4, N2O"""
nga_mobile,DCCEEW NGA 2024,petrol:light:Cars and light commercial vehicles:manufactured prior to 2004:n2o,1.6,kg CO2-e/GJ,"DCCEEW (2024) National Greenhouse Accounts Factors 2024;  p. 26; Table 9 Direct (scope 1) and indirect (scope 3) emission factors for the consumption of transport fuels in different transport equipment, notes, row ""Cars and light commercial vehicles, Gasoline, manufactured prior to 2004"", column ""Scope 1 Emission Factor (kg CO2-e/GJ): CH4, N2O"""
nga_mobile,DCCEEW NGA 2024,diesel:light:Cars and light commercial vehicles:manufactured 2004 or later:ch4,0.01,kg CO2-e/GJ,"DCCEEW (2024) National Greenhouse Accounts Factors 2024;  p. 25; Table 9 Direct (scope 1) and indirect (scope 3) emission factors for the consumption of transport fuels in different transport equipment, row ""Cars and light commercial vehicles, Diesel oil, manufactured 2004 or later"", column ""Scope 1 Emission Factor (kg CO2-e/GJ): CH4, N2O"""
nga_mobile,DCCEEW NGA 2024,diesel:light:Cars and light commercial vehicles:manufactured 2004 or later:n2o,0.5,kg CO2-e/GJ,"DCCEEW (2024) National Greenhouse Accounts Factors 2024;  p. 25; Table 9 Direct (scope 1) and indirect (scope 3) emission factors for the consumption of transport fuels in different transport equipment, row ""Cars and light commercial vehicles, Diesel oil, manufactured 2004 or later"", column ""Scope 1 Emission Factor (kg CO2-e/GJ): CH4, N2O"""
nga_mobile,DCCEEW NGA 2024,diesel:light:Cars and light commercial vehicles:manufactured prior to 2004:ch4,0.1,kg CO2-e/GJ,"DCCEEW (2024) National Greenhouse Accounts Factors 2024;  p. 26; Table 9 Direct (scope 1) and indirect (scope 3) emission factors for the consumption of transport fuels in different transport equipment, notes, row ""Cars and light commercial vehicles, Diesel oil, manufactured prior to 2004"", column ""Scope 1 Emission Factor (kg CO2-e/GJ): CH4, N2O"""
nga_mobile,DCCEEW NGA 2024,diesel:light:Cars and light commercial vehicles:manufactured prior to 2004:n2o,0.4,kg CO2-e/GJ,"DCCEEW (2024) National Greenhouse Accounts Factors 2024;  p. 26; Table 9 Direct (scope 1) and indirect (scope 3) emission factors for the consumption of transport fuels in different transport equipment, notes, row ""Cars and light commercial vehicles, Diesel oil, manufactured prior to 2004"", column ""Scope 1 Emission Factor (kg CO2-e/GJ): CH4, N2O"""
nga_mobile,DCCEEW NGA 2024,diesel:heavy:Heavy duty vehicles:Euro iv or higher:ch4,0.07,kg CO2-e/GJ,"DCCEEW (2024) National Greenhouse Accounts Factors 2024;  p. 26; Table 9 Direct (scope 1) and indirect (scope 3) emission factors for the consumption of transport fuels in different transport equipment, row ""Heavy duty vehicles, Diesel oil, Euro iv or higher"", column ""Scope 1 Emission Factor (kg CO2-e/GJ): CH4, N2O"""
nga_mobile,DCCEEW NGA 2024,diesel:heavy:Heavy duty vehicles:Euro iv or higher:n2o,0.4,kg CO2-e/GJ,"DCCEEW (2024) National Greenhouse Accounts Factors 2024;  p. 26; Table 9 Direct (scope 1) and indirect (scope 3) emission factors for the consumption of transport fuels in different transport equipment, row ""Heavy duty vehicles, Diesel oil, Euro iv or higher"", column ""Scope 1 Emission Factor (kg CO2-e/GJ): CH4, N2O"""
nga_mobile,DCCEEW NGA 2024,diesel:heavy:Heavy duty vehicles:Euro iii:ch4,0.1,kg CO2-e/GJ,"DCCEEW (2024) National Greenhouse Accounts Factors 2024;  p. 26; Table 9 Direct (scope 1) and indirect (scope 3) emission factors for the consumption of transport fuels in different transport equipment, row ""Heavy duty vehicles, Diesel oil, Euro iii"", column ""Scope 1 Emission Factor (kg CO2-e/GJ): CH4, N2O"""
nga_mobile,DCCEEW NGA 2024,diesel:heavy:Heavy duty vehicles:Euro iii:n2o,0.4,kg CO2-e/GJ,"DCCEEW (2024) National Greenhouse Accounts Factors 2024;  p. 26; Table 9 Direct (scope 1) and indirect (scope 3) emission factors for the consumption of transport fuels in different transport equipment, row ""Heavy duty vehicles, Diesel oil, Euro iii"", column ""Scope 1 Emission Factor (kg CO2-e/GJ): CH4, N2O"""
nga_mobile,DCCEEW NGA 2024,diesel:heavy:Heavy duty vehicles:Euro i:ch4,0.2,kg CO2-e/GJ,"DCCEEW (2024) National Greenhouse Accounts Factors 2024;  p. 26; Table 9 Direct (scope 1) and indirect (scope 3) emission factors for the consumption of transport fuels in different transport equipment, row ""Heavy duty vehicles, Diesel oil, Euro i"", column ""Scope 1 Emission Factor (kg CO2-e/GJ): CH4, N2O"""
nga_mobile,DCCEEW NGA 2024,diesel:heavy:Heavy duty vehicles:Euro i:n2o,0.4,kg CO2-e/GJ,"DCCEEW (2024) National Greenhouse Accounts Factors 2024;  p. 26; Table 9 Direct (scope 1) and indirect (scope 3) emission factors for the consumption of transport fuels in different transport equipment, row ""Heavy duty vehicles, Diesel oil, Euro i"", column ""Scope 1 Emission Factor (kg CO2-e/GJ): CH4, N2O"""
nga_mobile,DCCEEW NGA 2024,petrol:non_road:Equipment not registered for road use (stationary energy purposes):ch4,0.2,kg CO2-e/GJ,"DCCEEW (2024) National Greenhouse Accounts Factors 2024;  p. 21; Table 8 Direct (Scope 1) and indirect (scope 3) emission factors for the consumption of liquid fuels, including certain petroleum based products for stationary energy purposes, row ""Automotive gasoline/petrol (other than for use as fuel in an aircraft)"", column ""Scope 1 Emission Factor (kg CO2-e/GJ): CH4, N2O"""
nga_mobile,DCCEEW NGA 2024,petrol:non_road:Equipment not registered for road use (stationary energy purposes):n2o,0.2,kg CO2-e/GJ,"DCCEEW (2024) National Greenhouse Accounts Factors 2024;  p. 21; Table 8 Direct (Scope 1) and indirect (scope 3) emission factors for the consumption of liquid fuels, including certain petroleum based products for stationary energy purposes, row ""Automotive gasoline/petrol (other than for use as fuel in an aircraft)"", column ""Scope 1 Emission Factor (kg CO2-e/GJ): CH4, N2O"""
nga_mobile,DCCEEW NGA 2024,diesel:non_road:Equipment not registered for road use (stationary energy purposes):ch4,0.1,kg CO2-e/GJ,"DCCEEW (2024) National Greenhouse Accounts Factors 2024;  p. 21; Table 8 Direct (Scope 1) and indirect (scope 3) emission factors for the consumption of liquid fuels, including certain petroleum based products for stationary energy purposes, row ""Diesel oil"", column ""Scope 1 Emission Factor (kg CO2-e/GJ): CH4, N2O"""
nga_mobile,DCCEEW NGA 2024,diesel:non_road:Equipment not registered for road use (stationary energy purposes):n2o,0.2,kg CO2-e/GJ,"DCCEEW (2024) National Greenhouse Accounts Factors 2024;  p. 21; Table 8 Direct (Scope 1) and indirect (scope 3) emission factors for the consumption of liquid fuels, including certain petroleum based products for stationary energy purposes, row ""Diesel oil"", column ""Scope 1 Emission Factor (kg CO2-e/GJ): CH4, N2O"""
nga_scope3,DCCEEW NGA 2024,electricity:NSW_ACT,0.04,kg CO2-e/kWh,"DCCEEW (2024) National Greenhouse Accounts Factors 2024; p. 8; Table 1 Indirect (scope 2 and scope 3) emission factors from consumption of purchased or acquired electricity, row ""New South Wales and Australian Capital Territory"", column ""Scope 3 Emission Factors (kg CO2-e/kWh)"""
nga_scope3,DCCEEW NGA 2024,electricity:VIC,0.09,kg CO2-e/kWh,"DCCEEW (2024) National Greenhouse Accounts Factors 2024; p. 8; Table 1 Indirect (scope 2 and scope 3) emission factors from consumption of purchased or acquired electricity, row ""Victoria"", column ""Scope 3 Emission Factors (kg CO2-e/kWh)"""
nga_scope3,DCCEEW NGA 2024,electricity:QLD,0.1,kg CO2-e/kWh,"DCCEEW (2024) National Greenhouse Accounts Factors 2024; p. 9; Table 1 Indirect (scope 2 and scope 3) emission factors from consumption of purchased or acquired electricity, row ""Queensland"", column ""Scope 3 Emission Factors (kg CO2-e/kWh)"""
nga_scope3,DCCEEW NGA 2024,electricity:SA,0.05,kg CO2-e/kWh,"DCCEEW (2024) National Greenhouse Accounts Factors 2024; p. 9; Table 1 Indirect (scope 2 and scope 3) emission factors from consumption of purchased or acquired electricity, row ""South Australia"", column ""Scope 3 Emission Factors (kg CO2-e/kWh)"""
nga_scope3,DCCEEW NGA 2024,electricity:WA_SWIS,0.06,kg CO2-e/kWh,"DCCEEW (2024) National Greenhouse Accounts Factors 2024; p. 9; Table 1 Indirect (scope 2 and scope 3) emission factors from consumption of purchased or acquired electricity, row ""Western Australia - South West Interconnected System (SWIS)"", column ""Scope 3 Emission Factors (kg CO2-e/kWh)"""
nga_scope3,DCCEEW NGA 2024,electricity:WA_NWIS,0.09,kg CO2-e/kWh,"DCCEEW (2024) National Greenhouse Accounts Factors 2024; p. 9; Table 1 Indirect (scope 2 and scope 3) emission factors from consumption of purchased or acquired electricity, row ""Western Australia - North Western Interconnected System (NWIS)"", column ""Scope 3 Emission Factors (kg CO2-e/kWh)"""
nga_scope3,DCCEEW NGA 2024,electricity:TAS,0.03,kg CO2-e/kWh,"DCCEEW (2024) National Greenhouse Accounts Factors 2024; p. 9; Table 1 Indirect (scope 2 and scope 3) emission factors from consumption of purchased or acquired electricity, row ""Tasmania"", column ""Scope 3 Emission Factors (kg CO2-e/kWh)"""
nga_scope3,DCCEEW NGA 2024,electricity:NT_DKIS,0.07,kg CO2-e/kWh,"DCCEEW (2024) National Greenhouse Accounts Factors 2024; p. 9; Table 1 Indirect (scope 2 and scope 3) emission factors from consumption of purchased or acquired electricity, row ""Northern territory - Darwin Katherine Interconnected System (DKIS)"", column ""Scope 3 Emission Factors (kg CO2-e/kWh)"""
nga_scope3,DCCEEW NGA 2024,electricity:NATIONAL,0.07,kg CO2-e/kWh,"DCCEEW (2024) National Greenhouse Accounts Factors 2024; p. 9; Table 1 Indirect (scope 2 and scope 3) emission factors from consumption of purchased or acquired electricity, row ""National"", column ""Scope 3 Emission Factors (kg CO2-e/kWh)"""
nga_scope3,DCCEEW NGA 2024,electricity:residual_mix,0.11,kg CO2-e/kWh,"DCCEEW (2024) National Greenhouse Accounts Factors 2024; p. 9; Table 2 Indirect (scope 2 and scope 3) emission factors from consumption of purchased or acquired electricity: market-based factors, row ""National"""
nga_scope3,DCCEEW NGA 2024,natural_gas:NSW_ACT:metro,13.1,kg CO2-e/GJ,"DCCEEW (2024) National Greenhouse Accounts Factors 2024; p. 18; Table 6 Indirect (Scope 3) emission factors for the consumption of natural gas, row ""New South Wales and ACT"", column ""Scope 3 Emission Factors for Natural Gas (kg CO2-e/GJ), Metro"""
nga_scope3,DCCEEW NGA 2024,natural_gas:NSW_ACT:non_metro,14,kg CO2-e/GJ,"DCCEEW (2024) National Greenhouse Accounts Factors 2024; p. 18; Table 6 Indirect (Scope 3) emission factors for the consumption of natural gas, row ""New South Wales and ACT"", column ""Scope 3 Emission Factors for Natural Gas (kg CO2-e/GJ), Non-Metro"""
nga_scope3,DCCEEW NGA 2024,natural_gas:VIC:metro,4,kg CO2-e/GJ,"DCCEEW (2024) National Greenhouse Accounts Factors 2024; p. 18; Table 6 Indirect (Scope 3) emission factors for the consumption of natural gas, row ""Victoria"", column ""Scope 3 Emission Factors for Natural Gas (kg CO2-e/GJ), Metro"""
nga_scope3,DCCEEW NGA 2024,natural_gas:VIC:non_metro,4,kg CO2-e/GJ,"DCCEEW (2024) National Greenhouse Accounts Factors 2024; p. 18; Table 6 Indirect (Scope 3) emission factors for the consumption of natural gas, row ""Victoria"", column ""Scope 3 Emission Factors for Natural Gas (kg CO2-e/GJ), Non-Metro"""
nga_scope3,DCCEEW NGA 2024,natural_gas:QLD:metro,8.8,kg CO2-e/GJ,"DCCEEW (2024) National Greenhouse Accounts Factors 2024; p. 18; Table 6 Indirect (Scope 3) emission factors for the consumption of natural gas, row ""Queensland"", column ""Scope 3 Emission Factors for Natural Gas (kg CO2-e/GJ), Metro"""
nga_scope3,DCCEEW NGA 2024,natural_gas:QLD:non_metro,7.9,kg CO2-e/GJ,"DCCEEW (2024) National Greenhouse Accounts Factors 2024; p. 18; Table 6 Indirect (Scope 3) emission factors for the consumption of natural gas, row ""Queensland"", column ""Scope 3 Emission Factors for Natural Gas (kg CO2-e/GJ), Non-Metro"""
nga_scope3,DCCEEW NGA 2024,natural_gas:SA:metro,10.7,kg CO2-e/GJ,"DCCEEW (2024) National Greenhouse Accounts Factors 2024; p. 18; Table 6 Indirect (Scope 3) emission factors for the consumption of natural gas, row ""South Australia"", column ""Scope 3 Emission Factors for Natural Gas (kg CO2-e/GJ), Metro"""
nga_scope3,DCCEEW NGA 2024,natural_gas:SA:non_metro,10.6,kg CO2-e/GJ,"DCCEEW (2024) National Greenhouse Accounts Factors 2024; p. 18; Table 6 Indirect (Scope 3) emission factors for the consumption of natural gas, row ""South Australia"", column ""Scope 3 Emission Factors for Natural Gas (kg CO2-e/GJ), Non-Metro"""
nga_scope3,DCCEEW NGA 2024,natural_gas:WA:metro,4.1,kg CO2-e/GJ,"DCCEEW (2024) National Greenhouse Accounts Factors 2024; p. 18; Table 6 Indirect (Scope 3) emission factors for the consumption of natural gas, row ""Western Australia"", column ""Scope 3 Emission Factors for Natural Gas (kg CO2-e/GJ), Metro"""
nga_scope3,DCCEEW NGA 2024,natural_gas:WA:non_metro,4,kg CO2-e/GJ,"DCCEEW (2024) National Greenhouse Accounts Factors 2024; p. 18; Table 6 Indirect (Scope 3) emission factors for the consumption of natural gas, row ""Western Australia"", column ""Scope 3 Emission Factors for Natural Gas (kg CO2-e/GJ), Non-Metro"""
nga_scope3,DCCEEW NGA 2024,natural_gas:TAS:metro,null (printed C),kg CO2-e/GJ,"DCCEEW (2024) National Greenhouse Accounts Factors 2024; p. 18; Table 6 Indirect (Scope 3) emission factors for the consumption of natural gas, row ""Tasmania"", column ""Scope 3 Emission Factors for Natural Gas (kg CO2-e/GJ), Metro"""
nga_scope3,DCCEEW NGA 2024,natural_gas:TAS:non_metro,null (printed C),kg CO2-e/GJ,"DCCEEW (2024) National Greenhouse Accounts Factors 2024; p. 18; Table 6 Indirect (Scope 3) emission factors for the consumption of natural gas, row ""Tasmania"", column ""Scope 3 Emission Factors for Natural Gas (kg CO2-e/GJ), Non-Metro"""
nga_scope3,DCCEEW NGA 2024,natural_gas:NT:metro,null (printed C),kg CO2-e/GJ,"DCCEEW (2024) National Greenhouse Accounts Factors 2024; p. 18; Table 6 Indirect (Scope 3) emission factors for the consumption of natural gas, row ""Northern Territory"", column ""Scope 3 Emission Factors for Natural Gas (kg CO2-e/GJ), Metro"""
nga_scope3,DCCEEW NGA 2024,natural_gas:NT:non_metro,null (printed C),kg CO2-e/GJ,"DCCEEW (2024) National Greenhouse Accounts Factors 2024; p. 18; Table 6 Indirect (Scope 3) emission factors for the consumption of natural gas, row ""Northern Territory"", column ""Scope 3 Emission Factors for Natural Gas (kg CO2-e/GJ), Non-Metro"""
mfe_combustion,MfE 2024,commercial:natural_gas_kwh,0.19488931,kg CO2-e/kWh,"MfE Measuring Emissions flat emission factors 2024 (Measuring_Emissions_Flat_EmissionFactors_2024.xlsx); Emission Factors!J50; Fuel / Stationary combustion fuel emission factors, row ""Commercial use, Natural Gas (kWh)"", column ""EmissionFactor (CO2e)""; the 2024.1 release, published 29 July 2024 (the workbook prints no version or correction)"
mfe_combustion,MfE 2024,commercial:diesel_litre,2.678493439,kg CO2-e/litre,"MfE Measuring Emissions flat emission factors 2024 (Measuring_Emissions_Flat_EmissionFactors_2024.xlsx); Emission Factors!J34; Fuel / Stationary combustion fuel emission factors, row ""Commercial use, Diesel (litre)"", column ""EmissionFactor (CO2e)""; the 2024.1 release, published 29 July 2024 (the workbook prints no version or correction)"
mfe_combustion,MfE 2024,commercial:propane_kg,2.971635097,kg CO2-e/kg,"MfE Measuring Emissions flat emission factors 2024 (Measuring_Emissions_Flat_EmissionFactors_2024.xlsx); Emission Factors!J38; Fuel / Stationary combustion fuel emission factors, row ""Commercial use, LPG (kg)"", column ""EmissionFactor (CO2e)""; the 2024.1 release, published 29 July 2024 (the workbook prints no version or correction)"
mfe_combustion,MfE 2024,commercial:fuel_oil_distillate_litre,2.970880948,kg CO2-e/litre,"MfE Measuring Emissions flat emission factors 2024 (Measuring_Emissions_Flat_EmissionFactors_2024.xlsx); Emission Factors!J46; Fuel / Stationary combustion fuel emission factors, row ""Commercial use, Light Fuel Oil (litre)"", column ""EmissionFactor (CO2e)""; the 2024.1 release, published 29 July 2024 (the workbook prints no version or correction)"
mfe_combustion,MfE 2024,commercial:fuel_oil_residual_litre,3.053591726,kg CO2-e/litre,"MfE Measuring Emissions flat emission factors 2024 (Measuring_Emissions_Flat_EmissionFactors_2024.xlsx); Emission Factors!J42; Fuel / Stationary combustion fuel emission factors, row ""Commercial use, Heavy Fuel Oil (litre)"", column ""EmissionFactor (CO2e)""; the 2024.1 release, published 29 July 2024 (the workbook prints no version or correction)"
mfe_combustion,MfE 2024,industrial:natural_gas_kwh,0.19452643,kg CO2-e/kWh,"MfE Measuring Emissions flat emission factors 2024 (Measuring_Emissions_Flat_EmissionFactors_2024.xlsx); Emission Factors!J90; Fuel / Stationary combustion fuel emission factors, row ""Industrial Use, Natural Gas (kWh)"", column ""EmissionFactor (CO2e)""; the 2024.1 release, published 29 July 2024 (the workbook prints no version or correction)"
mfe_combustion,MfE 2024,industrial:diesel_litre,2.671326212,kg CO2-e/litre,"MfE Measuring Emissions flat emission factors 2024 (Measuring_Emissions_Flat_EmissionFactors_2024.xlsx); Emission Factors!J74; Fuel / Stationary combustion fuel emission factors, row ""Industrial Use, Diesel (litre)"", column ""EmissionFactor (CO2e)""; the 2024.1 release, published 29 July 2024 (the workbook prints no version or correction)"
mfe_combustion,MfE 2024,industrial:propane_kg,2.966315097,kg CO2-e/kg,"MfE Measuring Emissions flat emission factors 2024 (Measuring_Emissions_Flat_EmissionFactors_2024.xlsx); Emission Factors!J78; Fuel / Stationary combustion fuel emission factors, row ""Industrial Use, LPG (kg)"", column ""EmissionFactor (CO2e)""; the 2024.1 release, published 29 July 2024 (the workbook prints no version or correction)"
mfe_combustion,MfE 2024,industrial:fuel_oil_distillate_litre,2.963348406,kg CO2-e/litre,"MfE Measuring Emissions flat emission factors 2024 (Measuring_Emissions_Flat_EmissionFactors_2024.xlsx); Emission Factors!J86; Fuel / Stationary combustion fuel emission factors, row ""Industrial Use, Light Fuel Oil (litre)"", column ""EmissionFactor (CO2e)""; the 2024.1 release, published 29 July 2024 (the workbook prints no version or correction)"
mfe_combustion,MfE 2024,industrial:fuel_oil_residual_litre,3.04600607,kg CO2-e/litre,"MfE Measuring Emissions flat emission factors 2024 (Measuring_Emissions_Flat_EmissionFactors_2024.xlsx); Emission Factors!J82; Fuel / Stationary combustion fuel emission factors, row ""Industrial Use, Heavy Fuel Oil (litre)"", column ""EmissionFactor (CO2e)""; the 2024.1 release, published 29 July 2024 (the workbook prints no version or correction)"
mfe_combustion,MfE 2025 v3,commercial:natural_gas_kwh,0.1951479317,kg CO2-e/kWh,"MfE Measuring Emissions emission factors 2025 v3 (EmissionFactors_2025_v3.xlsx, release 2025.3); data!O1379; Fuel / Stationary Combustion of Fuels, row ""Commercial Use, Natural Gas (kWh) (kWh)"", column ""EmissionFactor (GHG_TOTAL_KGCO2_e)""; release 2025.3 (README ""Release date"" 2026-02-24; no correction to a fuel row recorded)"
mfe_combustion,MfE 2025 v3,commercial:diesel_litre,2.679858468,kg CO2-e/litre,"MfE Measuring Emissions emission factors 2025 v3 (EmissionFactors_2025_v3.xlsx, release 2025.3); data!O1359; Fuel / Stationary Combustion of Fuels, row ""Commercial Use, Diesel (litre)"", column ""EmissionFactor (GHG_TOTAL_KGCO2_e)""; release 2025.3 (README ""Release date"" 2026-02-24; no correction to a fuel row recorded)"
mfe_combustion,MfE 2025 v3,commercial:propane_kg,2.971635097,kg CO2-e/kg,"MfE Measuring Emissions emission factors 2025 v3 (EmissionFactors_2025_v3.xlsx, release 2025.3); data!O1367; Fuel / Stationary Combustion of Fuels, row ""Commercial Use, LPG (kg)"", column ""EmissionFactor (GHG_TOTAL_KGCO2_e)""; release 2025.3 (README ""Release date"" 2026-02-24; no correction to a fuel row recorded)"
mfe_combustion,MfE 2025 v3,commercial:fuel_oil_distillate_litre,2.970880948,kg CO2-e/litre,"MfE Measuring Emissions emission factors 2025 v3 (EmissionFactors_2025_v3.xlsx, release 2025.3); data!O1371; Fuel / Stationary Combustion of Fuels, row ""Commercial Use, Light Fuel Oil (litre)"", column ""EmissionFactor (GHG_TOTAL_KGCO2_e)""; release 2025.3 (README ""Release date"" 2026-02-24; no correction to a fuel row recorded)"
mfe_combustion,MfE 2025 v3,commercial:fuel_oil_residual_litre,3.053591727,kg CO2-e/litre,"MfE Measuring Emissions emission factors 2025 v3 (EmissionFactors_2025_v3.xlsx, release 2025.3); data!O1363; Fuel / Stationary Combustion of Fuels, row ""Commercial Use, Heavy Fuel Oil (litre)"", column ""EmissionFactor (GHG_TOTAL_KGCO2_e)""; release 2025.3 (README ""Release date"" 2026-02-24; no correction to a fuel row recorded)"
mfe_combustion,MfE 2025 v3,industrial:natural_gas_kwh,0.1947850517,kg CO2-e/kWh,"MfE Measuring Emissions emission factors 2025 v3 (EmissionFactors_2025_v3.xlsx, release 2025.3); data!O1419; Fuel / Stationary Combustion of Fuels, row ""Industrial Use, Natural Gas (kWh) (kWh)"", column ""EmissionFactor (GHG_TOTAL_KGCO2_e)""; release 2025.3 (README ""Release date"" 2026-02-24; no correction to a fuel row recorded)"
mfe_combustion,MfE 2025 v3,industrial:diesel_litre,2.67269124,kg CO2-e/litre,"MfE Measuring Emissions emission factors 2025 v3 (EmissionFactors_2025_v3.xlsx, release 2025.3); data!O1399; Fuel / Stationary Combustion of Fuels, row ""Industrial Use, Diesel (litre)"", column ""EmissionFactor (GHG_TOTAL_KGCO2_e)""; release 2025.3 (README ""Release date"" 2026-02-24; no correction to a fuel row recorded)"
mfe_combustion,MfE 2025 v3,industrial:propane_kg,2.966315097,kg CO2-e/kg,"MfE Measuring Emissions emission factors 2025 v3 (EmissionFactors_2025_v3.xlsx, release 2025.3); data!O1407; Fuel / Stationary Combustion of Fuels, row ""Industrial Use, LPG (kg)"", column ""EmissionFactor (GHG_TOTAL_KGCO2_e)""; release 2025.3 (README ""Release date"" 2026-02-24; no correction to a fuel row recorded)"
mfe_combustion,MfE 2025 v3,industrial:fuel_oil_distillate_litre,2.963348405,kg CO2-e/litre,"MfE Measuring Emissions emission factors 2025 v3 (EmissionFactors_2025_v3.xlsx, release 2025.3); data!O1411; Fuel / Stationary Combustion of Fuels, row ""Industrial Use, Light Fuel Oil (litre)"", column ""EmissionFactor (GHG_TOTAL_KGCO2_e)""; release 2025.3 (README ""Release date"" 2026-02-24; no correction to a fuel row recorded)"
mfe_combustion,MfE 2025 v3,industrial:fuel_oil_residual_litre,3.04600607,kg CO2-e/litre,"MfE Measuring Emissions emission factors 2025 v3 (EmissionFactors_2025_v3.xlsx, release 2025.3); data!O1403; Fuel / Stationary Combustion of Fuels, row ""Industrial Use, Heavy Fuel Oil (litre)"", column ""EmissionFactor (GHG_TOTAL_KGCO2_e)""; release 2025.3 (README ""Release date"" 2026-02-24; no correction to a fuel row recorded)"
mfe_mobile,MfE 2024,diesel:co2,2.636169937,kg CO2-e/litre,"MfE Measuring Emissions flat emission factors 2024 (Measuring_Emissions_Flat_EmissionFactors_2024.xlsx); 'Emission Factors'!J107 ; Fuel / Transport fuel emission factors / Transport fuels, row ""Diesel (litre)"", column ""J (EmissionFactor) (CO2)"""
mfe_mobile,MfE 2024,petrol:co2,2.272882538,kg CO2-e/litre,"MfE Measuring Emissions flat emission factors 2024 (Measuring_Emissions_Flat_EmissionFactors_2024.xlsx); 'Emission Factors'!J99 ; Fuel / Transport fuel emission factors / Transport fuels, row ""Regular Petrol (litre)"", column ""J (EmissionFactor) (CO2)"""
mfe_mobile,MfE 2024,diesel:light:Transport fuels (no vehicle split):ch4,0.0039537689,kg CO2-e/litre,"MfE Measuring Emissions flat emission factors 2024 (Measuring_Emissions_Flat_EmissionFactors_2024.xlsx); 'Emission Factors'!J108, 'Emission Factors'!J109 ; Fuel / Transport fuel emission factors / Transport fuels, row ""Diesel (litre)"", column ""J EmissionFactor (CH4; N2O)"""
mfe_mobile,MfE 2024,diesel:light:Transport fuels (no vehicle split):n2o,0.0374195987,kg CO2-e/litre,"MfE Measuring Emissions flat emission factors 2024 (Measuring_Emissions_Flat_EmissionFactors_2024.xlsx); 'Emission Factors'!J108, 'Emission Factors'!J109 ; Fuel / Transport fuel emission factors / Transport fuels, row ""Diesel (litre)"", column ""J EmissionFactor (CH4; N2O)"""
mfe_mobile,MfE 2024,diesel:heavy:Transport fuels (no vehicle split):ch4,0.0039537689,kg CO2-e/litre,"MfE Measuring Emissions flat emission factors 2024 (Measuring_Emissions_Flat_EmissionFactors_2024.xlsx); 'Emission Factors'!J108, 'Emission Factors'!J109 ; Fuel / Transport fuel emission factors / Transport fuels, row ""Diesel (litre)"", column ""J EmissionFactor (CH4; N2O)"""
mfe_mobile,MfE 2024,diesel:heavy:Transport fuels (no vehicle split):n2o,0.0374195987,kg CO2-e/litre,"MfE Measuring Emissions flat emission factors 2024 (Measuring_Emissions_Flat_EmissionFactors_2024.xlsx); 'Emission Factors'!J108, 'Emission Factors'!J109 ; Fuel / Transport fuel emission factors / Transport fuels, row ""Diesel (litre)"", column ""J EmissionFactor (CH4; N2O)"""
mfe_mobile,MfE 2024,petrol:light:Transport fuels (no vehicle split):ch4,0.0302710346,kg CO2-e/litre,"MfE Measuring Emissions flat emission factors 2024 (Measuring_Emissions_Flat_EmissionFactors_2024.xlsx); 'Emission Factors'!J100, 'Emission Factors'!J101 ; Fuel / Transport fuel emission factors / Transport fuels, row ""Regular Petrol (litre)"", column ""J EmissionFactor (CH4; N2O)"""
mfe_mobile,MfE 2024,petrol:light:Transport fuels (no vehicle split):n2o,0.0694530231,kg CO2-e/litre,"MfE Measuring Emissions flat emission factors 2024 (Measuring_Emissions_Flat_EmissionFactors_2024.xlsx); 'Emission Factors'!J100, 'Emission Factors'!J101 ; Fuel / Transport fuel emission factors / Transport fuels, row ""Regular Petrol (litre)"", column ""J EmissionFactor (CH4; N2O)"""
mfe_mobile,MfE 2024,petrol:heavy:Transport fuels (no vehicle split):ch4,0.0302710346,kg CO2-e/litre,"MfE Measuring Emissions flat emission factors 2024 (Measuring_Emissions_Flat_EmissionFactors_2024.xlsx); 'Emission Factors'!J100, 'Emission Factors'!J101 ; Fuel / Transport fuel emission factors / Transport fuels, row ""Regular Petrol (litre)"", column ""J EmissionFactor (CH4; N2O)"""
mfe_mobile,MfE 2024,petrol:heavy:Transport fuels (no vehicle split):n2o,0.0694530231,kg CO2-e/litre,"MfE Measuring Emissions flat emission factors 2024 (Measuring_Emissions_Flat_EmissionFactors_2024.xlsx); 'Emission Factors'!J100, 'Emission Factors'!J101 ; Fuel / Transport fuel emission factors / Transport fuels, row ""Regular Petrol (litre)"", column ""J EmissionFactor (CH4; N2O)"""
mfe_mobile,MfE 2024,diesel:non_road:Transport fuels (no vehicle split):ch4,0.0039537689,kg CO2-e/litre,"MfE Measuring Emissions flat emission factors 2024 (Measuring_Emissions_Flat_EmissionFactors_2024.xlsx); 'Emission Factors'!J108, 'Emission Factors'!J109 ; Fuel / Transport fuel emission factors / Transport fuels, row ""Diesel (litre)"", column ""J EmissionFactor (CH4; N2O)"""
mfe_mobile,MfE 2024,diesel:non_road:Transport fuels (no vehicle split):n2o,0.0374195987,kg CO2-e/litre,"MfE Measuring Emissions flat emission factors 2024 (Measuring_Emissions_Flat_EmissionFactors_2024.xlsx); 'Emission Factors'!J108, 'Emission Factors'!J109 ; Fuel / Transport fuel emission factors / Transport fuels, row ""Diesel (litre)"", column ""J EmissionFactor (CH4; N2O)"""
mfe_mobile,MfE 2024,petrol:non_road:Transport fuels (no vehicle split):ch4,0.0302710346,kg CO2-e/litre,"MfE Measuring Emissions flat emission factors 2024 (Measuring_Emissions_Flat_EmissionFactors_2024.xlsx); 'Emission Factors'!J100, 'Emission Factors'!J101 ; Fuel / Transport fuel emission factors / Transport fuels, row ""Regular Petrol (litre)"", column ""J EmissionFactor (CH4; N2O)"""
mfe_mobile,MfE 2024,petrol:non_road:Transport fuels (no vehicle split):n2o,0.0694530231,kg CO2-e/litre,"MfE Measuring Emissions flat emission factors 2024 (Measuring_Emissions_Flat_EmissionFactors_2024.xlsx); 'Emission Factors'!J100, 'Emission Factors'!J101 ; Fuel / Transport fuel emission factors / Transport fuels, row ""Regular Petrol (litre)"", column ""J EmissionFactor (CH4; N2O)"""
mfe_mobile,MfE 2025 v3,diesel:co2,2.639279658,kg CO2-e/litre,"MfE Measuring Emissions emission factors 2025 v3 (EmissionFactors_2025_v3.xlsx, release 2025.3); data!O1464 ; Fuel / Transport Fuel, row ""Diesel (litre)"", column ""O (EmissionFactor) (GHG_CO2_KGCO2_e)"""
mfe_mobile,MfE 2025 v3,petrol:co2,2.283122022,kg CO2-e/litre,"MfE Measuring Emissions emission factors 2025 v3 (EmissionFactors_2025_v3.xlsx, release 2025.3); data!O1484 ; Fuel / Transport Fuel, row ""Regular Petrol (litre)"", column ""O (EmissionFactor) (GHG_CO2_KGCO2_e)"""
mfe_mobile,MfE 2025 v3,diesel:light:Transport Fuel (no vehicle split):ch4,0.0039564045,kg CO2-e/litre,"MfE Measuring Emissions emission factors 2025 v3 (EmissionFactors_2025_v3.xlsx, release 2025.3); data!O1465, data!O1466 ; Fuel / Transport Fuel, row ""Diesel (litre)"", column ""O EmissionFactor (GHG_CH4_KGCO2_e; GHG_N2O_KGCO2_e)"""
mfe_mobile,MfE 2025 v3,diesel:light:Transport Fuel (no vehicle split):n2o,0.0374445425,kg CO2-e/litre,"MfE Measuring Emissions emission factors 2025 v3 (EmissionFactors_2025_v3.xlsx, release 2025.3); data!O1465, data!O1466 ; Fuel / Transport Fuel, row ""Diesel (litre)"", column ""O EmissionFactor (GHG_CH4_KGCO2_e; GHG_N2O_KGCO2_e)"""
mfe_mobile,MfE 2025 v3,diesel:heavy:Transport Fuel (no vehicle split):ch4,0.0039564045,kg CO2-e/litre,"MfE Measuring Emissions emission factors 2025 v3 (EmissionFactors_2025_v3.xlsx, release 2025.3); data!O1465, data!O1466 ; Fuel / Transport Fuel, row ""Diesel (litre)"", column ""O EmissionFactor (GHG_CH4_KGCO2_e; GHG_N2O_KGCO2_e)"""
mfe_mobile,MfE 2025 v3,diesel:heavy:Transport Fuel (no vehicle split):n2o,0.0374445425,kg CO2-e/litre,"MfE Measuring Emissions emission factors 2025 v3 (EmissionFactors_2025_v3.xlsx, release 2025.3); data!O1465, data!O1466 ; Fuel / Transport Fuel, row ""Diesel (litre)"", column ""O EmissionFactor (GHG_CH4_KGCO2_e; GHG_N2O_KGCO2_e)"""
mfe_mobile,MfE 2025 v3,petrol:light:Transport Fuel (no vehicle split):ch4,0.0303562842,kg CO2-e/litre,"MfE Measuring Emissions emission factors 2025 v3 (EmissionFactors_2025_v3.xlsx, release 2025.3); data!O1485, data!O1486 ; Fuel / Transport Fuel, row ""Regular Petrol (litre)"", column ""O EmissionFactor (GHG_CH4_KGCO2_e; GHG_N2O_KGCO2_e)"""
mfe_mobile,MfE 2025 v3,petrol:light:Transport Fuel (no vehicle split):n2o,0.0696486174,kg CO2-e/litre,"MfE Measuring Emissions emission factors 2025 v3 (EmissionFactors_2025_v3.xlsx, release 2025.3); data!O1485, data!O1486 ; Fuel / Transport Fuel, row ""Regular Petrol (litre)"", column ""O EmissionFactor (GHG_CH4_KGCO2_e; GHG_N2O_KGCO2_e)"""
mfe_mobile,MfE 2025 v3,petrol:heavy:Transport Fuel (no vehicle split):ch4,0.0303562842,kg CO2-e/litre,"MfE Measuring Emissions emission factors 2025 v3 (EmissionFactors_2025_v3.xlsx, release 2025.3); data!O1485, data!O1486 ; Fuel / Transport Fuel, row ""Regular Petrol (litre)"", column ""O EmissionFactor (GHG_CH4_KGCO2_e; GHG_N2O_KGCO2_e)"""
mfe_mobile,MfE 2025 v3,petrol:heavy:Transport Fuel (no vehicle split):n2o,0.0696486174,kg CO2-e/litre,"MfE Measuring Emissions emission factors 2025 v3 (EmissionFactors_2025_v3.xlsx, release 2025.3); data!O1485, data!O1486 ; Fuel / Transport Fuel, row ""Regular Petrol (litre)"", column ""O EmissionFactor (GHG_CH4_KGCO2_e; GHG_N2O_KGCO2_e)"""
mfe_mobile,MfE 2025 v3,diesel:non_road:Transport Fuel (no vehicle split):ch4,0.0039564045,kg CO2-e/litre,"MfE Measuring Emissions emission factors 2025 v3 (EmissionFactors_2025_v3.xlsx, release 2025.3); data!O1465, data!O1466 ; Fuel / Transport Fuel, row ""Diesel (litre)"", column ""O EmissionFactor (GHG_CH4_KGCO2_e; GHG_N2O_KGCO2_e)"""
mfe_mobile,MfE 2025 v3,diesel:non_road:Transport Fuel (no vehicle split):n2o,0.0374445425,kg CO2-e/litre,"MfE Measuring Emissions emission factors 2025 v3 (EmissionFactors_2025_v3.xlsx, release 2025.3); data!O1465, data!O1466 ; Fuel / Transport Fuel, row ""Diesel (litre)"", column ""O EmissionFactor (GHG_CH4_KGCO2_e; GHG_N2O_KGCO2_e)"""
mfe_mobile,MfE 2025 v3,petrol:non_road:Transport Fuel (no vehicle split):ch4,0.0303562842,kg CO2-e/litre,"MfE Measuring Emissions emission factors 2025 v3 (EmissionFactors_2025_v3.xlsx, release 2025.3); data!O1485, data!O1486 ; Fuel / Transport Fuel, row ""Regular Petrol (litre)"", column ""O EmissionFactor (GHG_CH4_KGCO2_e; GHG_N2O_KGCO2_e)"""
mfe_mobile,MfE 2025 v3,petrol:non_road:Transport Fuel (no vehicle split):n2o,0.0696486174,kg CO2-e/litre,"MfE Measuring Emissions emission factors 2025 v3 (EmissionFactors_2025_v3.xlsx, release 2025.3); data!O1485, data!O1486 ; Fuel / Transport Fuel, row ""Regular Petrol (litre)"", column ""O EmissionFactor (GHG_CH4_KGCO2_e; GHG_N2O_KGCO2_e)"""
mfe_td,MfE 2026 v2 (2024 row),NZ_TD_LOSS:2024,0.00752331,kg CO2-e/kWh,"MfE Measuring Emissions emission factors 2026 v2 (emission_factors_2026_v2.xlsx, release 2026.2); data!J1708; Purchased Electricity, Heat, and Steam / Transmission and distribution losses, row ""Electricity Consumption, Electricity Used - 2024 (kWh)"", column ""EmissionFactor (GHG_TOTAL_KGCO2_e)""; release 2026.2 (the 29 May 2026 correction, which concerned waste factors)"
mfe_td,MfE 2026 v2 (2025 row),NZ_TD_LOSS:2025,0.00595616,kg CO2-e/kWh,"MfE Measuring Emissions emission factors 2026 v2 (emission_factors_2026_v2.xlsx, release 2026.2); data!J1712; Purchased Electricity, Heat, and Steam / Transmission and distribution losses, row ""Electricity Consumption, Electricity Used - 2025 (kWh)"", column ""EmissionFactor (GHG_TOTAL_KGCO2_e)""; release 2026.2 (the 29 May 2026 correction, which concerned waste factors); MfE marks this value ""Calculated using the latest observed T&D"" (data!H1709:H1712), not observed"
eccc_grid,ECCC Table 5.4 (NIR 1990-2024),BC,0.018,kg CO2e/kWh,"ECCC (2026) Emission factors and reference values, Version 4.0 (September 9, 2026), En84-294-2026-eng.pdf; p. 17 (PDF page 21); Table 5.4: Electricity consumption intensities (g CO2e/kWh electricity consumed) for 2027, row ""BC"", column ""g CO2e/kWh""; Version 4.0, the original publication of Table 5.4; 18 g CO2e/kWh as printed, / 1,000"
eccc_grid,ECCC Table 5.4 (NIR 1990-2024),AB,0.346,kg CO2e/kWh,"ECCC (2026) Emission factors and reference values, Version 4.0 (September 9, 2026), En84-294-2026-eng.pdf; p. 17 (PDF page 21); Table 5.4: Electricity consumption intensities (g CO2e/kWh electricity consumed) for 2027, row ""AB"", column ""g CO2e/kWh""; Version 4.0, the original publication of Table 5.4; 346 g CO2e/kWh as printed, / 1,000"
eccc_grid,ECCC Table 5.4 (NIR 1990-2024),SK,0.581,kg CO2e/kWh,"ECCC (2026) Emission factors and reference values, Version 4.0 (September 9, 2026), En84-294-2026-eng.pdf; p. 17 (PDF page 21); Table 5.4: Electricity consumption intensities (g CO2e/kWh electricity consumed) for 2027, row ""SK"", column ""g CO2e/kWh""; Version 4.0, the original publication of Table 5.4; 581 g CO2e/kWh as printed, / 1,000"
eccc_grid,ECCC Table 5.4 (NIR 1990-2024),MB,0.003,kg CO2e/kWh,"ECCC (2026) Emission factors and reference values, Version 4.0 (September 9, 2026), En84-294-2026-eng.pdf; p. 17 (PDF page 21); Table 5.4: Electricity consumption intensities (g CO2e/kWh electricity consumed) for 2027, row ""MB"", column ""g CO2e/kWh""; Version 4.0, the original publication of Table 5.4; 3.0 g CO2e/kWh as printed, / 1,000"
eccc_grid,ECCC Table 5.4 (NIR 1990-2024),ON,0.073,kg CO2e/kWh,"ECCC (2026) Emission factors and reference values, Version 4.0 (September 9, 2026), En84-294-2026-eng.pdf; p. 17 (PDF page 21); Table 5.4: Electricity consumption intensities (g CO2e/kWh electricity consumed) for 2027, row ""ON"", column ""g CO2e/kWh""; Version 4.0, the original publication of Table 5.4; 73 g CO2e/kWh as printed, / 1,000"
eccc_grid,ECCC Table 5.4 (NIR 1990-2024),QC,0.0026,kg CO2e/kWh,"ECCC (2026) Emission factors and reference values, Version 4.0 (September 9, 2026), En84-294-2026-eng.pdf; p. 17 (PDF page 21); Table 5.4: Electricity consumption intensities (g CO2e/kWh electricity consumed) for 2027, row ""QC"", column ""g CO2e/kWh""; Version 4.0, the original publication of Table 5.4; 2.6 g CO2e/kWh as printed, / 1,000"
eccc_grid,ECCC Table 5.4 (NIR 1990-2024),NB,0.375,kg CO2e/kWh,"ECCC (2026) Emission factors and reference values, Version 4.0 (September 9, 2026), En84-294-2026-eng.pdf; p. 17 (PDF page 21); Table 5.4: Electricity consumption intensities (g CO2e/kWh electricity consumed) for 2027, row ""NB"", column ""g CO2e/kWh""; Version 4.0, the original publication of Table 5.4; 375 g CO2e/kWh as printed, / 1,000"
eccc_grid,ECCC Table 5.4 (NIR 1990-2024),NS,0.628,kg CO2e/kWh,"ECCC (2026) Emission factors and reference values, Version 4.0 (September 9, 2026), En84-294-2026-eng.pdf; p. 17 (PDF page 21); Table 5.4: Electricity consumption intensities (g CO2e/kWh electricity consumed) for 2027, row ""NS"", column ""g CO2e/kWh""; Version 4.0, the original publication of Table 5.4; 628 g CO2e/kWh as printed, / 1,000"
eccc_grid,ECCC Table 5.4 (NIR 1990-2024),PE,0.265,kg CO2e/kWh,"ECCC (2026) Emission factors and reference values, Version 4.0 (September 9, 2026), En84-294-2026-eng.pdf; p. 17 (PDF page 21); Table 5.4: Electricity consumption intensities (g CO2e/kWh electricity consumed) for 2027, row ""PE"", column ""g CO2e/kWh""; Version 4.0, the original publication of Table 5.4; 265 g CO2e/kWh as printed, / 1,000"
eccc_grid,ECCC Table 5.4 (NIR 1990-2024),NL,0.017,kg CO2e/kWh,"ECCC (2026) Emission factors and reference values, Version 4.0 (September 9, 2026), En84-294-2026-eng.pdf; p. 17 (PDF page 21); Table 5.4: Electricity consumption intensities (g CO2e/kWh electricity consumed) for 2027, row ""NL"", column ""g CO2e/kWh""; Version 4.0, the original publication of Table 5.4; 17 g CO2e/kWh as printed, / 1,000"
eccc_grid,ECCC Table 5.4 (NIR 1990-2024),YT,0.134,kg CO2e/kWh,"ECCC (2026) Emission factors and reference values, Version 4.0 (September 9, 2026), En84-294-2026-eng.pdf; p. 17 (PDF page 21); Table 5.4: Electricity consumption intensities (g CO2e/kWh electricity consumed) for 2027, row ""YT"", column ""g CO2e/kWh""; Version 4.0, the original publication of Table 5.4; 134 g CO2e/kWh as printed, / 1,000"
eccc_grid,ECCC Table 5.4 (NIR 1990-2024),NT,0.49,kg CO2e/kWh,"ECCC (2026) Emission factors and reference values, Version 4.0 (September 9, 2026), En84-294-2026-eng.pdf; p. 17 (PDF page 21); Table 5.4: Electricity consumption intensities (g CO2e/kWh electricity consumed) for 2027, row ""NT"", column ""g CO2e/kWh""; Version 4.0, the original publication of Table 5.4; 490 g CO2e/kWh as printed, / 1,000"
eccc_grid,ECCC Table 5.4 (NIR 1990-2024),NU,0.76,kg CO2e/kWh,"ECCC (2026) Emission factors and reference values, Version 4.0 (September 9, 2026), En84-294-2026-eng.pdf; p. 17 (PDF page 21); Table 5.4: Electricity consumption intensities (g CO2e/kWh electricity consumed) for 2027, row ""NU"", column ""g CO2e/kWh""; Version 4.0, the original publication of Table 5.4; 760 g CO2e/kWh as printed, / 1,000"
eccc_ng_heat,ECCC NIR 2026 (1990-2024),natural_gas,0.03852,GJ/m3,"ECCC (2026) National Inventory Report 1990-2024, Annex 4 (NIR-1990-2024-2026-edition.pdf); p. 521 (PDF page 543); Table A4–2 Reference Approach Energy Contents and Emission Factors for Canada, row ""Gaseous Primary Fuels, Natural Gas"", column ""Energy Content, GCV - ""2024 Value"" (gross calorific value; data year 2024)""; the 2026 edition as published (no correction recorded); 38.52 TJ/GL as printed; 1 GL = 10^6 m3, so 38.52 MJ/m3 = 0.03852 GJ/m3"
eccc_mobile,ECCC NIR 2026 (1990-2024),diesel:co2,2680.5,g/L,"ECCC (2026) National Inventory Report 1990–2024, Annex 6;  p. 541; Table A6.1–15 Emission Factors for Energy Mobile Combustion Sources, row ""Diesel Vehicles (every row)"", column ""CO2"""
eccc_mobile,ECCC NIR 2026 (1990-2024),petrol:co2,2307.3,g/L,"ECCC (2026) National Inventory Report 1990–2024, Annex 6;  p. 541; Table A6.1–15 Emission Factors for Energy Mobile Combustion Sources, row ""Gasoline Vehicles (every row)"", column ""CO2"""
eccc_mobile,ECCC NIR 2026 (1990-2024),petrol:light:Light-duty Gasoline Vehicles (LDGVs):Tier 3:ch4,0.111,g/L,"ECCC (2026) National Inventory Report 1990–2024, Annex 6;  p. 541; Table A6.1–15 Emission Factors for Energy Mobile Combustion Sources, row ""Light-duty Gasoline Vehicles (LDGVs), Tier 3"", column ""Emission Factors (g/L fuel): CH4, N2O"""
eccc_mobile,ECCC NIR 2026 (1990-2024),petrol:light:Light-duty Gasoline Vehicles (LDGVs):Tier 3:n2o,0.007,g/L,"ECCC (2026) National Inventory Report 1990–2024, Annex 6;  p. 541; Table A6.1–15 Emission Factors for Energy Mobile Combustion Sources, row ""Light-duty Gasoline Vehicles (LDGVs), Tier 3"", column ""Emission Factors (g/L fuel): CH4, N2O"""
eccc_mobile,ECCC NIR 2026 (1990-2024),petrol:light:Light-duty Gasoline Vehicles (LDGVs):Tier 2:ch4,0.14,g/L,"ECCC (2026) National Inventory Report 1990–2024, Annex 6;  p. 541; Table A6.1–15 Emission Factors for Energy Mobile Combustion Sources, row ""Light-duty Gasoline Vehicles (LDGVs), Tier 2"", column ""Emission Factors (g/L fuel): CH4, N2O"""
eccc_mobile,ECCC NIR 2026 (1990-2024),petrol:light:Light-duty Gasoline Vehicles (LDGVs):Tier 2:n2o,0.022,g/L,"ECCC (2026) National Inventory Report 1990–2024, Annex 6;  p. 541; Table A6.1–15 Emission Factors for Energy Mobile Combustion Sources, row ""Light-duty Gasoline Vehicles (LDGVs), Tier 2"", column ""Emission Factors (g/L fuel): CH4, N2O"""
eccc_mobile,ECCC NIR 2026 (1990-2024),petrol:light:Light-duty Gasoline Vehicles (LDGVs):Tier 1:ch4,0.23,g/L,"ECCC (2026) National Inventory Report 1990–2024, Annex 6;  p. 541; Table A6.1–15 Emission Factors for Energy Mobile Combustion Sources, row ""Light-duty Gasoline Vehicles (LDGVs), Tier 1"", column ""Emission Factors (g/L fuel): CH4, N2O"""
eccc_mobile,ECCC NIR 2026 (1990-2024),petrol:light:Light-duty Gasoline Vehicles (LDGVs):Tier 1:n2o,0.47,g/L,"ECCC (2026) National Inventory Report 1990–2024, Annex 6;  p. 541; Table A6.1–15 Emission Factors for Energy Mobile Combustion Sources, row ""Light-duty Gasoline Vehicles (LDGVs), Tier 1"", column ""Emission Factors (g/L fuel): CH4, N2O"""
eccc_mobile,ECCC NIR 2026 (1990-2024),petrol:light:Light-duty Gasoline Vehicles (LDGVs):Tier 0:ch4,0.32,g/L,"ECCC (2026) National Inventory Report 1990–2024, Annex 6;  p. 541; Table A6.1–15 Emission Factors for Energy Mobile Combustion Sources, row ""Light-duty Gasoline Vehicles (LDGVs), Tier 0"", column ""Emission Factors (g/L fuel): CH4, N2O"""
eccc_mobile,ECCC NIR 2026 (1990-2024),petrol:light:Light-duty Gasoline Vehicles (LDGVs):Tier 0:n2o,0.66,g/L,"ECCC (2026) National Inventory Report 1990–2024, Annex 6;  p. 541; Table A6.1–15 Emission Factors for Energy Mobile Combustion Sources, row ""Light-duty Gasoline Vehicles (LDGVs), Tier 0"", column ""Emission Factors (g/L fuel): CH4, N2O"""
eccc_mobile,ECCC NIR 2026 (1990-2024),petrol:light:Light-duty Gasoline Vehicles (LDGVs):Oxidation Catalyst:ch4,0.52,g/L,"ECCC (2026) National Inventory Report 1990–2024, Annex 6;  p. 541; Table A6.1–15 Emission Factors for Energy Mobile Combustion Sources, row ""Light-duty Gasoline Vehicles (LDGVs), Oxidation Catalyst"", column ""Emission Factors (g/L fuel): CH4, N2O"""
eccc_mobile,ECCC NIR 2026 (1990-2024),petrol:light:Light-duty Gasoline Vehicles (LDGVs):Oxidation Catalyst:n2o,0.2,g/L,"ECCC (2026) National Inventory Report 1990–2024, Annex 6;  p. 541; Table A6.1–15 Emission Factors for Energy Mobile Combustion Sources, row ""Light-duty Gasoline Vehicles (LDGVs), Oxidation Catalyst"", column ""Emission Factors (g/L fuel): CH4, N2O"""
eccc_mobile,ECCC NIR 2026 (1990-2024),petrol:light:Light-duty Gasoline Vehicles (LDGVs):Non-catalytic Controlled:ch4,0.46,g/L,"ECCC (2026) National Inventory Report 1990–2024, Annex 6;  p. 541; Table A6.1–15 Emission Factors for Energy Mobile Combustion Sources, row ""Light-duty Gasoline Vehicles (LDGVs), Non-catalytic Controlled"", column ""Emission Factors (g/L fuel): CH4, N2O"""
eccc_mobile,ECCC NIR 2026 (1990-2024),petrol:light:Light-duty Gasoline Vehicles (LDGVs):Non-catalytic Controlled:n2o,0.028,g/L,"ECCC (2026) National Inventory Report 1990–2024, Annex 6;  p. 541; Table A6.1–15 Emission Factors for Energy Mobile Combustion Sources, row ""Light-duty Gasoline Vehicles (LDGVs), Non-catalytic Controlled"", column ""Emission Factors (g/L fuel): CH4, N2O"""
eccc_mobile,ECCC NIR 2026 (1990-2024),petrol:light:Light-duty Gasoline Trucks (LDGTs):Tier 3:ch4,0.111,g/L,"ECCC (2026) National Inventory Report 1990–2024, Annex 6;  p. 541; Table A6.1–15 Emission Factors for Energy Mobile Combustion Sources, row ""Light-duty Gasoline Trucks (LDGTs), Tier 3"", column ""Emission Factors (g/L fuel): CH4, N2O"""
eccc_mobile,ECCC NIR 2026 (1990-2024),petrol:light:Light-duty Gasoline Trucks (LDGTs):Tier 3:n2o,0.007,g/L,"ECCC (2026) National Inventory Report 1990–2024, Annex 6;  p. 541; Table A6.1–15 Emission Factors for Energy Mobile Combustion Sources, row ""Light-duty Gasoline Trucks (LDGTs), Tier 3"", column ""Emission Factors (g/L fuel): CH4, N2O"""
eccc_mobile,ECCC NIR 2026 (1990-2024),petrol:light:Light-duty Gasoline Trucks (LDGTs):Tier 2:ch4,0.14,g/L,"ECCC (2026) National Inventory Report 1990–2024, Annex 6;  p. 541; Table A6.1–15 Emission Factors for Energy Mobile Combustion Sources, row ""Light-duty Gasoline Trucks (LDGTs), Tier 2"", column ""Emission Factors (g/L fuel): CH4, N2O"""
eccc_mobile,ECCC NIR 2026 (1990-2024),petrol:light:Light-duty Gasoline Trucks (LDGTs):Tier 2:n2o,0.022,g/L,"ECCC (2026) National Inventory Report 1990–2024, Annex 6;  p. 541; Table A6.1–15 Emission Factors for Energy Mobile Combustion Sources, row ""Light-duty Gasoline Trucks (LDGTs), Tier 2"", column ""Emission Factors (g/L fuel): CH4, N2O"""
eccc_mobile,ECCC NIR 2026 (1990-2024),petrol:light:Light-duty Gasoline Trucks (LDGTs):Tier 1:ch4,0.24,g/L,"ECCC (2026) National Inventory Report 1990–2024, Annex 6;  p. 541; Table A6.1–15 Emission Factors for Energy Mobile Combustion Sources, row ""Light-duty Gasoline Trucks (LDGTs), Tier 1"", column ""Emission Factors (g/L fuel): CH4, N2O"""
eccc_mobile,ECCC NIR 2026 (1990-2024),petrol:light:Light-duty Gasoline Trucks (LDGTs):Tier 1:n2o,0.58,g/L,"ECCC (2026) National Inventory Report 1990–2024, Annex 6;  p. 541; Table A6.1–15 Emission Factors for Energy Mobile Combustion Sources, row ""Light-duty Gasoline Trucks (LDGTs), Tier 1"", column ""Emission Factors (g/L fuel): CH4, N2O"""
eccc_mobile,ECCC NIR 2026 (1990-2024),petrol:light:Light-duty Gasoline Trucks (LDGTs):Tier 0:ch4,0.21,g/L,"ECCC (2026) National Inventory Report 1990–2024, Annex 6;  p. 541; Table A6.1–15 Emission Factors for Energy Mobile Combustion Sources, row ""Light-duty Gasoline Trucks (LDGTs), Tier 0"", column ""Emission Factors (g/L fuel): CH4, N2O"""
eccc_mobile,ECCC NIR 2026 (1990-2024),petrol:light:Light-duty Gasoline Trucks (LDGTs):Tier 0:n2o,0.66,g/L,"ECCC (2026) National Inventory Report 1990–2024, Annex 6;  p. 541; Table A6.1–15 Emission Factors for Energy Mobile Combustion Sources, row ""Light-duty Gasoline Trucks (LDGTs), Tier 0"", column ""Emission Factors (g/L fuel): CH4, N2O"""
eccc_mobile,ECCC NIR 2026 (1990-2024),petrol:light:Light-duty Gasoline Trucks (LDGTs):Oxidation Catalyst:ch4,0.43,g/L,"ECCC (2026) National Inventory Report 1990–2024, Annex 6;  p. 541; Table A6.1–15 Emission Factors for Energy Mobile Combustion Sources, row ""Light-duty Gasoline Trucks (LDGTs), Oxidation Catalyst"", column ""Emission Factors (g/L fuel): CH4, N2O"""
eccc_mobile,ECCC NIR 2026 (1990-2024),petrol:light:Light-duty Gasoline Trucks (LDGTs):Oxidation Catalyst:n2o,0.2,g/L,"ECCC (2026) National Inventory Report 1990–2024, Annex 6;  p. 541; Table A6.1–15 Emission Factors for Energy Mobile Combustion Sources, row ""Light-duty Gasoline Trucks (LDGTs), Oxidation Catalyst"", column ""Emission Factors (g/L fuel): CH4, N2O"""
eccc_mobile,ECCC NIR 2026 (1990-2024),petrol:light:Light-duty Gasoline Trucks (LDGTs):Non-catalytic Controlled:ch4,0.56,g/L,"ECCC (2026) National Inventory Report 1990–2024, Annex 6;  p. 541; Table A6.1–15 Emission Factors for Energy Mobile Combustion Sources, row ""Light-duty Gasoline Trucks (LDGTs), Non-catalytic Controlled"", column ""Emission Factors (g/L fuel): CH4, N2O"""
eccc_mobile,ECCC NIR 2026 (1990-2024),petrol:light:Light-duty Gasoline Trucks (LDGTs):Non-catalytic Controlled:n2o,0.028,g/L,"ECCC (2026) National Inventory Report 1990–2024, Annex 6;  p. 541; Table A6.1–15 Emission Factors for Energy Mobile Combustion Sources, row ""Light-duty Gasoline Trucks (LDGTs), Non-catalytic Controlled"", column ""Emission Factors (g/L fuel): CH4, N2O"""
eccc_mobile,ECCC NIR 2026 (1990-2024),petrol:heavy:Heavy-duty Gasoline Vehicles (HDGVs):Three-way Catalyst:ch4,0.068,g/L,"ECCC (2026) National Inventory Report 1990–2024, Annex 6;  p. 541; Table A6.1–15 Emission Factors for Energy Mobile Combustion Sources, row ""Heavy-duty Gasoline Vehicles (HDGVs), Three-way Catalyst"", column ""Emission Factors (g/L fuel): CH4, N2O"""
eccc_mobile,ECCC NIR 2026 (1990-2024),petrol:heavy:Heavy-duty Gasoline Vehicles (HDGVs):Three-way Catalyst:n2o,0.2,g/L,"ECCC (2026) National Inventory Report 1990–2024, Annex 6;  p. 541; Table A6.1–15 Emission Factors for Energy Mobile Combustion Sources, row ""Heavy-duty Gasoline Vehicles (HDGVs), Three-way Catalyst"", column ""Emission Factors (g/L fuel): CH4, N2O"""
eccc_mobile,ECCC NIR 2026 (1990-2024),petrol:heavy:Heavy-duty Gasoline Vehicles (HDGVs):Non-catalytic Controlled:ch4,0.29,g/L,"ECCC (2026) National Inventory Report 1990–2024, Annex 6;  p. 541; Table A6.1–15 Emission Factors for Energy Mobile Combustion Sources, row ""Heavy-duty Gasoline Vehicles (HDGVs), Non-catalytic Controlled"", column ""Emission Factors (g/L fuel): CH4, N2O"""
eccc_mobile,ECCC NIR 2026 (1990-2024),petrol:heavy:Heavy-duty Gasoline Vehicles (HDGVs):Non-catalytic Controlled:n2o,0.047,g/L,"ECCC (2026) National Inventory Report 1990–2024, Annex 6;  p. 541; Table A6.1–15 Emission Factors for Energy Mobile Combustion Sources, row ""Heavy-duty Gasoline Vehicles (HDGVs), Non-catalytic Controlled"", column ""Emission Factors (g/L fuel): CH4, N2O"""
eccc_mobile,ECCC NIR 2026 (1990-2024),petrol:heavy:Heavy-duty Gasoline Vehicles (HDGVs):Uncontrolled:ch4,0.49,g/L,"ECCC (2026) National Inventory Report 1990–2024, Annex 6;  p. 541; Table A6.1–15 Emission Factors for Energy Mobile Combustion Sources, row ""Heavy-duty Gasoline Vehicles (HDGVs), Uncontrolled"", column ""Emission Factors (g/L fuel): CH4, N2O"""
eccc_mobile,ECCC NIR 2026 (1990-2024),petrol:heavy:Heavy-duty Gasoline Vehicles (HDGVs):Uncontrolled:n2o,0.084,g/L,"ECCC (2026) National Inventory Report 1990–2024, Annex 6;  p. 541; Table A6.1–15 Emission Factors for Energy Mobile Combustion Sources, row ""Heavy-duty Gasoline Vehicles (HDGVs), Uncontrolled"", column ""Emission Factors (g/L fuel): CH4, N2O"""
eccc_mobile,ECCC NIR 2026 (1990-2024),diesel:light:Light-duty Diesel Vehicles (LDDVs):Advanced Control:ch4,0.051,g/L,"ECCC (2026) National Inventory Report 1990–2024, Annex 6;  p. 541; Table A6.1–15 Emission Factors for Energy Mobile Combustion Sources, row ""Light-duty Diesel Vehicles (LDDVs), Advanced Control"", column ""Emission Factors (g/L fuel): CH4, N2O"""
eccc_mobile,ECCC NIR 2026 (1990-2024),diesel:light:Light-duty Diesel Vehicles (LDDVs):Advanced Control:n2o,0.22,g/L,"ECCC (2026) National Inventory Report 1990–2024, Annex 6;  p. 541; Table A6.1–15 Emission Factors for Energy Mobile Combustion Sources, row ""Light-duty Diesel Vehicles (LDDVs), Advanced Control"", column ""Emission Factors (g/L fuel): CH4, N2O"""
eccc_mobile,ECCC NIR 2026 (1990-2024),diesel:light:Light-duty Diesel Vehicles (LDDVs):Moderate Control:ch4,0.068,g/L,"ECCC (2026) National Inventory Report 1990–2024, Annex 6;  p. 541; Table A6.1–15 Emission Factors for Energy Mobile Combustion Sources, row ""Light-duty Diesel Vehicles (LDDVs), Moderate Control"", column ""Emission Factors (g/L fuel): CH4, N2O"""
eccc_mobile,ECCC NIR 2026 (1990-2024),diesel:light:Light-duty Diesel Vehicles (LDDVs):Moderate Control:n2o,0.21,g/L,"ECCC (2026) National Inventory Report 1990–2024, Annex 6;  p. 541; Table A6.1–15 Emission Factors for Energy Mobile Combustion Sources, row ""Light-duty Diesel Vehicles (LDDVs), Moderate Control"", column ""Emission Factors (g/L fuel): CH4, N2O"""
eccc_mobile,ECCC NIR 2026 (1990-2024),diesel:light:Light-duty Diesel Vehicles (LDDVs):Uncontrolled:ch4,0.1,g/L,"ECCC (2026) National Inventory Report 1990–2024, Annex 6;  p. 541; Table A6.1–15 Emission Factors for Energy Mobile Combustion Sources, row ""Light-duty Diesel Vehicles (LDDVs), Uncontrolled"", column ""Emission Factors (g/L fuel): CH4, N2O"""
eccc_mobile,ECCC NIR 2026 (1990-2024),diesel:light:Light-duty Diesel Vehicles (LDDVs):Uncontrolled:n2o,0.16,g/L,"ECCC (2026) National Inventory Report 1990–2024, Annex 6;  p. 541; Table A6.1–15 Emission Factors for Energy Mobile Combustion Sources, row ""Light-duty Diesel Vehicles (LDDVs), Uncontrolled"", column ""Emission Factors (g/L fuel): CH4, N2O"""
eccc_mobile,ECCC NIR 2026 (1990-2024),diesel:light:Light-duty Diesel Trucks (LDDTs):Advanced Control:ch4,0.068,g/L,"ECCC (2026) National Inventory Report 1990–2024, Annex 6;  p. 541; Table A6.1–15 Emission Factors for Energy Mobile Combustion Sources, row ""Light-duty Diesel Trucks (LDDTs), Advanced Control"", column ""Emission Factors (g/L fuel): CH4, N2O"""
eccc_mobile,ECCC NIR 2026 (1990-2024),diesel:light:Light-duty Diesel Trucks (LDDTs):Advanced Control:n2o,0.22,g/L,"ECCC (2026) National Inventory Report 1990–2024, Annex 6;  p. 541; Table A6.1–15 Emission Factors for Energy Mobile Combustion Sources, row ""Light-duty Diesel Trucks (LDDTs), Advanced Control"", column ""Emission Factors (g/L fuel): CH4, N2O"""
eccc_mobile,ECCC NIR 2026 (1990-2024),diesel:light:Light-duty Diesel Trucks (LDDTs):Moderate Control:ch4,0.068,g/L,"ECCC (2026) National Inventory Report 1990–2024, Annex 6;  p. 541; Table A6.1–15 Emission Factors for Energy Mobile Combustion Sources, row ""Light-duty Diesel Trucks (LDDTs), Moderate Control"", column ""Emission Factors (g/L fuel): CH4, N2O"""
eccc_mobile,ECCC NIR 2026 (1990-2024),diesel:light:Light-duty Diesel Trucks (LDDTs):Moderate Control:n2o,0.21,g/L,"ECCC (2026) National Inventory Report 1990–2024, Annex 6;  p. 541; Table A6.1–15 Emission Factors for Energy Mobile Combustion Sources, row ""Light-duty Diesel Trucks (LDDTs), Moderate Control"", column ""Emission Factors (g/L fuel): CH4, N2O"""
eccc_mobile,ECCC NIR 2026 (1990-2024),diesel:light:Light-duty Diesel Trucks (LDDTs):Uncontrolled:ch4,0.085,g/L,"ECCC (2026) National Inventory Report 1990–2024, Annex 6;  p. 541; Table A6.1–15 Emission Factors for Energy Mobile Combustion Sources, row ""Light-duty Diesel Trucks (LDDTs), Uncontrolled"", column ""Emission Factors (g/L fuel): CH4, N2O"""
eccc_mobile,ECCC NIR 2026 (1990-2024),diesel:light:Light-duty Diesel Trucks (LDDTs):Uncontrolled:n2o,0.16,g/L,"ECCC (2026) National Inventory Report 1990–2024, Annex 6;  p. 541; Table A6.1–15 Emission Factors for Energy Mobile Combustion Sources, row ""Light-duty Diesel Trucks (LDDTs), Uncontrolled"", column ""Emission Factors (g/L fuel): CH4, N2O"""
eccc_mobile,ECCC NIR 2026 (1990-2024),diesel:heavy:Heavy-duty Diesel Vehicles (HDDVs):Advanced Control:ch4,0.11,g/L,"ECCC (2026) National Inventory Report 1990–2024, Annex 6;  p. 541; Table A6.1–15 Emission Factors for Energy Mobile Combustion Sources, row ""Heavy-duty Diesel Vehicles (HDDVs), Advanced Control"", column ""Emission Factors (g/L fuel): CH4, N2O"""
eccc_mobile,ECCC NIR 2026 (1990-2024),diesel:heavy:Heavy-duty Diesel Vehicles (HDDVs):Advanced Control:n2o,0.151,g/L,"ECCC (2026) National Inventory Report 1990–2024, Annex 6;  p. 541; Table A6.1–15 Emission Factors for Energy Mobile Combustion Sources, row ""Heavy-duty Diesel Vehicles (HDDVs), Advanced Control"", column ""Emission Factors (g/L fuel): CH4, N2O"""
eccc_mobile,ECCC NIR 2026 (1990-2024),diesel:heavy:Heavy-duty Diesel Vehicles (HDDVs):Moderate Control:ch4,0.14,g/L,"ECCC (2026) National Inventory Report 1990–2024, Annex 6;  p. 541; Table A6.1–15 Emission Factors for Energy Mobile Combustion Sources, row ""Heavy-duty Diesel Vehicles (HDDVs), Moderate Control"", column ""Emission Factors (g/L fuel): CH4, N2O"""
eccc_mobile,ECCC NIR 2026 (1990-2024),diesel:heavy:Heavy-duty Diesel Vehicles (HDDVs):Moderate Control:n2o,0.082,g/L,"ECCC (2026) National Inventory Report 1990–2024, Annex 6;  p. 541; Table A6.1–15 Emission Factors for Energy Mobile Combustion Sources, row ""Heavy-duty Diesel Vehicles (HDDVs), Moderate Control"", column ""Emission Factors (g/L fuel): CH4, N2O"""
eccc_mobile,ECCC NIR 2026 (1990-2024),diesel:heavy:Heavy-duty Diesel Vehicles (HDDVs):Uncontrolled:ch4,0.15,g/L,"ECCC (2026) National Inventory Report 1990–2024, Annex 6;  p. 541; Table A6.1–15 Emission Factors for Energy Mobile Combustion Sources, row ""Heavy-duty Diesel Vehicles (HDDVs), Uncontrolled"", column ""Emission Factors (g/L fuel): CH4, N2O"""
eccc_mobile,ECCC NIR 2026 (1990-2024),diesel:heavy:Heavy-duty Diesel Vehicles (HDDVs):Uncontrolled:n2o,0.075,g/L,"ECCC (2026) National Inventory Report 1990–2024, Annex 6;  p. 541; Table A6.1–15 Emission Factors for Energy Mobile Combustion Sources, row ""Heavy-duty Diesel Vehicles (HDDVs), Uncontrolled"", column ""Emission Factors (g/L fuel): CH4, N2O"""
eccc_mobile,ECCC NIR 2026 (1990-2024),petrol:non_road:Off-road Gasoline:2-stroke:ch4,10.56,g/L,"ECCC (2026) National Inventory Report 1990–2024, Annex 6;  p. 541; Table A6.1–15 Emission Factors for Energy Mobile Combustion Sources, row ""Off-road Gasoline, 2-stroke"", column ""Emission Factors (g/L fuel): CH4, N2O"""
eccc_mobile,ECCC NIR 2026 (1990-2024),petrol:non_road:Off-road Gasoline:2-stroke:n2o,0.013,g/L,"ECCC (2026) National Inventory Report 1990–2024, Annex 6;  p. 541; Table A6.1–15 Emission Factors for Energy Mobile Combustion Sources, row ""Off-road Gasoline, 2-stroke"", column ""Emission Factors (g/L fuel): CH4, N2O"""
eccc_mobile,ECCC NIR 2026 (1990-2024),petrol:non_road:Off-road Gasoline:4-stroke:ch4,5.08,g/L,"ECCC (2026) National Inventory Report 1990–2024, Annex 6;  p. 541; Table A6.1–15 Emission Factors for Energy Mobile Combustion Sources, row ""Off-road Gasoline, 4-stroke"", column ""Emission Factors (g/L fuel): CH4, N2O"""
eccc_mobile,ECCC NIR 2026 (1990-2024),petrol:non_road:Off-road Gasoline:4-stroke:n2o,0.064,g/L,"ECCC (2026) National Inventory Report 1990–2024, Annex 6;  p. 541; Table A6.1–15 Emission Factors for Energy Mobile Combustion Sources, row ""Off-road Gasoline, 4-stroke"", column ""Emission Factors (g/L fuel): CH4, N2O"""
eccc_mobile,ECCC NIR 2026 (1990-2024),diesel:non_road:Off-road Diesel:< 19kW:ch4,0.073,g/L,"ECCC (2026) National Inventory Report 1990–2024, Annex 6;  p. 541; Table A6.1–15 Emission Factors for Energy Mobile Combustion Sources, row ""Off-road Diesel, < 19kW"", column ""Emission Factors (g/L fuel): CH4, N2O"""
eccc_mobile,ECCC NIR 2026 (1990-2024),diesel:non_road:Off-road Diesel:< 19kW:n2o,0.022,g/L,"ECCC (2026) National Inventory Report 1990–2024, Annex 6;  p. 541; Table A6.1–15 Emission Factors for Energy Mobile Combustion Sources, row ""Off-road Diesel, < 19kW"", column ""Emission Factors (g/L fuel): CH4, N2O"""
eccc_mobile,ECCC NIR 2026 (1990-2024),"diesel:non_road:Off-road Diesel:≥ 19kW, Tier 1 - 3:ch4",0.073,g/L,"ECCC (2026) National Inventory Report 1990–2024, Annex 6;  p. 541; Table A6.1–15 Emission Factors for Energy Mobile Combustion Sources, row ""Off-road Diesel, ≥ 19kW, Tier 1 - 3"", column ""Emission Factors (g/L fuel): CH4, N2O"""
eccc_mobile,ECCC NIR 2026 (1990-2024),"diesel:non_road:Off-road Diesel:≥ 19kW, Tier 1 - 3:n2o",0.022,g/L,"ECCC (2026) National Inventory Report 1990–2024, Annex 6;  p. 541; Table A6.1–15 Emission Factors for Energy Mobile Combustion Sources, row ""Off-road Diesel, ≥ 19kW, Tier 1 - 3"", column ""Emission Factors (g/L fuel): CH4, N2O"""
eccc_mobile,ECCC NIR 2026 (1990-2024),"diesel:non_road:Off-road Diesel:≥ 19kW, Tier 4:ch4",0.073,g/L,"ECCC (2026) National Inventory Report 1990–2024, Annex 6;  p. 541; Table A6.1–15 Emission Factors for Energy Mobile Combustion Sources, row ""Off-road Diesel, ≥ 19kW, Tier 4"", column ""Emission Factors (g/L fuel): CH4, N2O"""
eccc_mobile,ECCC NIR 2026 (1990-2024),"diesel:non_road:Off-road Diesel:≥ 19kW, Tier 4:n2o",0.227,g/L,"ECCC (2026) National Inventory Report 1990–2024, Annex 6;  p. 541; Table A6.1–15 Emission Factors for Energy Mobile Combustion Sources, row ""Off-road Diesel, ≥ 19kW, Tier 4"", column ""Emission Factors (g/L fuel): CH4, N2O"""
aib,AIB 2025,EU_AT,null (printed NA),g CO2/kWh,"AIB European Residual Mixes 2025, Version 1.0, 2026-05-26 (AIB-2025-residual-mix-results-25052026.xlsx; AIB-2025-residual-mix-final-results-26052026.pdf); Residual Mixes!Q2; p. PDF Table 2, p. 7; Residual Mixes, row ""AT"", column ""CO2 (gCO2/kWh)""; Version 1.0, 2026-05-26 (the original publication); Printed ""NA"": full disclosure, no residual mix (PDF p. 1). Not a zero."
aib,AIB 2025,EU_BE,171.01,g CO2/kWh,"AIB European Residual Mixes 2025, Version 1.0, 2026-05-26 (AIB-2025-residual-mix-results-25052026.xlsx; AIB-2025-residual-mix-final-results-26052026.pdf); Residual Mixes!Q4; p. PDF Table 2, p. 7; Residual Mixes, row ""BE"", column ""CO2 (gCO2/kWh)""; Version 1.0, 2026-05-26 (the original publication)"
aib,AIB 2025,EU_BG,371.81,g CO2/kWh,"AIB European Residual Mixes 2025, Version 1.0, 2026-05-26 (AIB-2025-residual-mix-results-25052026.xlsx; AIB-2025-residual-mix-final-results-26052026.pdf); Residual Mixes!Q5; p. PDF Table 2, p. 7; Residual Mixes, row ""BG"", column ""CO2 (gCO2/kWh)""; Version 1.0, 2026-05-26 (the original publication)"
aib,AIB 2025,EU_CY,503.63,g CO2/kWh,"AIB European Residual Mixes 2025, Version 1.0, 2026-05-26 (AIB-2025-residual-mix-results-25052026.xlsx; AIB-2025-residual-mix-final-results-26052026.pdf); Residual Mixes!Q7; p. PDF Table 2, p. 7; Residual Mixes, row ""CY"", column ""CO2 (gCO2/kWh)""; Version 1.0, 2026-05-26 (the original publication)"
aib,AIB 2025,EU_CZ,589.81,g CO2/kWh,"AIB European Residual Mixes 2025, Version 1.0, 2026-05-26 (AIB-2025-residual-mix-results-25052026.xlsx; AIB-2025-residual-mix-final-results-26052026.pdf); Residual Mixes!Q8; p. PDF Table 2, p. 7; Residual Mixes, row ""CZ"", column ""CO2 (gCO2/kWh)""; Version 1.0, 2026-05-26 (the original publication)"
aib,AIB 2025,EU_DE,701.47,g CO2/kWh,"AIB European Residual Mixes 2025, Version 1.0, 2026-05-26 (AIB-2025-residual-mix-results-25052026.xlsx; AIB-2025-residual-mix-final-results-26052026.pdf); Residual Mixes!Q9; p. PDF Table 2, p. 7; Residual Mixes, row ""DE"", column ""CO2 (gCO2/kWh)""; Version 1.0, 2026-05-26 (the original publication)"
aib,AIB 2025,EU_DK,448.9,g CO2/kWh,"AIB European Residual Mixes 2025, Version 1.0, 2026-05-26 (AIB-2025-residual-mix-results-25052026.xlsx; AIB-2025-residual-mix-final-results-26052026.pdf); Residual Mixes!Q10; p. PDF Table 2, p. 7; Residual Mixes, row ""DK"", column ""CO2 (gCO2/kWh)""; Version 1.0, 2026-05-26 (the original publication)"
aib,AIB 2025,EU_EE,467.35,g CO2/kWh,"AIB European Residual Mixes 2025, Version 1.0, 2026-05-26 (AIB-2025-residual-mix-results-25052026.xlsx; AIB-2025-residual-mix-final-results-26052026.pdf); Residual Mixes!Q11; p. PDF Table 2, p. 7; Residual Mixes, row ""EE"", column ""CO2 (gCO2/kWh)""; Version 1.0, 2026-05-26 (the original publication)"
aib,AIB 2025,EU_EL,365.2,g CO2/kWh,"AIB European Residual Mixes 2025, Version 1.0, 2026-05-26 (AIB-2025-residual-mix-results-25052026.xlsx; AIB-2025-residual-mix-final-results-26052026.pdf); Residual Mixes!Q16; p. PDF Table 2, p. 7; Residual Mixes, row ""GR"", column ""CO2 (gCO2/kWh)""; Version 1.0, 2026-05-26 (the original publication)"
aib,AIB 2025,EU_ES,238.28,g CO2/kWh,"AIB European Residual Mixes 2025, Version 1.0, 2026-05-26 (AIB-2025-residual-mix-results-25052026.xlsx; AIB-2025-residual-mix-final-results-26052026.pdf); Residual Mixes!Q12; p. PDF Table 2, p. 7; Residual Mixes, row ""ES"", column ""CO2 (gCO2/kWh)""; Version 1.0, 2026-05-26 (the original publication)"
aib,AIB 2025,EU_FI,352.45,g CO2/kWh,"AIB European Residual Mixes 2025, Version 1.0, 2026-05-26 (AIB-2025-residual-mix-results-25052026.xlsx; AIB-2025-residual-mix-final-results-26052026.pdf); Residual Mixes!Q13; p. PDF Table 2, p. 7; Residual Mixes, row ""FI"", column ""CO2 (gCO2/kWh)""; Version 1.0, 2026-05-26 (the original publication)"
aib,AIB 2025,EU_FR,17.11,g CO2/kWh,"AIB European Residual Mixes 2025, Version 1.0, 2026-05-26 (AIB-2025-residual-mix-results-25052026.xlsx; AIB-2025-residual-mix-final-results-26052026.pdf); Residual Mixes!Q14; p. PDF Table 2, p. 7; Residual Mixes, row ""FR"", column ""CO2 (gCO2/kWh)""; Version 1.0, 2026-05-26 (the original publication)"
aib,AIB 2025,EU_HR,432.4,g CO2/kWh,"AIB European Residual Mixes 2025, Version 1.0, 2026-05-26 (AIB-2025-residual-mix-results-25052026.xlsx; AIB-2025-residual-mix-final-results-26052026.pdf); Residual Mixes!Q17; p. PDF Table 2, p. 7; Residual Mixes, row ""HR"", column ""CO2 (gCO2/kWh)""; Version 1.0, 2026-05-26 (the original publication)"
aib,AIB 2025,EU_HU,453.5,g CO2/kWh,"AIB European Residual Mixes 2025, Version 1.0, 2026-05-26 (AIB-2025-residual-mix-results-25052026.xlsx; AIB-2025-residual-mix-final-results-26052026.pdf); Residual Mixes!Q18; p. PDF Table 2, p. 7; Residual Mixes, row ""HU"", column ""CO2 (gCO2/kWh)""; Version 1.0, 2026-05-26 (the original publication)"
aib,AIB 2025,EU_IE,368.74,g CO2/kWh,"AIB European Residual Mixes 2025, Version 1.0, 2026-05-26 (AIB-2025-residual-mix-results-25052026.xlsx; AIB-2025-residual-mix-final-results-26052026.pdf); Residual Mixes!Q19; p. PDF Table 2, p. 7; Residual Mixes, row ""IE"", column ""CO2 (gCO2/kWh)""; Version 1.0, 2026-05-26 (the original publication)"
aib,AIB 2025,EU_IT,420.2,g CO2/kWh,"AIB European Residual Mixes 2025, Version 1.0, 2026-05-26 (AIB-2025-residual-mix-results-25052026.xlsx; AIB-2025-residual-mix-final-results-26052026.pdf); Residual Mixes!Q21; p. PDF Table 2, p. 8; Residual Mixes, row ""IT"", column ""CO2 (gCO2/kWh)""; Version 1.0, 2026-05-26 (the original publication); The CO2 sheet (C21) prints 427.78; the PDF Table 2 footnote 6 says ""Due to late data updates, the Italian values in this table slightly differ from the rest of the document. The values in this table are correct."" The table value is used."
aib,AIB 2025,EU_LT,550.26,g CO2/kWh,"AIB European Residual Mixes 2025, Version 1.0, 2026-05-26 (AIB-2025-residual-mix-results-25052026.xlsx; AIB-2025-residual-mix-final-results-26052026.pdf); Residual Mixes!Q22; p. PDF Table 2, p. 8; Residual Mixes, row ""LT"", column ""CO2 (gCO2/kWh)""; Version 1.0, 2026-05-26 (the original publication)"
aib,AIB 2025,EU_LU,422.28,g CO2/kWh,"AIB European Residual Mixes 2025, Version 1.0, 2026-05-26 (AIB-2025-residual-mix-results-25052026.xlsx; AIB-2025-residual-mix-final-results-26052026.pdf); Residual Mixes!Q23; p. PDF Table 2, p. 8; Residual Mixes, row ""LU"", column ""CO2 (gCO2/kWh)""; Version 1.0, 2026-05-26 (the original publication)"
aib,AIB 2025,EU_LV,371.51,g CO2/kWh,"AIB European Residual Mixes 2025, Version 1.0, 2026-05-26 (AIB-2025-residual-mix-results-25052026.xlsx; AIB-2025-residual-mix-final-results-26052026.pdf); Residual Mixes!Q24; p. PDF Table 2, p. 8; Residual Mixes, row ""LV"", column ""CO2 (gCO2/kWh)""; Version 1.0, 2026-05-26 (the original publication)"
aib,AIB 2025,EU_MT,427.67,g CO2/kWh,"AIB European Residual Mixes 2025, Version 1.0, 2026-05-26 (AIB-2025-residual-mix-results-25052026.xlsx; AIB-2025-residual-mix-final-results-26052026.pdf); Residual Mixes!Q26; p. PDF Table 2, p. 8; Residual Mixes, row ""MT"", column ""CO2 (gCO2/kWh)""; Version 1.0, 2026-05-26 (the original publication)"
aib,AIB 2025,EU_NL,null (printed NA),g CO2/kWh,"AIB European Residual Mixes 2025, Version 1.0, 2026-05-26 (AIB-2025-residual-mix-results-25052026.xlsx; AIB-2025-residual-mix-final-results-26052026.pdf); Residual Mixes!Q27; p. PDF Table 2, p. 8; Residual Mixes, row ""NL"", column ""CO2 (gCO2/kWh)""; Version 1.0, 2026-05-26 (the original publication); Printed ""NA"": full disclosure, no residual mix (PDF p. 1). Not a zero."
aib,AIB 2025,EU_PL,726.96,g CO2/kWh,"AIB European Residual Mixes 2025, Version 1.0, 2026-05-26 (AIB-2025-residual-mix-results-25052026.xlsx; AIB-2025-residual-mix-final-results-26052026.pdf); Residual Mixes!Q29; p. PDF Table 2, p. 8; Residual Mixes, row ""PL"", column ""CO2 (gCO2/kWh)""; Version 1.0, 2026-05-26 (the original publication)"
aib,AIB 2025,EU_PT,392.86,g CO2/kWh,"AIB European Residual Mixes 2025, Version 1.0, 2026-05-26 (AIB-2025-residual-mix-results-25052026.xlsx; AIB-2025-residual-mix-final-results-26052026.pdf); Residual Mixes!Q30; p. PDF Table 2, p. 8; Residual Mixes, row ""PT"", column ""CO2 (gCO2/kWh)""; Version 1.0, 2026-05-26 (the original publication)"
aib,AIB 2025,EU_RO,245.02,g CO2/kWh,"AIB European Residual Mixes 2025, Version 1.0, 2026-05-26 (AIB-2025-residual-mix-results-25052026.xlsx; AIB-2025-residual-mix-final-results-26052026.pdf); Residual Mixes!Q31; p. PDF Table 2, p. 8; Residual Mixes, row ""RO"", column ""CO2 (gCO2/kWh)""; Version 1.0, 2026-05-26 (the original publication)"
aib,AIB 2025,EU_SE,208.56,g CO2/kWh,"AIB European Residual Mixes 2025, Version 1.0, 2026-05-26 (AIB-2025-residual-mix-results-25052026.xlsx; AIB-2025-residual-mix-final-results-26052026.pdf); Residual Mixes!Q33; p. PDF Table 2, p. 8; Residual Mixes, row ""SE"", column ""CO2 (gCO2/kWh)""; Version 1.0, 2026-05-26 (the original publication)"
aib,AIB 2025,EU_SI,634.45,g CO2/kWh,"AIB European Residual Mixes 2025, Version 1.0, 2026-05-26 (AIB-2025-residual-mix-results-25052026.xlsx; AIB-2025-residual-mix-final-results-26052026.pdf); Residual Mixes!Q34; p. PDF Table 2, p. 8; Residual Mixes, row ""SI"", column ""CO2 (gCO2/kWh)""; Version 1.0, 2026-05-26 (the original publication)"
aib,AIB 2025,EU_SK,350.7,g CO2/kWh,"AIB European Residual Mixes 2025, Version 1.0, 2026-05-26 (AIB-2025-residual-mix-results-25052026.xlsx; AIB-2025-residual-mix-final-results-26052026.pdf); Residual Mixes!Q35; p. PDF Table 2, p. 8; Residual Mixes, row ""SK"", column ""CO2 (gCO2/kWh)""; Version 1.0, 2026-05-26 (the original publication)"
eea_grid,EEA 2024,EU_SE,0.006,kg CO2e/kWh,"EEA (2025) Greenhouse gas emission intensity of electricity generation, country level, CSV export (EEA-ghg-intensity-electricity-generation-country-level-2024.csv); p. CSV line 14; comma-separated block (1990 to 2024, then the country), row ""Sweden"", column ""2024""; the indicator as modified 10 Jul 2026 (the corrected values; checked against the live EEA chart by Lisa on 8 Oct 2026); 6 g CO2e/kWh as printed, / 1,000"
eea_grid,EEA 2024,EU_FI,0.027,kg CO2e/kWh,"EEA (2025) Greenhouse gas emission intensity of electricity generation, country level, CSV export (EEA-ghg-intensity-electricity-generation-country-level-2024.csv); p. CSV line 15; comma-separated block (1990 to 2024, then the country), row ""Finland"", column ""2024""; the indicator as modified 10 Jul 2026 (the corrected values; checked against the live EEA chart by Lisa on 8 Oct 2026); 27 g CO2e/kWh as printed, / 1,000"
eea_grid,EEA 2024,EU_LU,0.035,kg CO2e/kWh,"EEA (2025) Greenhouse gas emission intensity of electricity generation, country level, CSV export (EEA-ghg-intensity-electricity-generation-country-level-2024.csv); p. CSV line 16; comma-separated block (1990 to 2024, then the country), row ""Luxembourg"", column ""2024""; the indicator as modified 10 Jul 2026 (the corrected values; checked against the live EEA chart by Lisa on 8 Oct 2026); 35 g CO2e/kWh as printed, / 1,000"
eea_grid,EEA 2024,EU_FR,0.036,kg CO2e/kWh,"EEA (2025) Greenhouse gas emission intensity of electricity generation, country level, CSV export (EEA-ghg-intensity-electricity-generation-country-level-2024.csv); p. CSV line 17; comma-separated block (1990 to 2024, then the country), row ""France"", column ""2024""; the indicator as modified 10 Jul 2026 (the corrected values; checked against the live EEA chart by Lisa on 8 Oct 2026); 36 g CO2e/kWh as printed, / 1,000"
eea_grid,EEA 2024,EU_AT,0.053,kg CO2e/kWh,"EEA (2025) Greenhouse gas emission intensity of electricity generation, country level, CSV export (EEA-ghg-intensity-electricity-generation-country-level-2024.csv); p. CSV line 18; comma-separated block (1990 to 2024, then the country), row ""Austria"", column ""2024""; the indicator as modified 10 Jul 2026 (the corrected values; checked against the live EEA chart by Lisa on 8 Oct 2026); 53 g CO2e/kWh as printed, / 1,000"
eea_grid,EEA 2024,EU_SK,0.059,kg CO2e/kWh,"EEA (2025) Greenhouse gas emission intensity of electricity generation, country level, CSV export (EEA-ghg-intensity-electricity-generation-country-level-2024.csv); p. CSV line 19; comma-separated block (1990 to 2024, then the country), row ""Slovakia"", column ""2024""; the indicator as modified 10 Jul 2026 (the corrected values; checked against the live EEA chart by Lisa on 8 Oct 2026); 59 g CO2e/kWh as printed, / 1,000"
eea_grid,EEA 2024,EU_LT,0.061,kg CO2e/kWh,"EEA (2025) Greenhouse gas emission intensity of electricity generation, country level, CSV export (EEA-ghg-intensity-electricity-generation-country-level-2024.csv); p. CSV line 20; comma-separated block (1990 to 2024, then the country), row ""Lithuania"", column ""2024""; the indicator as modified 10 Jul 2026 (the corrected values; checked against the live EEA chart by Lisa on 8 Oct 2026); 61 g CO2e/kWh as printed, / 1,000"
eea_grid,EEA 2024,EU_DK,0.064,kg CO2e/kWh,"EEA (2025) Greenhouse gas emission intensity of electricity generation, country level, CSV export (EEA-ghg-intensity-electricity-generation-country-level-2024.csv); p. CSV line 21; comma-separated block (1990 to 2024, then the country), row ""Denmark"", column ""2024""; the indicator as modified 10 Jul 2026 (the corrected values; checked against the live EEA chart by Lisa on 8 Oct 2026); 64 g CO2e/kWh as printed, / 1,000"
eea_grid,EEA 2024,EU_LV,0.075,kg CO2e/kWh,"EEA (2025) Greenhouse gas emission intensity of electricity generation, country level, CSV export (EEA-ghg-intensity-electricity-generation-country-level-2024.csv); p. CSV line 22; comma-separated block (1990 to 2024, then the country), row ""Latvia"", column ""2024""; the indicator as modified 10 Jul 2026 (the corrected values; checked against the live EEA chart by Lisa on 8 Oct 2026); 75 g CO2e/kWh as printed, / 1,000"
eea_grid,EEA 2024,EU_PT,0.082,kg CO2e/kWh,"EEA (2025) Greenhouse gas emission intensity of electricity generation, country level, CSV export (EEA-ghg-intensity-electricity-generation-country-level-2024.csv); p. CSV line 23; comma-separated block (1990 to 2024, then the country), row ""Portugal"", column ""2024""; the indicator as modified 10 Jul 2026 (the corrected values; checked against the live EEA chart by Lisa on 8 Oct 2026); 82 g CO2e/kWh as printed, / 1,000"
eea_grid,EEA 2024,EU_HR,0.098,kg CO2e/kWh,"EEA (2025) Greenhouse gas emission intensity of electricity generation, country level, CSV export (EEA-ghg-intensity-electricity-generation-country-level-2024.csv); p. CSV line 24; comma-separated block (1990 to 2024, then the country), row ""Croatia"", column ""2024""; the indicator as modified 10 Jul 2026 (the corrected values; checked against the live EEA chart by Lisa on 8 Oct 2026); 98 g CO2e/kWh as printed, / 1,000"
eea_grid,EEA 2024,EU_ES,0.125,kg CO2e/kWh,"EEA (2025) Greenhouse gas emission intensity of electricity generation, country level, CSV export (EEA-ghg-intensity-electricity-generation-country-level-2024.csv); p. CSV line 25; comma-separated block (1990 to 2024, then the country), row ""Spain"", column ""2024""; the indicator as modified 10 Jul 2026 (the corrected values; checked against the live EEA chart by Lisa on 8 Oct 2026); 125 g CO2e/kWh as printed, / 1,000"
eea_grid,EEA 2024,EU_HU,0.127,kg CO2e/kWh,"EEA (2025) Greenhouse gas emission intensity of electricity generation, country level, CSV export (EEA-ghg-intensity-electricity-generation-country-level-2024.csv); p. CSV line 26; comma-separated block (1990 to 2024, then the country), row ""Hungary"", column ""2024""; the indicator as modified 10 Jul 2026 (the corrected values; checked against the live EEA chart by Lisa on 8 Oct 2026); 127 g CO2e/kWh as printed, / 1,000"
eea_grid,EEA 2024,EU_BE,0.155,kg CO2e/kWh,"EEA (2025) Greenhouse gas emission intensity of electricity generation, country level, CSV export (EEA-ghg-intensity-electricity-generation-country-level-2024.csv); p. CSV line 27; comma-separated block (1990 to 2024, then the country), row ""Belgium"", column ""2024""; the indicator as modified 10 Jul 2026 (the corrected values; checked against the live EEA chart by Lisa on 8 Oct 2026); 155 g CO2e/kWh as printed, / 1,000"
eea_grid,EEA 2024,EU_SI,0.175,kg CO2e/kWh,"EEA (2025) Greenhouse gas emission intensity of electricity generation, country level, CSV export (EEA-ghg-intensity-electricity-generation-country-level-2024.csv); p. CSV line 28; comma-separated block (1990 to 2024, then the country), row ""Slovenia"", column ""2024""; the indicator as modified 10 Jul 2026 (the corrected values; checked against the live EEA chart by Lisa on 8 Oct 2026); 175 g CO2e/kWh as printed, / 1,000"
eea_grid,EEA 2024,EU_RO,0.188,kg CO2e/kWh,"EEA (2025) Greenhouse gas emission intensity of electricity generation, country level, CSV export (EEA-ghg-intensity-electricity-generation-country-level-2024.csv); p. CSV line 30; comma-separated block (1990 to 2024, then the country), row ""Romania"", column ""2024""; the indicator as modified 10 Jul 2026 (the corrected values; checked against the live EEA chart by Lisa on 8 Oct 2026); 188 g CO2e/kWh as printed, / 1,000"
eea_grid,EEA 2024,EU_IT,0.206,kg CO2e/kWh,"EEA (2025) Greenhouse gas emission intensity of electricity generation, country level, CSV export (EEA-ghg-intensity-electricity-generation-country-level-2024.csv); p. CSV line 31; comma-separated block (1990 to 2024, then the country), row ""Italy"", column ""2024""; the indicator as modified 10 Jul 2026 (the corrected values; checked against the live EEA chart by Lisa on 8 Oct 2026); 206 g CO2e/kWh as printed, / 1,000"
eea_grid,EEA 2024,EU_IE,0.237,kg CO2e/kWh,"EEA (2025) Greenhouse gas emission intensity of electricity generation, country level, CSV export (EEA-ghg-intensity-electricity-generation-country-level-2024.csv); p. CSV line 32; comma-separated block (1990 to 2024, then the country), row ""Ireland"", column ""2024""; the indicator as modified 10 Jul 2026 (the corrected values; checked against the live EEA chart by Lisa on 8 Oct 2026); 237 g CO2e/kWh as printed, / 1,000"
eea_grid,EEA 2024,EU_NL,0.245,kg CO2e/kWh,"EEA (2025) Greenhouse gas emission intensity of electricity generation, country level, CSV export (EEA-ghg-intensity-electricity-generation-country-level-2024.csv); p. CSV line 33; comma-separated block (1990 to 2024, then the country), row ""Netherlands"", column ""2024""; the indicator as modified 10 Jul 2026 (the corrected values; checked against the live EEA chart by Lisa on 8 Oct 2026); 245 g CO2e/kWh as printed, / 1,000"
eea_grid,EEA 2024,EU_BG,0.248,kg CO2e/kWh,"EEA (2025) Greenhouse gas emission intensity of electricity generation, country level, CSV export (EEA-ghg-intensity-electricity-generation-country-level-2024.csv); p. CSV line 34; comma-separated block (1990 to 2024, then the country), row ""Bulgaria"", column ""2024""; the indicator as modified 10 Jul 2026 (the corrected values; checked against the live EEA chart by Lisa on 8 Oct 2026); 248 g CO2e/kWh as printed, / 1,000"
eea_grid,EEA 2024,EU_DE,0.291,kg CO2e/kWh,"EEA (2025) Greenhouse gas emission intensity of electricity generation, country level, CSV export (EEA-ghg-intensity-electricity-generation-country-level-2024.csv); p. CSV line 35; comma-separated block (1990 to 2024, then the country), row ""Germany"", column ""2024""; the indicator as modified 10 Jul 2026 (the corrected values; checked against the live EEA chart by Lisa on 8 Oct 2026); 291 g CO2e/kWh as printed, / 1,000"
eea_grid,EEA 2024,EU_EL,0.304,kg CO2e/kWh,"EEA (2025) Greenhouse gas emission intensity of electricity generation, country level, CSV export (EEA-ghg-intensity-electricity-generation-country-level-2024.csv); p. CSV line 36; comma-separated block (1990 to 2024, then the country), row ""Greece"", column ""2024""; the indicator as modified 10 Jul 2026 (the corrected values; checked against the live EEA chart by Lisa on 8 Oct 2026); 304 g CO2e/kWh as printed, / 1,000"
eea_grid,EEA 2024,EU_MT,0.337,kg CO2e/kWh,"EEA (2025) Greenhouse gas emission intensity of electricity generation, country level, CSV export (EEA-ghg-intensity-electricity-generation-country-level-2024.csv); p. CSV line 37; comma-separated block (1990 to 2024, then the country), row ""Malta"", column ""2024""; the indicator as modified 10 Jul 2026 (the corrected values; checked against the live EEA chart by Lisa on 8 Oct 2026); 337 g CO2e/kWh as printed, / 1,000"
eea_grid,EEA 2024,EU_CZ,0.338,kg CO2e/kWh,"EEA (2025) Greenhouse gas emission intensity of electricity generation, country level, CSV export (EEA-ghg-intensity-electricity-generation-country-level-2024.csv); p. CSV line 38; comma-separated block (1990 to 2024, then the country), row ""Czechia"", column ""2024""; the indicator as modified 10 Jul 2026 (the corrected values; checked against the live EEA chart by Lisa on 8 Oct 2026); 338 g CO2e/kWh as printed, / 1,000"
eea_grid,EEA 2024,EU_EE,0.384,kg CO2e/kWh,"EEA (2025) Greenhouse gas emission intensity of electricity generation, country level, CSV export (EEA-ghg-intensity-electricity-generation-country-level-2024.csv); p. CSV line 39; comma-separated block (1990 to 2024, then the country), row ""Estonia"", column ""2024""; the indicator as modified 10 Jul 2026 (the corrected values; checked against the live EEA chart by Lisa on 8 Oct 2026); 384 g CO2e/kWh as printed, / 1,000"
eea_grid,EEA 2024,EU_CY,0.561,kg CO2e/kWh,"EEA (2025) Greenhouse gas emission intensity of electricity generation, country level, CSV export (EEA-ghg-intensity-electricity-generation-country-level-2024.csv); p. CSV line 40; comma-separated block (1990 to 2024, then the country), row ""Cyprus"", column ""2024""; the indicator as modified 10 Jul 2026 (the corrected values; checked against the live EEA chart by Lisa on 8 Oct 2026); 561 g CO2e/kWh as printed, / 1,000"
eea_grid,EEA 2024,EU_PL,0.566,kg CO2e/kWh,"EEA (2025) Greenhouse gas emission intensity of electricity generation, country level, CSV export (EEA-ghg-intensity-electricity-generation-country-level-2024.csv); p. CSV line 41; comma-separated block (1990 to 2024, then the country), row ""Poland"", column ""2024""; the indicator as modified 10 Jul 2026 (the corrected values; checked against the live EEA chart by Lisa on 8 Oct 2026); 566 g CO2e/kWh as printed, / 1,000"
