dataset,edition,key,value,unit,citation
desnz_combustion,DEFRA 2023,natural_gas_kwh,0.18292892617449666,kg CO2e/kWh (Gross CV),"UK Government GHG Conversion Factors for Company Reporting 2023, full set (v1.1); Fuels!D42; Fuels, row ""Natural gas, kWh (Gross CV)"", column ""kg CO2e""; Version 1.1, the update of 28 Jun 2023 (a small number of factors updated; Passenger vehicles X45: unknown and plug-in hybrid factors converted to AR5)"
desnz_combustion,DEFRA 2023,natural_gas_m3,2.038390310067114,kg CO2e/m3,"UK Government GHG Conversion Factors for Company Reporting 2023, full set (v1.1); Fuels!D40; Fuels, row ""Natural gas, cubic metres"", column ""kg CO2e""; Version 1.1, the update of 28 Jun 2023 (a small number of factors updated; Passenger vehicles X45: unknown and plug-in hybrid factors converted to AR5)"
desnz_combustion,DEFRA 2023,propane_litre,1.543577598657718,kg CO2e/litre,"UK Government GHG Conversion Factors for Company Reporting 2023, full set (v1.1); Fuels!D52; Fuels, row ""Propane, litres"", column ""kg CO2e""; Version 1.1, the update of 28 Jun 2023 (a small number of factors updated; Passenger vehicles X45: unknown and plug-in hybrid factors converted to AR5)"
desnz_combustion,DEFRA 2023,propane_kg,2.99763233422819,kg CO2e/kg,"UK Government GHG Conversion Factors for Company Reporting 2023, full set (v1.1); Fuels!D51; Fuels, row ""Propane, tonnes"", column ""kg CO2e""; Version 1.1, the update of 28 Jun 2023 (a small number of factors updated; Passenger vehicles X45: unknown and plug-in hybrid factors converted to AR5); per tonne / 1,000, exact: 2997.632334228188 kg CO2e per tonne"
desnz_combustion,DEFRA 2023,diesel_litre,2.5120638845637586,kg CO2e/litre,"UK Government GHG Conversion Factors for Company Reporting 2023, full set (v1.1); Fuels!D72; Fuels, row ""Diesel (average biofuel blend), litres"", column ""kg CO2e""; Version 1.1, the update of 28 Jun 2023 (a small number of factors updated; Passenger vehicles X45: unknown and plug-in hybrid factors converted to AR5)"
desnz_combustion,DEFRA 2023,fuel_oil_distillate_litre,2.75540897852349,kg CO2e/litre,"UK Government GHG Conversion Factors for Company Reporting 2023, full set (v1.1); Fuels!D108; Fuels, row ""Processed fuel oils - distillate oil, litres"", column ""kg CO2e""; Version 1.1, the update of 28 Jun 2023 (a small number of factors updated; Passenger vehicles X45: unknown and plug-in hybrid factors converted to AR5)"
desnz_combustion,DEFRA 2023,fuel_oil_residual_litre,3.1749249825503356,kg CO2e/litre,"UK Government GHG Conversion Factors for Company Reporting 2023, full set (v1.1); Fuels!D104; Fuels, row ""Processed fuel oils - residual oil, litres"", column ""kg CO2e""; Version 1.1, the update of 28 Jun 2023 (a small number of factors updated; Passenger vehicles X45: unknown and plug-in hybrid factors converted to AR5)"
desnz_steam,DEFRA 2023,steam_kwh,0.17964657181208055,kg CO2e/kWh,"UK Government GHG Conversion Factors for Company Reporting 2023, full set (v1.1); Heat and steam!E22; Heat and steam, row ""Heat and steam, District heat and steam, kWh"", column ""kg CO2e""; Version 1.1, the update of 28 Jun 2023 (a small number of factors updated; Passenger vehicles X45: unknown and plug-in hybrid factors converted to AR5)"
desnz_grid,DEFRA 2023,grid_uk,0.20707428859060403,kg CO2e/kWh,"UK Government GHG Conversion Factors for Company Reporting 2023, full set (v1.1); UK electricity!E24; UK electricity, row ""Electricity generated, Electricity: UK, kWh"", column ""kg CO2e""; Version 1.1, the update of 28 Jun 2023 (a small number of factors updated; Passenger vehicles X45: unknown and plug-in hybrid factors converted to AR5)"
desnz_mobile,DEFRA 2023,diesel:co2,2.47887,kg CO2e of CO2/litre,"UK Government GHG Conversion Factors for Company Reporting 2023, full set v1.1; Fuels!E72; Fuels, row ""Diesel (average biofuel blend), litres"", column ""kg CO2e of CO2 per unit"""
desnz_mobile,DEFRA 2023,petrol:co2,2.08354,kg CO2e of CO2/litre,"UK Government GHG Conversion Factors for Company Reporting 2023, full set v1.1; Fuels!E96; Fuels, row ""Petrol (average biofuel blend), litres"", column ""kg CO2e of CO2 per unit"""
desnz_mobile,DEFRA 2023,"diesel:ch4 (light, heavy and non-road)",0.0002912,kg CO2e/litre,"UK Government GHG Conversion Factors for Company Reporting 2023, full set v1.1; Fuels!F72, Fuels!G72; Fuels, row ""Diesel (average biofuel blend), litres"", column ""kg CO2e of CH4 per unit; kg CO2e of N2O per unit"""
desnz_mobile,DEFRA 2023,"diesel:n2o (light, heavy and non-road)",0.03290268456375839,kg CO2e/litre,"UK Government GHG Conversion Factors for Company Reporting 2023, full set v1.1; Fuels!F72, Fuels!G72; Fuels, row ""Diesel (average biofuel blend), litres"", column ""kg CO2e of CH4 per unit; kg CO2e of N2O per unit"""
desnz_mobile,DEFRA 2023,"petrol:ch4 (light, heavy and non-road)",0.008064,kg CO2e/litre,"UK Government GHG Conversion Factors for Company Reporting 2023, full set v1.1; Fuels!F96, Fuels!G96; Fuels, row ""Petrol (average biofuel blend), litres"", column ""kg CO2e of CH4 per unit; kg CO2e of N2O per unit"""
desnz_mobile,DEFRA 2023,"petrol:n2o (light, heavy and non-road)",0.005869127516778524,kg CO2e/litre,"UK Government GHG Conversion Factors for Company Reporting 2023, full set v1.1; Fuels!F96, Fuels!G96; Fuels, row ""Petrol (average biofuel blend), litres"", column ""kg CO2e of CH4 per unit; kg CO2e of N2O per unit"""
desnz_scope3_energy,DEFRA 2023,natural_gas_kwh_gross_cv,0.03021,kg CO2e/kWh (Gross CV),"UK Government GHG Conversion Factors for Company Reporting 2023, full set v1.1; WTT- fuels!D41"
desnz_scope3_energy,DEFRA 2023,natural_gas_cubic_metres,0.3366,kg CO2e/cubic metres,"UK Government GHG Conversion Factors for Company Reporting 2023, full set v1.1; WTT- fuels!D39"
desnz_scope3_energy,DEFRA 2023,propane_tonnes,352.67018,kg CO2e/tonnes,"UK Government GHG Conversion Factors for Company Reporting 2023, full set v1.1; WTT- fuels!D50"
desnz_scope3_energy,DEFRA 2023,propane_litres,0.1817,kg CO2e/litres,"UK Government GHG Conversion Factors for Company Reporting 2023, full set v1.1; WTT- fuels!D51"
desnz_scope3_energy,DEFRA 2023,diesel_average_biofuel_blend_litres,0.61101,kg CO2e/litres,"UK Government GHG Conversion Factors for Company Reporting 2023, full set v1.1; WTT- fuels!D71"
desnz_scope3_energy,DEFRA 2023,petrol_average_biofuel_blend_litres,0.58094,kg CO2e/litres,"UK Government GHG Conversion Factors for Company Reporting 2023, full set v1.1; WTT- fuels!D95"
desnz_scope3_energy,DEFRA 2023,fuel_oil_distillate_litres,0.9465,kg CO2e/litres,"UK Government GHG Conversion Factors for Company Reporting 2023, full set v1.1; WTT- fuels!D107"
desnz_scope3_energy,DEFRA 2023,fuel_oil_residual_litres,1.10125,kg CO2e/litres,"UK Government GHG Conversion Factors for Company Reporting 2023, full set v1.1; WTT- fuels!D103"
desnz_scope3_energy,DEFRA 2023,electricity_generation_wtt,0.0459,kg CO2e/kWh,"UK Government GHG Conversion Factors for Company Reporting 2023, full set v1.1; WTT- UK electricity!E19"
desnz_scope3_energy,DEFRA 2023,electricity_td_loss,0.017915111409395973,kg CO2e/kWh,"UK Government GHG Conversion Factors for Company Reporting 2023, full set v1.1; Transmission and distribution!E21"
desnz_scope3_energy,DEFRA 2023,electricity_td_wtt,0.00397,kg CO2e/kWh,"UK Government GHG Conversion Factors for Company Reporting 2023, full set v1.1; WTT- UK electricity!E24"
desnz_scope3_energy,DEFRA 2023,district_heat_steam_wtt,0.03341,kg CO2e/kWh,"UK Government GHG Conversion Factors for Company Reporting 2023, full set v1.1; WTT- heat and steam!E20"
desnz_scope3_energy,DEFRA 2023,district_heat_steam_distribution_loss,0.009453877852348993,kg CO2e/kWh,"UK Government GHG Conversion Factors for Company Reporting 2023, full set v1.1; Transmission and distribution!E26"
desnz_scope3_energy,DEFRA 2023,district_heat_steam_distribution_wtt,0.0017584210526315827,kg CO2e/kWh,"UK Government GHG Conversion Factors for Company Reporting 2023, full set v1.1; WTT- heat and steam!E25"
epa_hub_combustion,US EPA 2023,natural_gas_mcf:co2,54.44,kg CO2 per Mcf,"US EPA GHG Emission Factors Hub 2023 (""Last Modified: 12 September 2023""), ghg-emission-factors-hub-2023.xlsx; Emission Factors Hub!H38; p. 1; Table 1 Stationary Combustion, row ""Natural Gas"", column ""CO2 Factor (kg CO2 per scf)""; the file as last modified 12 September 2023 (no later correction recorded); per Mcf = per scf x 1,000 (as the repo derives natural_gas_mcf); CH4/N2O g per scf x 1,000 / 1,000 g per kg = same digits in kg per Mcf"
epa_hub_combustion,US EPA 2023,natural_gas_mcf:ch4,0.00103,kg CH4 per Mcf,"US EPA GHG Emission Factors Hub 2023 (""Last Modified: 12 September 2023""), ghg-emission-factors-hub-2023.xlsx; Emission Factors Hub!I38; p. 1; Table 1 Stationary Combustion, row ""Natural Gas"", column ""CH4 Factor (g CH4 per scf)""; the file as last modified 12 September 2023 (no later correction recorded); per Mcf = per scf x 1,000 (as the repo derives natural_gas_mcf); CH4/N2O g per scf x 1,000 / 1,000 g per kg = same digits in kg per Mcf"
epa_hub_combustion,US EPA 2023,natural_gas_mcf:n2o,0.0001,kg N2O per Mcf,"US EPA GHG Emission Factors Hub 2023 (""Last Modified: 12 September 2023""), ghg-emission-factors-hub-2023.xlsx; Emission Factors Hub!J38; p. 1; Table 1 Stationary Combustion, row ""Natural Gas"", column ""N2O Factor (g N2O per scf)""; the file as last modified 12 September 2023 (no later correction recorded); per Mcf = per scf x 1,000 (as the repo derives natural_gas_mcf); CH4/N2O g per scf x 1,000 / 1,000 g per kg = same digits in kg per Mcf"
epa_hub_combustion,US EPA 2023,natural_gas_mmbtu:co2,53.06,kg CO2 per mmBtu,"US EPA GHG Emission Factors Hub 2023 (""Last Modified: 12 September 2023""), ghg-emission-factors-hub-2023.xlsx; Emission Factors Hub!E38; p. 1; Table 1 Stationary Combustion, row ""Natural Gas"", column ""CO2 Factor (kg CO2 per mmBtu)""; the file as last modified 12 September 2023 (no later correction recorded); none beyond g -> kg (CH4, N2O printed in g, divided by 1,000 as every US mass key is stored in kg)"
epa_hub_combustion,US EPA 2023,natural_gas_mmbtu:ch4,0.001,kg CH4 per mmBtu,"US EPA GHG Emission Factors Hub 2023 (""Last Modified: 12 September 2023""), ghg-emission-factors-hub-2023.xlsx; Emission Factors Hub!F38; p. 1; Table 1 Stationary Combustion, row ""Natural Gas"", column ""CH4 Factor (g CH4 per mmBtu)""; the file as last modified 12 September 2023 (no later correction recorded); none beyond g -> kg (CH4, N2O printed in g, divided by 1,000 as every US mass key is stored in kg)"
epa_hub_combustion,US EPA 2023,natural_gas_mmbtu:n2o,0.0001,kg N2O per mmBtu,"US EPA GHG Emission Factors Hub 2023 (""Last Modified: 12 September 2023""), ghg-emission-factors-hub-2023.xlsx; Emission Factors Hub!G38; p. 1; Table 1 Stationary Combustion, row ""Natural Gas"", column ""N2O Factor (g N2O per mmBtu)""; the file as last modified 12 September 2023 (no later correction recorded); none beyond g -> kg (CH4, N2O printed in g, divided by 1,000 as every US mass key is stored in kg)"
epa_hub_combustion,US EPA 2023,propane_gallon:co2,5.72,kg CO2 per gallon,"US EPA GHG Emission Factors Hub 2023 (""Last Modified: 12 September 2023""), ghg-emission-factors-hub-2023.xlsx; Emission Factors Hub!H72; p. 1; Table 1 Stationary Combustion, row ""Propane"", column ""CO2 Factor (kg CO2 per gallon)""; the file as last modified 12 September 2023 (no later correction recorded); none beyond g -> kg (CH4, N2O printed in g, divided by 1,000 as every US mass key is stored in kg)"
epa_hub_combustion,US EPA 2023,propane_gallon:ch4,0.00027,kg CH4 per gallon,"US EPA GHG Emission Factors Hub 2023 (""Last Modified: 12 September 2023""), ghg-emission-factors-hub-2023.xlsx; Emission Factors Hub!I72; p. 1; Table 1 Stationary Combustion, row ""Propane"", column ""CH4 Factor (g CH4 per gallon)""; the file as last modified 12 September 2023 (no later correction recorded); none beyond g -> kg (CH4, N2O printed in g, divided by 1,000 as every US mass key is stored in kg)"
epa_hub_combustion,US EPA 2023,propane_gallon:n2o,0.00005,kg N2O per gallon,"US EPA GHG Emission Factors Hub 2023 (""Last Modified: 12 September 2023""), ghg-emission-factors-hub-2023.xlsx; Emission Factors Hub!J72; p. 1; Table 1 Stationary Combustion, row ""Propane"", column ""N2O Factor (g N2O per gallon)""; the file as last modified 12 September 2023 (no later correction recorded); none beyond g -> kg (CH4, N2O printed in g, divided by 1,000 as every US mass key is stored in kg)"
epa_hub_combustion,US EPA 2023,diesel_gallon:co2,10.21,kg CO2 per gallon,"US EPA GHG Emission Factors Hub 2023 (""Last Modified: 12 September 2023""), ghg-emission-factors-hub-2023.xlsx; Emission Factors Hub!H55; p. 1; Table 1 Stationary Combustion, row ""Distillate Fuel Oil No. 2"", column ""CO2 Factor (kg CO2 per gallon)""; the file as last modified 12 September 2023 (no later correction recorded); none beyond g -> kg (CH4, N2O printed in g, divided by 1,000 as every US mass key is stored in kg)"
epa_hub_combustion,US EPA 2023,diesel_gallon:ch4,0.00041,kg CH4 per gallon,"US EPA GHG Emission Factors Hub 2023 (""Last Modified: 12 September 2023""), ghg-emission-factors-hub-2023.xlsx; Emission Factors Hub!I55; p. 1; Table 1 Stationary Combustion, row ""Distillate Fuel Oil No. 2"", column ""CH4 Factor (g CH4 per gallon)""; the file as last modified 12 September 2023 (no later correction recorded); none beyond g -> kg (CH4, N2O printed in g, divided by 1,000 as every US mass key is stored in kg)"
epa_hub_combustion,US EPA 2023,diesel_gallon:n2o,0.00008,kg N2O per gallon,"US EPA GHG Emission Factors Hub 2023 (""Last Modified: 12 September 2023""), ghg-emission-factors-hub-2023.xlsx; Emission Factors Hub!J55; p. 1; Table 1 Stationary Combustion, row ""Distillate Fuel Oil No. 2"", column ""N2O Factor (g N2O per gallon)""; the file as last modified 12 September 2023 (no later correction recorded); none beyond g -> kg (CH4, N2O printed in g, divided by 1,000 as every US mass key is stored in kg)"
epa_hub_combustion,US EPA 2023,fuel_oil_gallon:co2,10.21,kg CO2 per gallon,"US EPA GHG Emission Factors Hub 2023 (""Last Modified: 12 September 2023""), ghg-emission-factors-hub-2023.xlsx; Emission Factors Hub!H55; p. 1; Table 1 Stationary Combustion, row ""Distillate Fuel Oil No. 2"", column ""CO2 Factor (kg CO2 per gallon)""; the file as last modified 12 September 2023 (no later correction recorded); none beyond g -> kg (CH4, N2O printed in g, divided by 1,000 as every US mass key is stored in kg)"
epa_hub_combustion,US EPA 2023,fuel_oil_gallon:ch4,0.00041,kg CH4 per gallon,"US EPA GHG Emission Factors Hub 2023 (""Last Modified: 12 September 2023""), ghg-emission-factors-hub-2023.xlsx; Emission Factors Hub!I55; p. 1; Table 1 Stationary Combustion, row ""Distillate Fuel Oil No. 2"", column ""CH4 Factor (g CH4 per gallon)""; the file as last modified 12 September 2023 (no later correction recorded); none beyond g -> kg (CH4, N2O printed in g, divided by 1,000 as every US mass key is stored in kg)"
epa_hub_combustion,US EPA 2023,fuel_oil_gallon:n2o,0.00008,kg N2O per gallon,"US EPA GHG Emission Factors Hub 2023 (""Last Modified: 12 September 2023""), ghg-emission-factors-hub-2023.xlsx; Emission Factors Hub!J55; p. 1; Table 1 Stationary Combustion, row ""Distillate Fuel Oil No. 2"", column ""N2O Factor (g N2O per gallon)""; the file as last modified 12 September 2023 (no later correction recorded); none beyond g -> kg (CH4, N2O printed in g, divided by 1,000 as every US mass key is stored in kg)"
epa_hub_combustion,US EPA 2023,fuel_oil_distillate_gallon:co2,10.21,kg CO2 per gallon,"US EPA GHG Emission Factors Hub 2023 (""Last Modified: 12 September 2023""), ghg-emission-factors-hub-2023.xlsx; Emission Factors Hub!H55; p. 1; Table 1 Stationary Combustion, row ""Distillate Fuel Oil No. 2"", column ""CO2 Factor (kg CO2 per gallon)""; the file as last modified 12 September 2023 (no later correction recorded); none beyond g -> kg (CH4, N2O printed in g, divided by 1,000 as every US mass key is stored in kg)"
epa_hub_combustion,US EPA 2023,fuel_oil_distillate_gallon:ch4,0.00041,kg CH4 per gallon,"US EPA GHG Emission Factors Hub 2023 (""Last Modified: 12 September 2023""), ghg-emission-factors-hub-2023.xlsx; Emission Factors Hub!I55; p. 1; Table 1 Stationary Combustion, row ""Distillate Fuel Oil No. 2"", column ""CH4 Factor (g CH4 per gallon)""; the file as last modified 12 September 2023 (no later correction recorded); none beyond g -> kg (CH4, N2O printed in g, divided by 1,000 as every US mass key is stored in kg)"
epa_hub_combustion,US EPA 2023,fuel_oil_distillate_gallon:n2o,0.00008,kg N2O per gallon,"US EPA GHG Emission Factors Hub 2023 (""Last Modified: 12 September 2023""), ghg-emission-factors-hub-2023.xlsx; Emission Factors Hub!J55; p. 1; Table 1 Stationary Combustion, row ""Distillate Fuel Oil No. 2"", column ""N2O Factor (g N2O per gallon)""; the file as last modified 12 September 2023 (no later correction recorded); none beyond g -> kg (CH4, N2O printed in g, divided by 1,000 as every US mass key is stored in kg)"
epa_hub_combustion,US EPA 2023,fuel_oil_residual_gallon:co2,11.27,kg CO2 per gallon,"US EPA GHG Emission Factors Hub 2023 (""Last Modified: 12 September 2023""), ghg-emission-factors-hub-2023.xlsx; Emission Factors Hub!H75; p. 1; Table 1 Stationary Combustion, row ""Residual Fuel Oil No. 6"", column ""CO2 Factor (kg CO2 per gallon)""; the file as last modified 12 September 2023 (no later correction recorded); none beyond g -> kg (CH4, N2O printed in g, divided by 1,000 as every US mass key is stored in kg)"
epa_hub_combustion,US EPA 2023,fuel_oil_residual_gallon:ch4,0.00045,kg CH4 per gallon,"US EPA GHG Emission Factors Hub 2023 (""Last Modified: 12 September 2023""), ghg-emission-factors-hub-2023.xlsx; Emission Factors Hub!I75; p. 1; Table 1 Stationary Combustion, row ""Residual Fuel Oil No. 6"", column ""CH4 Factor (g CH4 per gallon)""; the file as last modified 12 September 2023 (no later correction recorded); none beyond g -> kg (CH4, N2O printed in g, divided by 1,000 as every US mass key is stored in kg)"
epa_hub_combustion,US EPA 2023,fuel_oil_residual_gallon:n2o,0.00009,kg N2O per gallon,"US EPA GHG Emission Factors Hub 2023 (""Last Modified: 12 September 2023""), ghg-emission-factors-hub-2023.xlsx; Emission Factors Hub!J75; p. 1; Table 1 Stationary Combustion, row ""Residual Fuel Oil No. 6"", column ""N2O Factor (g N2O per gallon)""; the file as last modified 12 September 2023 (no later correction recorded); none beyond g -> kg (CH4, N2O printed in g, divided by 1,000 as every US mass key is stored in kg)"
epa_hub_steam,US EPA 2023 Table 7,steam_mmbtu:co2,66.33,kg CO2 per mmBtu,"US EPA GHG Emission Factors Hub 2023 (""Last Modified: 12 September 2023""), ghg-emission-factors-hub-2023.xlsx; Emission Factors Hub!D394; p. 4; Table 7 Steam and Heat, row ""Steam and Heat"", column ""CO2 Factor (kg / mmBtu)""; the file as last modified 12 September 2023 (no later correction recorded)"
epa_hub_steam,US EPA 2023 Table 7,steam_mmbtu:ch4,0.00125,kg CH4 per mmBtu,"US EPA GHG Emission Factors Hub 2023 (""Last Modified: 12 September 2023""), ghg-emission-factors-hub-2023.xlsx; Emission Factors Hub!E394; p. 4; Table 7 Steam and Heat, row ""Steam and Heat"", column ""CH4 Factor (g / mmBtu)""; the file as last modified 12 September 2023 (no later correction recorded)"
epa_hub_steam,US EPA 2023 Table 7,steam_mmbtu:n2o,0.000125,kg N2O per mmBtu,"US EPA GHG Emission Factors Hub 2023 (""Last Modified: 12 September 2023""), ghg-emission-factors-hub-2023.xlsx; Emission Factors Hub!F394; p. 4; Table 7 Steam and Heat, row ""Steam and Heat"", column ""N2O Factor (g / mmBtu)""; the file as last modified 12 September 2023 (no later correction recorded)"
epa_hub_mobile,US EPA 2023,diesel:co2,10.21,kg CO2/gallon,"US EPA GHG Emission Factors Hub 2023 (Last Modified: 12 September 2023); Emission Factors Hub!D103 p. 2; Table 2 Mobile Combustion CO2, row ""Diesel Fuel"", column ""kg CO2 per unit"""
epa_hub_mobile,US EPA 2023,petrol:co2,8.78,kg CO2/gallon,"US EPA GHG Emission Factors Hub 2023 (Last Modified: 12 September 2023); Emission Factors Hub!D108 p. 2; Table 2 Mobile Combustion CO2, row ""Motor Gasoline"", column ""kg CO2 per unit"""
epa_hub_mobile,US EPA 2023,petrol:light:Gasoline Passenger Cars:Model year 1973-1974:ch4,0.1696,g/vehicle-mile,"US EPA GHG Emission Factors Hub 2023 (Last Modified: 12 September 2023); Emission Factors Hub!E120, Emission Factors Hub!F120 (vehicle Emission Factors Hub!C120, model year Emission Factors Hub!D120) p. 2; Table 3 Mobile Combustion CH4 and N2O for On-Road Gasoline Vehicles, row ""Gasoline Passenger Cars, 1973-1974"", column ""CH4 Factor (g / mile); N2O Factor (g / mile)"""
epa_hub_mobile,US EPA 2023,petrol:light:Gasoline Passenger Cars:Model year 1973-1974:n2o,0.0197,g/vehicle-mile,"US EPA GHG Emission Factors Hub 2023 (Last Modified: 12 September 2023); Emission Factors Hub!E120, Emission Factors Hub!F120 (vehicle Emission Factors Hub!C120, model year Emission Factors Hub!D120) p. 2; Table 3 Mobile Combustion CH4 and N2O for On-Road Gasoline Vehicles, row ""Gasoline Passenger Cars, 1973-1974"", column ""CH4 Factor (g / mile); N2O Factor (g / mile)"""
epa_hub_mobile,US EPA 2023,petrol:light:Gasoline Passenger Cars:Model year 1975:ch4,0.1423,g/vehicle-mile,"US EPA GHG Emission Factors Hub 2023 (Last Modified: 12 September 2023); Emission Factors Hub!E121, Emission Factors Hub!F121 (vehicle Emission Factors Hub!C120, model year Emission Factors Hub!D121) p. 2; Table 3 Mobile Combustion CH4 and N2O for On-Road Gasoline Vehicles, row ""Gasoline Passenger Cars, 1975"", column ""CH4 Factor (g / mile); N2O Factor (g / mile)"""
epa_hub_mobile,US EPA 2023,petrol:light:Gasoline Passenger Cars:Model year 1975:n2o,0.0443,g/vehicle-mile,"US EPA GHG Emission Factors Hub 2023 (Last Modified: 12 September 2023); Emission Factors Hub!E121, Emission Factors Hub!F121 (vehicle Emission Factors Hub!C120, model year Emission Factors Hub!D121) p. 2; Table 3 Mobile Combustion CH4 and N2O for On-Road Gasoline Vehicles, row ""Gasoline Passenger Cars, 1975"", column ""CH4 Factor (g / mile); N2O Factor (g / mile)"""
epa_hub_mobile,US EPA 2023,petrol:light:Gasoline Passenger Cars:Model year 1976-1977:ch4,0.1406,g/vehicle-mile,"US EPA GHG Emission Factors Hub 2023 (Last Modified: 12 September 2023); Emission Factors Hub!E122, Emission Factors Hub!F122 (vehicle Emission Factors Hub!C120, model year Emission Factors Hub!D122) p. 2; Table 3 Mobile Combustion CH4 and N2O for On-Road Gasoline Vehicles, row ""Gasoline Passenger Cars, 1976-1977"", column ""CH4 Factor (g / mile); N2O Factor (g / mile)"""
epa_hub_mobile,US EPA 2023,petrol:light:Gasoline Passenger Cars:Model year 1976-1977:n2o,0.0458,g/vehicle-mile,"US EPA GHG Emission Factors Hub 2023 (Last Modified: 12 September 2023); Emission Factors Hub!E122, Emission Factors Hub!F122 (vehicle Emission Factors Hub!C120, model year Emission Factors Hub!D122) p. 2; Table 3 Mobile Combustion CH4 and N2O for On-Road Gasoline Vehicles, row ""Gasoline Passenger Cars, 1976-1977"", column ""CH4 Factor (g / mile); N2O Factor (g / mile)"""
epa_hub_mobile,US EPA 2023,petrol:light:Gasoline Passenger Cars:Model year 1978-1979:ch4,0.1389,g/vehicle-mile,"US EPA GHG Emission Factors Hub 2023 (Last Modified: 12 September 2023); Emission Factors Hub!E123, Emission Factors Hub!F123 (vehicle Emission Factors Hub!C120, model year Emission Factors Hub!D123) p. 2; Table 3 Mobile Combustion CH4 and N2O for On-Road Gasoline Vehicles, row ""Gasoline Passenger Cars, 1978-1979"", column ""CH4 Factor (g / mile); N2O Factor (g / mile)"""
epa_hub_mobile,US EPA 2023,petrol:light:Gasoline Passenger Cars:Model year 1978-1979:n2o,0.0473,g/vehicle-mile,"US EPA GHG Emission Factors Hub 2023 (Last Modified: 12 September 2023); Emission Factors Hub!E123, Emission Factors Hub!F123 (vehicle Emission Factors Hub!C120, model year Emission Factors Hub!D123) p. 2; Table 3 Mobile Combustion CH4 and N2O for On-Road Gasoline Vehicles, row ""Gasoline Passenger Cars, 1978-1979"", column ""CH4 Factor (g / mile); N2O Factor (g / mile)"""
epa_hub_mobile,US EPA 2023,petrol:light:Gasoline Passenger Cars:Model year 1980:ch4,0.1326,g/vehicle-mile,"US EPA GHG Emission Factors Hub 2023 (Last Modified: 12 September 2023); Emission Factors Hub!E124, Emission Factors Hub!F124 (vehicle Emission Factors Hub!C120, model year Emission Factors Hub!D124) p. 2; Table 3 Mobile Combustion CH4 and N2O for On-Road Gasoline Vehicles, row ""Gasoline Passenger Cars, 1980"", column ""CH4 Factor (g / mile); N2O Factor (g / mile)"""
epa_hub_mobile,US EPA 2023,petrol:light:Gasoline Passenger Cars:Model year 1980:n2o,0.0499,g/vehicle-mile,"US EPA GHG Emission Factors Hub 2023 (Last Modified: 12 September 2023); Emission Factors Hub!E124, Emission Factors Hub!F124 (vehicle Emission Factors Hub!C120, model year Emission Factors Hub!D124) p. 2; Table 3 Mobile Combustion CH4 and N2O for On-Road Gasoline Vehicles, row ""Gasoline Passenger Cars, 1980"", column ""CH4 Factor (g / mile); N2O Factor (g / mile)"""
epa_hub_mobile,US EPA 2023,petrol:light:Gasoline Passenger Cars:Model year 1981:ch4,0.0802,g/vehicle-mile,"US EPA GHG Emission Factors Hub 2023 (Last Modified: 12 September 2023); Emission Factors Hub!E125, Emission Factors Hub!F125 (vehicle Emission Factors Hub!C120, model year Emission Factors Hub!D125) p. 2; Table 3 Mobile Combustion CH4 and N2O for On-Road Gasoline Vehicles, row ""Gasoline Passenger Cars, 1981"", column ""CH4 Factor (g / mile); N2O Factor (g / mile)"""
epa_hub_mobile,US EPA 2023,petrol:light:Gasoline Passenger Cars:Model year 1981:n2o,0.0626,g/vehicle-mile,"US EPA GHG Emission Factors Hub 2023 (Last Modified: 12 September 2023); Emission Factors Hub!E125, Emission Factors Hub!F125 (vehicle Emission Factors Hub!C120, model year Emission Factors Hub!D125) p. 2; Table 3 Mobile Combustion CH4 and N2O for On-Road Gasoline Vehicles, row ""Gasoline Passenger Cars, 1981"", column ""CH4 Factor (g / mile); N2O Factor (g / mile)"""
epa_hub_mobile,US EPA 2023,petrol:light:Gasoline Passenger Cars:Model year 1982:ch4,0.0795,g/vehicle-mile,"US EPA GHG Emission Factors Hub 2023 (Last Modified: 12 September 2023); Emission Factors Hub!E126, Emission Factors Hub!F126 (vehicle Emission Factors Hub!C120, model year Emission Factors Hub!D126) p. 2; Table 3 Mobile Combustion CH4 and N2O for On-Road Gasoline Vehicles, row ""Gasoline Passenger Cars, 1982"", column ""CH4 Factor (g / mile); N2O Factor (g / mile)"""
epa_hub_mobile,US EPA 2023,petrol:light:Gasoline Passenger Cars:Model year 1982:n2o,0.0627,g/vehicle-mile,"US EPA GHG Emission Factors Hub 2023 (Last Modified: 12 September 2023); Emission Factors Hub!E126, Emission Factors Hub!F126 (vehicle Emission Factors Hub!C120, model year Emission Factors Hub!D126) p. 2; Table 3 Mobile Combustion CH4 and N2O for On-Road Gasoline Vehicles, row ""Gasoline Passenger Cars, 1982"", column ""CH4 Factor (g / mile); N2O Factor (g / mile)"""
epa_hub_mobile,US EPA 2023,petrol:light:Gasoline Passenger Cars:Model year 1983:ch4,0.0782,g/vehicle-mile,"US EPA GHG Emission Factors Hub 2023 (Last Modified: 12 September 2023); Emission Factors Hub!E127, Emission Factors Hub!F127 (vehicle Emission Factors Hub!C120, model year Emission Factors Hub!D127) p. 2; Table 3 Mobile Combustion CH4 and N2O for On-Road Gasoline Vehicles, row ""Gasoline Passenger Cars, 1983"", column ""CH4 Factor (g / mile); N2O Factor (g / mile)"""
epa_hub_mobile,US EPA 2023,petrol:light:Gasoline Passenger Cars:Model year 1983:n2o,0.063,g/vehicle-mile,"US EPA GHG Emission Factors Hub 2023 (Last Modified: 12 September 2023); Emission Factors Hub!E127, Emission Factors Hub!F127 (vehicle Emission Factors Hub!C120, model year Emission Factors Hub!D127) p. 2; Table 3 Mobile Combustion CH4 and N2O for On-Road Gasoline Vehicles, row ""Gasoline Passenger Cars, 1983"", column ""CH4 Factor (g / mile); N2O Factor (g / mile)"""
epa_hub_mobile,US EPA 2023,petrol:light:Gasoline Passenger Cars:Model year 1984-1993:ch4,0.0704,g/vehicle-mile,"US EPA GHG Emission Factors Hub 2023 (Last Modified: 12 September 2023); Emission Factors Hub!E128, Emission Factors Hub!F128 (vehicle Emission Factors Hub!C120, model year Emission Factors Hub!D128) p. 2; Table 3 Mobile Combustion CH4 and N2O for On-Road Gasoline Vehicles, row ""Gasoline Passenger Cars, 1984-1993"", column ""CH4 Factor (g / mile); N2O Factor (g / mile)"""
epa_hub_mobile,US EPA 2023,petrol:light:Gasoline Passenger Cars:Model year 1984-1993:n2o,0.0647,g/vehicle-mile,"US EPA GHG Emission Factors Hub 2023 (Last Modified: 12 September 2023); Emission Factors Hub!E128, Emission Factors Hub!F128 (vehicle Emission Factors Hub!C120, model year Emission Factors Hub!D128) p. 2; Table 3 Mobile Combustion CH4 and N2O for On-Road Gasoline Vehicles, row ""Gasoline Passenger Cars, 1984-1993"", column ""CH4 Factor (g / mile); N2O Factor (g / mile)"""
epa_hub_mobile,US EPA 2023,petrol:light:Gasoline Passenger Cars:Model year 1994:ch4,0.0617,g/vehicle-mile,"US EPA GHG Emission Factors Hub 2023 (Last Modified: 12 September 2023); Emission Factors Hub!E129, Emission Factors Hub!F129 (vehicle Emission Factors Hub!C120, model year Emission Factors Hub!D129) p. 2; Table 3 Mobile Combustion CH4 and N2O for On-Road Gasoline Vehicles, row ""Gasoline Passenger Cars, 1994"", column ""CH4 Factor (g / mile); N2O Factor (g / mile)"""
epa_hub_mobile,US EPA 2023,petrol:light:Gasoline Passenger Cars:Model year 1994:n2o,0.0603,g/vehicle-mile,"US EPA GHG Emission Factors Hub 2023 (Last Modified: 12 September 2023); Emission Factors Hub!E129, Emission Factors Hub!F129 (vehicle Emission Factors Hub!C120, model year Emission Factors Hub!D129) p. 2; Table 3 Mobile Combustion CH4 and N2O for On-Road Gasoline Vehicles, row ""Gasoline Passenger Cars, 1994"", column ""CH4 Factor (g / mile); N2O Factor (g / mile)"""
epa_hub_mobile,US EPA 2023,petrol:light:Gasoline Passenger Cars:Model year 1995:ch4,0.0531,g/vehicle-mile,"US EPA GHG Emission Factors Hub 2023 (Last Modified: 12 September 2023); Emission Factors Hub!E130, Emission Factors Hub!F130 (vehicle Emission Factors Hub!C120, model year Emission Factors Hub!D130) p. 2; Table 3 Mobile Combustion CH4 and N2O for On-Road Gasoline Vehicles, row ""Gasoline Passenger Cars, 1995"", column ""CH4 Factor (g / mile); N2O Factor (g / mile)"""
epa_hub_mobile,US EPA 2023,petrol:light:Gasoline Passenger Cars:Model year 1995:n2o,0.056,g/vehicle-mile,"US EPA GHG Emission Factors Hub 2023 (Last Modified: 12 September 2023); Emission Factors Hub!E130, Emission Factors Hub!F130 (vehicle Emission Factors Hub!C120, model year Emission Factors Hub!D130) p. 2; Table 3 Mobile Combustion CH4 and N2O for On-Road Gasoline Vehicles, row ""Gasoline Passenger Cars, 1995"", column ""CH4 Factor (g / mile); N2O Factor (g / mile)"""
epa_hub_mobile,US EPA 2023,petrol:light:Gasoline Passenger Cars:Model year 1996:ch4,0.0434,g/vehicle-mile,"US EPA GHG Emission Factors Hub 2023 (Last Modified: 12 September 2023); Emission Factors Hub!E131, Emission Factors Hub!F131 (vehicle Emission Factors Hub!C120, model year Emission Factors Hub!D131) p. 2; Table 3 Mobile Combustion CH4 and N2O for On-Road Gasoline Vehicles, row ""Gasoline Passenger Cars, 1996"", column ""CH4 Factor (g / mile); N2O Factor (g / mile)"""
epa_hub_mobile,US EPA 2023,petrol:light:Gasoline Passenger Cars:Model year 1996:n2o,0.0503,g/vehicle-mile,"US EPA GHG Emission Factors Hub 2023 (Last Modified: 12 September 2023); Emission Factors Hub!E131, Emission Factors Hub!F131 (vehicle Emission Factors Hub!C120, model year Emission Factors Hub!D131) p. 2; Table 3 Mobile Combustion CH4 and N2O for On-Road Gasoline Vehicles, row ""Gasoline Passenger Cars, 1996"", column ""CH4 Factor (g / mile); N2O Factor (g / mile)"""
epa_hub_mobile,US EPA 2023,petrol:light:Gasoline Passenger Cars:Model year 1997:ch4,0.0337,g/vehicle-mile,"US EPA GHG Emission Factors Hub 2023 (Last Modified: 12 September 2023); Emission Factors Hub!E132, Emission Factors Hub!F132 (vehicle Emission Factors Hub!C120, model year Emission Factors Hub!D132) p. 2; Table 3 Mobile Combustion CH4 and N2O for On-Road Gasoline Vehicles, row ""Gasoline Passenger Cars, 1997"", column ""CH4 Factor (g / mile); N2O Factor (g / mile)"""
epa_hub_mobile,US EPA 2023,petrol:light:Gasoline Passenger Cars:Model year 1997:n2o,0.0446,g/vehicle-mile,"US EPA GHG Emission Factors Hub 2023 (Last Modified: 12 September 2023); Emission Factors Hub!E132, Emission Factors Hub!F132 (vehicle Emission Factors Hub!C120, model year Emission Factors Hub!D132) p. 2; Table 3 Mobile Combustion CH4 and N2O for On-Road Gasoline Vehicles, row ""Gasoline Passenger Cars, 1997"", column ""CH4 Factor (g / mile); N2O Factor (g / mile)"""
epa_hub_mobile,US EPA 2023,petrol:light:Gasoline Passenger Cars:Model year 1998:ch4,0.024,g/vehicle-mile,"US EPA GHG Emission Factors Hub 2023 (Last Modified: 12 September 2023); Emission Factors Hub!E133, Emission Factors Hub!F133 (vehicle Emission Factors Hub!C120, model year Emission Factors Hub!D133) p. 2; Table 3 Mobile Combustion CH4 and N2O for On-Road Gasoline Vehicles, row ""Gasoline Passenger Cars, 1998"", column ""CH4 Factor (g / mile); N2O Factor (g / mile)"""
epa_hub_mobile,US EPA 2023,petrol:light:Gasoline Passenger Cars:Model year 1998:n2o,0.0389,g/vehicle-mile,"US EPA GHG Emission Factors Hub 2023 (Last Modified: 12 September 2023); Emission Factors Hub!E133, Emission Factors Hub!F133 (vehicle Emission Factors Hub!C120, model year Emission Factors Hub!D133) p. 2; Table 3 Mobile Combustion CH4 and N2O for On-Road Gasoline Vehicles, row ""Gasoline Passenger Cars, 1998"", column ""CH4 Factor (g / mile); N2O Factor (g / mile)"""
epa_hub_mobile,US EPA 2023,petrol:light:Gasoline Passenger Cars:Model year 1999:ch4,0.0215,g/vehicle-mile,"US EPA GHG Emission Factors Hub 2023 (Last Modified: 12 September 2023); Emission Factors Hub!E134, Emission Factors Hub!F134 (vehicle Emission Factors Hub!C120, model year Emission Factors Hub!D134) p. 2; Table 3 Mobile Combustion CH4 and N2O for On-Road Gasoline Vehicles, row ""Gasoline Passenger Cars, 1999"", column ""CH4 Factor (g / mile); N2O Factor (g / mile)"""
epa_hub_mobile,US EPA 2023,petrol:light:Gasoline Passenger Cars:Model year 1999:n2o,0.0355,g/vehicle-mile,"US EPA GHG Emission Factors Hub 2023 (Last Modified: 12 September 2023); Emission Factors Hub!E134, Emission Factors Hub!F134 (vehicle Emission Factors Hub!C120, model year Emission Factors Hub!D134) p. 2; Table 3 Mobile Combustion CH4 and N2O for On-Road Gasoline Vehicles, row ""Gasoline Passenger Cars, 1999"", column ""CH4 Factor (g / mile); N2O Factor (g / mile)"""
epa_hub_mobile,US EPA 2023,petrol:light:Gasoline Passenger Cars:Model year 2000:ch4,0.0175,g/vehicle-mile,"US EPA GHG Emission Factors Hub 2023 (Last Modified: 12 September 2023); Emission Factors Hub!E135, Emission Factors Hub!F135 (vehicle Emission Factors Hub!C120, model year Emission Factors Hub!D135) p. 2; Table 3 Mobile Combustion CH4 and N2O for On-Road Gasoline Vehicles, row ""Gasoline Passenger Cars, 2000"", column ""CH4 Factor (g / mile); N2O Factor (g / mile)"""
epa_hub_mobile,US EPA 2023,petrol:light:Gasoline Passenger Cars:Model year 2000:n2o,0.0304,g/vehicle-mile,"US EPA GHG Emission Factors Hub 2023 (Last Modified: 12 September 2023); Emission Factors Hub!E135, Emission Factors Hub!F135 (vehicle Emission Factors Hub!C120, model year Emission Factors Hub!D135) p. 2; Table 3 Mobile Combustion CH4 and N2O for On-Road Gasoline Vehicles, row ""Gasoline Passenger Cars, 2000"", column ""CH4 Factor (g / mile); N2O Factor (g / mile)"""
epa_hub_mobile,US EPA 2023,petrol:light:Gasoline Passenger Cars:Model year 2001:ch4,0.0105,g/vehicle-mile,"US EPA GHG Emission Factors Hub 2023 (Last Modified: 12 September 2023); Emission Factors Hub!E136, Emission Factors Hub!F136 (vehicle Emission Factors Hub!C120, model year Emission Factors Hub!D136) p. 2; Table 3 Mobile Combustion CH4 and N2O for On-Road Gasoline Vehicles, row ""Gasoline Passenger Cars, 2001"", column ""CH4 Factor (g / mile); N2O Factor (g / mile)"""
epa_hub_mobile,US EPA 2023,petrol:light:Gasoline Passenger Cars:Model year 2001:n2o,0.0212,g/vehicle-mile,"US EPA GHG Emission Factors Hub 2023 (Last Modified: 12 September 2023); Emission Factors Hub!E136, Emission Factors Hub!F136 (vehicle Emission Factors Hub!C120, model year Emission Factors Hub!D136) p. 2; Table 3 Mobile Combustion CH4 and N2O for On-Road Gasoline Vehicles, row ""Gasoline Passenger Cars, 2001"", column ""CH4 Factor (g / mile); N2O Factor (g / mile)"""
epa_hub_mobile,US EPA 2023,petrol:light:Gasoline Passenger Cars:Model year 2002:ch4,0.0102,g/vehicle-mile,"US EPA GHG Emission Factors Hub 2023 (Last Modified: 12 September 2023); Emission Factors Hub!E137, Emission Factors Hub!F137 (vehicle Emission Factors Hub!C120, model year Emission Factors Hub!D137) p. 2; Table 3 Mobile Combustion CH4 and N2O for On-Road Gasoline Vehicles, row ""Gasoline Passenger Cars, 2002"", column ""CH4 Factor (g / mile); N2O Factor (g / mile)"""
epa_hub_mobile,US EPA 2023,petrol:light:Gasoline Passenger Cars:Model year 2002:n2o,0.0207,g/vehicle-mile,"US EPA GHG Emission Factors Hub 2023 (Last Modified: 12 September 2023); Emission Factors Hub!E137, Emission Factors Hub!F137 (vehicle Emission Factors Hub!C120, model year Emission Factors Hub!D137) p. 2; Table 3 Mobile Combustion CH4 and N2O for On-Road Gasoline Vehicles, row ""Gasoline Passenger Cars, 2002"", column ""CH4 Factor (g / mile); N2O Factor (g / mile)"""
epa_hub_mobile,US EPA 2023,petrol:light:Gasoline Passenger Cars:Model year 2003:ch4,0.0095,g/vehicle-mile,"US EPA GHG Emission Factors Hub 2023 (Last Modified: 12 September 2023); Emission Factors Hub!E138, Emission Factors Hub!F138 (vehicle Emission Factors Hub!C120, model year Emission Factors Hub!D138) p. 2; Table 3 Mobile Combustion CH4 and N2O for On-Road Gasoline Vehicles, row ""Gasoline Passenger Cars, 2003"", column ""CH4 Factor (g / mile); N2O Factor (g / mile)"""
epa_hub_mobile,US EPA 2023,petrol:light:Gasoline Passenger Cars:Model year 2003:n2o,0.0181,g/vehicle-mile,"US EPA GHG Emission Factors Hub 2023 (Last Modified: 12 September 2023); Emission Factors Hub!E138, Emission Factors Hub!F138 (vehicle Emission Factors Hub!C120, model year Emission Factors Hub!D138) p. 2; Table 3 Mobile Combustion CH4 and N2O for On-Road Gasoline Vehicles, row ""Gasoline Passenger Cars, 2003"", column ""CH4 Factor (g / mile); N2O Factor (g / mile)"""
epa_hub_mobile,US EPA 2023,petrol:light:Gasoline Passenger Cars:Model year 2004:ch4,0.0078,g/vehicle-mile,"US EPA GHG Emission Factors Hub 2023 (Last Modified: 12 September 2023); Emission Factors Hub!E139, Emission Factors Hub!F139 (vehicle Emission Factors Hub!C120, model year Emission Factors Hub!D139) p. 2; Table 3 Mobile Combustion CH4 and N2O for On-Road Gasoline Vehicles, row ""Gasoline Passenger Cars, 2004"", column ""CH4 Factor (g / mile); N2O Factor (g / mile)"""
epa_hub_mobile,US EPA 2023,petrol:light:Gasoline Passenger Cars:Model year 2004:n2o,0.0085,g/vehicle-mile,"US EPA GHG Emission Factors Hub 2023 (Last Modified: 12 September 2023); Emission Factors Hub!E139, Emission Factors Hub!F139 (vehicle Emission Factors Hub!C120, model year Emission Factors Hub!D139) p. 2; Table 3 Mobile Combustion CH4 and N2O for On-Road Gasoline Vehicles, row ""Gasoline Passenger Cars, 2004"", column ""CH4 Factor (g / mile); N2O Factor (g / mile)"""
epa_hub_mobile,US EPA 2023,petrol:light:Gasoline Passenger Cars:Model year 2005:ch4,0.0075,g/vehicle-mile,"US EPA GHG Emission Factors Hub 2023 (Last Modified: 12 September 2023); Emission Factors Hub!E140, Emission Factors Hub!F140 (vehicle Emission Factors Hub!C120, model year Emission Factors Hub!D140) p. 2; Table 3 Mobile Combustion CH4 and N2O for On-Road Gasoline Vehicles, row ""Gasoline Passenger Cars, 2005"", column ""CH4 Factor (g / mile); N2O Factor (g / mile)"""
epa_hub_mobile,US EPA 2023,petrol:light:Gasoline Passenger Cars:Model year 2005:n2o,0.0067,g/vehicle-mile,"US EPA GHG Emission Factors Hub 2023 (Last Modified: 12 September 2023); Emission Factors Hub!E140, Emission Factors Hub!F140 (vehicle Emission Factors Hub!C120, model year Emission Factors Hub!D140) p. 2; Table 3 Mobile Combustion CH4 and N2O for On-Road Gasoline Vehicles, row ""Gasoline Passenger Cars, 2005"", column ""CH4 Factor (g / mile); N2O Factor (g / mile)"""
epa_hub_mobile,US EPA 2023,petrol:light:Gasoline Passenger Cars:Model year 2006:ch4,0.0076,g/vehicle-mile,"US EPA GHG Emission Factors Hub 2023 (Last Modified: 12 September 2023); Emission Factors Hub!E141, Emission Factors Hub!F141 (vehicle Emission Factors Hub!C120, model year Emission Factors Hub!D141) p. 2; Table 3 Mobile Combustion CH4 and N2O for On-Road Gasoline Vehicles, row ""Gasoline Passenger Cars, 2006"", column ""CH4 Factor (g / mile); N2O Factor (g / mile)"""
epa_hub_mobile,US EPA 2023,petrol:light:Gasoline Passenger Cars:Model year 2006:n2o,0.0075,g/vehicle-mile,"US EPA GHG Emission Factors Hub 2023 (Last Modified: 12 September 2023); Emission Factors Hub!E141, Emission Factors Hub!F141 (vehicle Emission Factors Hub!C120, model year Emission Factors Hub!D141) p. 2; Table 3 Mobile Combustion CH4 and N2O for On-Road Gasoline Vehicles, row ""Gasoline Passenger Cars, 2006"", column ""CH4 Factor (g / mile); N2O Factor (g / mile)"""
epa_hub_mobile,US EPA 2023,petrol:light:Gasoline Passenger Cars:Model year 2007:ch4,0.0072,g/vehicle-mile,"US EPA GHG Emission Factors Hub 2023 (Last Modified: 12 September 2023); Emission Factors Hub!E142, Emission Factors Hub!F142 (vehicle Emission Factors Hub!C120, model year Emission Factors Hub!D142) p. 2; Table 3 Mobile Combustion CH4 and N2O for On-Road Gasoline Vehicles, row ""Gasoline Passenger Cars, 2007"", column ""CH4 Factor (g / mile); N2O Factor (g / mile)"""
epa_hub_mobile,US EPA 2023,petrol:light:Gasoline Passenger Cars:Model year 2007:n2o,0.0052,g/vehicle-mile,"US EPA GHG Emission Factors Hub 2023 (Last Modified: 12 September 2023); Emission Factors Hub!E142, Emission Factors Hub!F142 (vehicle Emission Factors Hub!C120, model year Emission Factors Hub!D142) p. 2; Table 3 Mobile Combustion CH4 and N2O for On-Road Gasoline Vehicles, row ""Gasoline Passenger Cars, 2007"", column ""CH4 Factor (g / mile); N2O Factor (g / mile)"""
epa_hub_mobile,US EPA 2023,petrol:light:Gasoline Passenger Cars:Model year 2008:ch4,0.0072,g/vehicle-mile,"US EPA GHG Emission Factors Hub 2023 (Last Modified: 12 September 2023); Emission Factors Hub!E143, Emission Factors Hub!F143 (vehicle Emission Factors Hub!C120, model year Emission Factors Hub!D143) p. 2; Table 3 Mobile Combustion CH4 and N2O for On-Road Gasoline Vehicles, row ""Gasoline Passenger Cars, 2008"", column ""CH4 Factor (g / mile); N2O Factor (g / mile)"""
epa_hub_mobile,US EPA 2023,petrol:light:Gasoline Passenger Cars:Model year 2008:n2o,0.0049,g/vehicle-mile,"US EPA GHG Emission Factors Hub 2023 (Last Modified: 12 September 2023); Emission Factors Hub!E143, Emission Factors Hub!F143 (vehicle Emission Factors Hub!C120, model year Emission Factors Hub!D143) p. 2; Table 3 Mobile Combustion CH4 and N2O for On-Road Gasoline Vehicles, row ""Gasoline Passenger Cars, 2008"", column ""CH4 Factor (g / mile); N2O Factor (g / mile)"""
epa_hub_mobile,US EPA 2023,petrol:light:Gasoline Passenger Cars:Model year 2009:ch4,0.0071,g/vehicle-mile,"US EPA GHG Emission Factors Hub 2023 (Last Modified: 12 September 2023); Emission Factors Hub!E144, Emission Factors Hub!F144 (vehicle Emission Factors Hub!C120, model year Emission Factors Hub!D144) p. 2; Table 3 Mobile Combustion CH4 and N2O for On-Road Gasoline Vehicles, row ""Gasoline Passenger Cars, 2009"", column ""CH4 Factor (g / mile); N2O Factor (g / mile)"""
epa_hub_mobile,US EPA 2023,petrol:light:Gasoline Passenger Cars:Model year 2009:n2o,0.0046,g/vehicle-mile,"US EPA GHG Emission Factors Hub 2023 (Last Modified: 12 September 2023); Emission Factors Hub!E144, Emission Factors Hub!F144 (vehicle Emission Factors Hub!C120, model year Emission Factors Hub!D144) p. 2; Table 3 Mobile Combustion CH4 and N2O for On-Road Gasoline Vehicles, row ""Gasoline Passenger Cars, 2009"", column ""CH4 Factor (g / mile); N2O Factor (g / mile)"""
epa_hub_mobile,US EPA 2023,petrol:light:Gasoline Passenger Cars:Model year 2010:ch4,0.0071,g/vehicle-mile,"US EPA GHG Emission Factors Hub 2023 (Last Modified: 12 September 2023); Emission Factors Hub!E145, Emission Factors Hub!F145 (vehicle Emission Factors Hub!C120, model year Emission Factors Hub!D145) p. 2; Table 3 Mobile Combustion CH4 and N2O for On-Road Gasoline Vehicles, row ""Gasoline Passenger Cars, 2010"", column ""CH4 Factor (g / mile); N2O Factor (g / mile)"""
epa_hub_mobile,US EPA 2023,petrol:light:Gasoline Passenger Cars:Model year 2010:n2o,0.0046,g/vehicle-mile,"US EPA GHG Emission Factors Hub 2023 (Last Modified: 12 September 2023); Emission Factors Hub!E145, Emission Factors Hub!F145 (vehicle Emission Factors Hub!C120, model year Emission Factors Hub!D145) p. 2; Table 3 Mobile Combustion CH4 and N2O for On-Road Gasoline Vehicles, row ""Gasoline Passenger Cars, 2010"", column ""CH4 Factor (g / mile); N2O Factor (g / mile)"""
epa_hub_mobile,US EPA 2023,petrol:light:Gasoline Passenger Cars:Model year 2011:ch4,0.0071,g/vehicle-mile,"US EPA GHG Emission Factors Hub 2023 (Last Modified: 12 September 2023); Emission Factors Hub!E146, Emission Factors Hub!F146 (vehicle Emission Factors Hub!C120, model year Emission Factors Hub!D146) p. 2; Table 3 Mobile Combustion CH4 and N2O for On-Road Gasoline Vehicles, row ""Gasoline Passenger Cars, 2011"", column ""CH4 Factor (g / mile); N2O Factor (g / mile)"""
epa_hub_mobile,US EPA 2023,petrol:light:Gasoline Passenger Cars:Model year 2011:n2o,0.0046,g/vehicle-mile,"US EPA GHG Emission Factors Hub 2023 (Last Modified: 12 September 2023); Emission Factors Hub!E146, Emission Factors Hub!F146 (vehicle Emission Factors Hub!C120, model year Emission Factors Hub!D146) p. 2; Table 3 Mobile Combustion CH4 and N2O for On-Road Gasoline Vehicles, row ""Gasoline Passenger Cars, 2011"", column ""CH4 Factor (g / mile); N2O Factor (g / mile)"""
epa_hub_mobile,US EPA 2023,petrol:light:Gasoline Passenger Cars:Model year 2012:ch4,0.0071,g/vehicle-mile,"US EPA GHG Emission Factors Hub 2023 (Last Modified: 12 September 2023); Emission Factors Hub!E147, Emission Factors Hub!F147 (vehicle Emission Factors Hub!C120, model year Emission Factors Hub!D147) p. 2; Table 3 Mobile Combustion CH4 and N2O for On-Road Gasoline Vehicles, row ""Gasoline Passenger Cars, 2012"", column ""CH4 Factor (g / mile); N2O Factor (g / mile)"""
epa_hub_mobile,US EPA 2023,petrol:light:Gasoline Passenger Cars:Model year 2012:n2o,0.0046,g/vehicle-mile,"US EPA GHG Emission Factors Hub 2023 (Last Modified: 12 September 2023); Emission Factors Hub!E147, Emission Factors Hub!F147 (vehicle Emission Factors Hub!C120, model year Emission Factors Hub!D147) p. 2; Table 3 Mobile Combustion CH4 and N2O for On-Road Gasoline Vehicles, row ""Gasoline Passenger Cars, 2012"", column ""CH4 Factor (g / mile); N2O Factor (g / mile)"""
epa_hub_mobile,US EPA 2023,petrol:light:Gasoline Passenger Cars:Model year 2013:ch4,0.0071,g/vehicle-mile,"US EPA GHG Emission Factors Hub 2023 (Last Modified: 12 September 2023); Emission Factors Hub!E148, Emission Factors Hub!F148 (vehicle Emission Factors Hub!C120, model year Emission Factors Hub!D148) p. 2; Table 3 Mobile Combustion CH4 and N2O for On-Road Gasoline Vehicles, row ""Gasoline Passenger Cars, 2013"", column ""CH4 Factor (g / mile); N2O Factor (g / mile)"""
epa_hub_mobile,US EPA 2023,petrol:light:Gasoline Passenger Cars:Model year 2013:n2o,0.0046,g/vehicle-mile,"US EPA GHG Emission Factors Hub 2023 (Last Modified: 12 September 2023); Emission Factors Hub!E148, Emission Factors Hub!F148 (vehicle Emission Factors Hub!C120, model year Emission Factors Hub!D148) p. 2; Table 3 Mobile Combustion CH4 and N2O for On-Road Gasoline Vehicles, row ""Gasoline Passenger Cars, 2013"", column ""CH4 Factor (g / mile); N2O Factor (g / mile)"""
epa_hub_mobile,US EPA 2023,petrol:light:Gasoline Passenger Cars:Model year 2014:ch4,0.0071,g/vehicle-mile,"US EPA GHG Emission Factors Hub 2023 (Last Modified: 12 September 2023); Emission Factors Hub!E149, Emission Factors Hub!F149 (vehicle Emission Factors Hub!C120, model year Emission Factors Hub!D149) p. 2; Table 3 Mobile Combustion CH4 and N2O for On-Road Gasoline Vehicles, row ""Gasoline Passenger Cars, 2014"", column ""CH4 Factor (g / mile); N2O Factor (g / mile)"""
epa_hub_mobile,US EPA 2023,petrol:light:Gasoline Passenger Cars:Model year 2014:n2o,0.0046,g/vehicle-mile,"US EPA GHG Emission Factors Hub 2023 (Last Modified: 12 September 2023); Emission Factors Hub!E149, Emission Factors Hub!F149 (vehicle Emission Factors Hub!C120, model year Emission Factors Hub!D149) p. 2; Table 3 Mobile Combustion CH4 and N2O for On-Road Gasoline Vehicles, row ""Gasoline Passenger Cars, 2014"", column ""CH4 Factor (g / mile); N2O Factor (g / mile)"""
epa_hub_mobile,US EPA 2023,petrol:light:Gasoline Passenger Cars:Model year 2015:ch4,0.0068,g/vehicle-mile,"US EPA GHG Emission Factors Hub 2023 (Last Modified: 12 September 2023); Emission Factors Hub!E150, Emission Factors Hub!F150 (vehicle Emission Factors Hub!C120, model year Emission Factors Hub!D150) p. 2; Table 3 Mobile Combustion CH4 and N2O for On-Road Gasoline Vehicles, row ""Gasoline Passenger Cars, 2015"", column ""CH4 Factor (g / mile); N2O Factor (g / mile)"""
epa_hub_mobile,US EPA 2023,petrol:light:Gasoline Passenger Cars:Model year 2015:n2o,0.0042,g/vehicle-mile,"US EPA GHG Emission Factors Hub 2023 (Last Modified: 12 September 2023); Emission Factors Hub!E150, Emission Factors Hub!F150 (vehicle Emission Factors Hub!C120, model year Emission Factors Hub!D150) p. 2; Table 3 Mobile Combustion CH4 and N2O for On-Road Gasoline Vehicles, row ""Gasoline Passenger Cars, 2015"", column ""CH4 Factor (g / mile); N2O Factor (g / mile)"""
epa_hub_mobile,US EPA 2023,petrol:light:Gasoline Passenger Cars:Model year 2016:ch4,0.0065,g/vehicle-mile,"US EPA GHG Emission Factors Hub 2023 (Last Modified: 12 September 2023); Emission Factors Hub!E151, Emission Factors Hub!F151 (vehicle Emission Factors Hub!C120, model year Emission Factors Hub!D151) p. 2; Table 3 Mobile Combustion CH4 and N2O for On-Road Gasoline Vehicles, row ""Gasoline Passenger Cars, 2016"", column ""CH4 Factor (g / mile); N2O Factor (g / mile)"""
epa_hub_mobile,US EPA 2023,petrol:light:Gasoline Passenger Cars:Model year 2016:n2o,0.0038,g/vehicle-mile,"US EPA GHG Emission Factors Hub 2023 (Last Modified: 12 September 2023); Emission Factors Hub!E151, Emission Factors Hub!F151 (vehicle Emission Factors Hub!C120, model year Emission Factors Hub!D151) p. 2; Table 3 Mobile Combustion CH4 and N2O for On-Road Gasoline Vehicles, row ""Gasoline Passenger Cars, 2016"", column ""CH4 Factor (g / mile); N2O Factor (g / mile)"""
epa_hub_mobile,US EPA 2023,petrol:light:Gasoline Passenger Cars:Model year 2017:ch4,0.0054,g/vehicle-mile,"US EPA GHG Emission Factors Hub 2023 (Last Modified: 12 September 2023); Emission Factors Hub!E152, Emission Factors Hub!F152 (vehicle Emission Factors Hub!C120, model year Emission Factors Hub!D152) p. 2; Table 3 Mobile Combustion CH4 and N2O for On-Road Gasoline Vehicles, row ""Gasoline Passenger Cars, 2017"", column ""CH4 Factor (g / mile); N2O Factor (g / mile)"""
epa_hub_mobile,US EPA 2023,petrol:light:Gasoline Passenger Cars:Model year 2017:n2o,0.0018,g/vehicle-mile,"US EPA GHG Emission Factors Hub 2023 (Last Modified: 12 September 2023); Emission Factors Hub!E152, Emission Factors Hub!F152 (vehicle Emission Factors Hub!C120, model year Emission Factors Hub!D152) p. 2; Table 3 Mobile Combustion CH4 and N2O for On-Road Gasoline Vehicles, row ""Gasoline Passenger Cars, 2017"", column ""CH4 Factor (g / mile); N2O Factor (g / mile)"""
epa_hub_mobile,US EPA 2023,petrol:light:Gasoline Passenger Cars:Model year 2018:ch4,0.0052,g/vehicle-mile,"US EPA GHG Emission Factors Hub 2023 (Last Modified: 12 September 2023); Emission Factors Hub!E153, Emission Factors Hub!F153 (vehicle Emission Factors Hub!C120, model year Emission Factors Hub!D153) p. 2; Table 3 Mobile Combustion CH4 and N2O for On-Road Gasoline Vehicles, row ""Gasoline Passenger Cars, 2018"", column ""CH4 Factor (g / mile); N2O Factor (g / mile)"""
epa_hub_mobile,US EPA 2023,petrol:light:Gasoline Passenger Cars:Model year 2018:n2o,0.0016,g/vehicle-mile,"US EPA GHG Emission Factors Hub 2023 (Last Modified: 12 September 2023); Emission Factors Hub!E153, Emission Factors Hub!F153 (vehicle Emission Factors Hub!C120, model year Emission Factors Hub!D153) p. 2; Table 3 Mobile Combustion CH4 and N2O for On-Road Gasoline Vehicles, row ""Gasoline Passenger Cars, 2018"", column ""CH4 Factor (g / mile); N2O Factor (g / mile)"""
epa_hub_mobile,US EPA 2023,petrol:light:Gasoline Passenger Cars:Model year 2019:ch4,0.0051,g/vehicle-mile,"US EPA GHG Emission Factors Hub 2023 (Last Modified: 12 September 2023); Emission Factors Hub!E154, Emission Factors Hub!F154 (vehicle Emission Factors Hub!C120, model year Emission Factors Hub!D154) p. 2; Table 3 Mobile Combustion CH4 and N2O for On-Road Gasoline Vehicles, row ""Gasoline Passenger Cars, 2019"", column ""CH4 Factor (g / mile); N2O Factor (g / mile)"""
epa_hub_mobile,US EPA 2023,petrol:light:Gasoline Passenger Cars:Model year 2019:n2o,0.0015,g/vehicle-mile,"US EPA GHG Emission Factors Hub 2023 (Last Modified: 12 September 2023); Emission Factors Hub!E154, Emission Factors Hub!F154 (vehicle Emission Factors Hub!C120, model year Emission Factors Hub!D154) p. 2; Table 3 Mobile Combustion CH4 and N2O for On-Road Gasoline Vehicles, row ""Gasoline Passenger Cars, 2019"", column ""CH4 Factor (g / mile); N2O Factor (g / mile)"""
epa_hub_mobile,US EPA 2023,petrol:light:Gasoline Passenger Cars:Model year 2020:ch4,0.005,g/vehicle-mile,"US EPA GHG Emission Factors Hub 2023 (Last Modified: 12 September 2023); Emission Factors Hub!E155, Emission Factors Hub!F155 (vehicle Emission Factors Hub!C120, model year Emission Factors Hub!D155) p. 2; Table 3 Mobile Combustion CH4 and N2O for On-Road Gasoline Vehicles, row ""Gasoline Passenger Cars, 2020"", column ""CH4 Factor (g / mile); N2O Factor (g / mile)"""
epa_hub_mobile,US EPA 2023,petrol:light:Gasoline Passenger Cars:Model year 2020:n2o,0.0014,g/vehicle-mile,"US EPA GHG Emission Factors Hub 2023 (Last Modified: 12 September 2023); Emission Factors Hub!E155, Emission Factors Hub!F155 (vehicle Emission Factors Hub!C120, model year Emission Factors Hub!D155) p. 2; Table 3 Mobile Combustion CH4 and N2O for On-Road Gasoline Vehicles, row ""Gasoline Passenger Cars, 2020"", column ""CH4 Factor (g / mile); N2O Factor (g / mile)"""
epa_hub_mobile,US EPA 2023,petrol:light:Gasoline Light-Duty Trucks:Model year 1973-1974:ch4,0.1908,g/vehicle-mile,"US EPA GHG Emission Factors Hub 2023 (Last Modified: 12 September 2023); Emission Factors Hub!E156, Emission Factors Hub!F156 (vehicle Emission Factors Hub!C156, model year Emission Factors Hub!D156) p. 2; Table 3 Mobile Combustion CH4 and N2O for On-Road Gasoline Vehicles, row ""Gasoline Light-Duty Trucks, 1973-1974"", column ""CH4 Factor (g / mile); N2O Factor (g / mile)"""
epa_hub_mobile,US EPA 2023,petrol:light:Gasoline Light-Duty Trucks:Model year 1973-1974:n2o,0.0218,g/vehicle-mile,"US EPA GHG Emission Factors Hub 2023 (Last Modified: 12 September 2023); Emission Factors Hub!E156, Emission Factors Hub!F156 (vehicle Emission Factors Hub!C156, model year Emission Factors Hub!D156) p. 2; Table 3 Mobile Combustion CH4 and N2O for On-Road Gasoline Vehicles, row ""Gasoline Light-Duty Trucks, 1973-1974"", column ""CH4 Factor (g / mile); N2O Factor (g / mile)"""
epa_hub_mobile,US EPA 2023,petrol:light:Gasoline Light-Duty Trucks:Model year 1975:ch4,0.1634,g/vehicle-mile,"US EPA GHG Emission Factors Hub 2023 (Last Modified: 12 September 2023); Emission Factors Hub!E157, Emission Factors Hub!F157 (vehicle Emission Factors Hub!C156, model year Emission Factors Hub!D157) p. 2; Table 3 Mobile Combustion CH4 and N2O for On-Road Gasoline Vehicles, row ""Gasoline Light-Duty Trucks, 1975"", column ""CH4 Factor (g / mile); N2O Factor (g / mile)"""
epa_hub_mobile,US EPA 2023,petrol:light:Gasoline Light-Duty Trucks:Model year 1975:n2o,0.0513,g/vehicle-mile,"US EPA GHG Emission Factors Hub 2023 (Last Modified: 12 September 2023); Emission Factors Hub!E157, Emission Factors Hub!F157 (vehicle Emission Factors Hub!C156, model year Emission Factors Hub!D157) p. 2; Table 3 Mobile Combustion CH4 and N2O for On-Road Gasoline Vehicles, row ""Gasoline Light-Duty Trucks, 1975"", column ""CH4 Factor (g / mile); N2O Factor (g / mile)"""
epa_hub_mobile,US EPA 2023,petrol:light:Gasoline Light-Duty Trucks:Model year 1976:ch4,0.1594,g/vehicle-mile,"US EPA GHG Emission Factors Hub 2023 (Last Modified: 12 September 2023); Emission Factors Hub!E158, Emission Factors Hub!F158 (vehicle Emission Factors Hub!C156, model year Emission Factors Hub!D158) p. 2; Table 3 Mobile Combustion CH4 and N2O for On-Road Gasoline Vehicles, row ""Gasoline Light-Duty Trucks, 1976"", column ""CH4 Factor (g / mile); N2O Factor (g / mile)"""
epa_hub_mobile,US EPA 2023,petrol:light:Gasoline Light-Duty Trucks:Model year 1976:n2o,0.0555,g/vehicle-mile,"US EPA GHG Emission Factors Hub 2023 (Last Modified: 12 September 2023); Emission Factors Hub!E158, Emission Factors Hub!F158 (vehicle Emission Factors Hub!C156, model year Emission Factors Hub!D158) p. 2; Table 3 Mobile Combustion CH4 and N2O for On-Road Gasoline Vehicles, row ""Gasoline Light-Duty Trucks, 1976"", column ""CH4 Factor (g / mile); N2O Factor (g / mile)"""
epa_hub_mobile,US EPA 2023,petrol:light:Gasoline Light-Duty Trucks:Model year 1977-1978:ch4,0.1614,g/vehicle-mile,"US EPA GHG Emission Factors Hub 2023 (Last Modified: 12 September 2023); Emission Factors Hub!E159, Emission Factors Hub!F159 (vehicle Emission Factors Hub!C156, model year Emission Factors Hub!D159) p. 2; Table 3 Mobile Combustion CH4 and N2O for On-Road Gasoline Vehicles, row ""Gasoline Light-Duty Trucks, 1977-1978"", column ""CH4 Factor (g / mile); N2O Factor (g / mile)"""
epa_hub_mobile,US EPA 2023,petrol:light:Gasoline Light-Duty Trucks:Model year 1977-1978:n2o,0.0534,g/vehicle-mile,"US EPA GHG Emission Factors Hub 2023 (Last Modified: 12 September 2023); Emission Factors Hub!E159, Emission Factors Hub!F159 (vehicle Emission Factors Hub!C156, model year Emission Factors Hub!D159) p. 2; Table 3 Mobile Combustion CH4 and N2O for On-Road Gasoline Vehicles, row ""Gasoline Light-Duty Trucks, 1977-1978"", column ""CH4 Factor (g / mile); N2O Factor (g / mile)"""
epa_hub_mobile,US EPA 2023,petrol:light:Gasoline Light-Duty Trucks:Model year 1979-1980:ch4,0.1594,g/vehicle-mile,"US EPA GHG Emission Factors Hub 2023 (Last Modified: 12 September 2023); Emission Factors Hub!E160, Emission Factors Hub!F160 (vehicle Emission Factors Hub!C156, model year Emission Factors Hub!D160) p. 2; Table 3 Mobile Combustion CH4 and N2O for On-Road Gasoline Vehicles, row ""Gasoline Light-Duty Trucks, 1979-1980"", column ""CH4 Factor (g / mile); N2O Factor (g / mile)"""
epa_hub_mobile,US EPA 2023,petrol:light:Gasoline Light-Duty Trucks:Model year 1979-1980:n2o,0.0555,g/vehicle-mile,"US EPA GHG Emission Factors Hub 2023 (Last Modified: 12 September 2023); Emission Factors Hub!E160, Emission Factors Hub!F160 (vehicle Emission Factors Hub!C156, model year Emission Factors Hub!D160) p. 2; Table 3 Mobile Combustion CH4 and N2O for On-Road Gasoline Vehicles, row ""Gasoline Light-Duty Trucks, 1979-1980"", column ""CH4 Factor (g / mile); N2O Factor (g / mile)"""
epa_hub_mobile,US EPA 2023,petrol:light:Gasoline Light-Duty Trucks:Model year 1981:ch4,0.1479,g/vehicle-mile,"US EPA GHG Emission Factors Hub 2023 (Last Modified: 12 September 2023); Emission Factors Hub!E161, Emission Factors Hub!F161 (vehicle Emission Factors Hub!C156, model year Emission Factors Hub!D161) p. 2; Table 3 Mobile Combustion CH4 and N2O for On-Road Gasoline Vehicles, row ""Gasoline Light-Duty Trucks, 1981"", column ""CH4 Factor (g / mile); N2O Factor (g / mile)"""
epa_hub_mobile,US EPA 2023,petrol:light:Gasoline Light-Duty Trucks:Model year 1981:n2o,0.066,g/vehicle-mile,"US EPA GHG Emission Factors Hub 2023 (Last Modified: 12 September 2023); Emission Factors Hub!E161, Emission Factors Hub!F161 (vehicle Emission Factors Hub!C156, model year Emission Factors Hub!D161) p. 2; Table 3 Mobile Combustion CH4 and N2O for On-Road Gasoline Vehicles, row ""Gasoline Light-Duty Trucks, 1981"", column ""CH4 Factor (g / mile); N2O Factor (g / mile)"""
epa_hub_mobile,US EPA 2023,petrol:light:Gasoline Light-Duty Trucks:Model year 1982:ch4,0.1442,g/vehicle-mile,"US EPA GHG Emission Factors Hub 2023 (Last Modified: 12 September 2023); Emission Factors Hub!E162, Emission Factors Hub!F162 (vehicle Emission Factors Hub!C156, model year Emission Factors Hub!D162) p. 2; Table 3 Mobile Combustion CH4 and N2O for On-Road Gasoline Vehicles, row ""Gasoline Light-Duty Trucks, 1982"", column ""CH4 Factor (g / mile); N2O Factor (g / mile)"""
epa_hub_mobile,US EPA 2023,petrol:light:Gasoline Light-Duty Trucks:Model year 1982:n2o,0.0681,g/vehicle-mile,"US EPA GHG Emission Factors Hub 2023 (Last Modified: 12 September 2023); Emission Factors Hub!E162, Emission Factors Hub!F162 (vehicle Emission Factors Hub!C156, model year Emission Factors Hub!D162) p. 2; Table 3 Mobile Combustion CH4 and N2O for On-Road Gasoline Vehicles, row ""Gasoline Light-Duty Trucks, 1982"", column ""CH4 Factor (g / mile); N2O Factor (g / mile)"""
epa_hub_mobile,US EPA 2023,petrol:light:Gasoline Light-Duty Trucks:Model year 1983:ch4,0.1368,g/vehicle-mile,"US EPA GHG Emission Factors Hub 2023 (Last Modified: 12 September 2023); Emission Factors Hub!E163, Emission Factors Hub!F163 (vehicle Emission Factors Hub!C156, model year Emission Factors Hub!D163) p. 2; Table 3 Mobile Combustion CH4 and N2O for On-Road Gasoline Vehicles, row ""Gasoline Light-Duty Trucks, 1983"", column ""CH4 Factor (g / mile); N2O Factor (g / mile)"""
epa_hub_mobile,US EPA 2023,petrol:light:Gasoline Light-Duty Trucks:Model year 1983:n2o,0.0722,g/vehicle-mile,"US EPA GHG Emission Factors Hub 2023 (Last Modified: 12 September 2023); Emission Factors Hub!E163, Emission Factors Hub!F163 (vehicle Emission Factors Hub!C156, model year Emission Factors Hub!D163) p. 2; Table 3 Mobile Combustion CH4 and N2O for On-Road Gasoline Vehicles, row ""Gasoline Light-Duty Trucks, 1983"", column ""CH4 Factor (g / mile); N2O Factor (g / mile)"""
epa_hub_mobile,US EPA 2023,petrol:light:Gasoline Light-Duty Trucks:Model year 1984:ch4,0.1294,g/vehicle-mile,"US EPA GHG Emission Factors Hub 2023 (Last Modified: 12 September 2023); Emission Factors Hub!E164, Emission Factors Hub!F164 (vehicle Emission Factors Hub!C156, model year Emission Factors Hub!D164) p. 2; Table 3 Mobile Combustion CH4 and N2O for On-Road Gasoline Vehicles, row ""Gasoline Light-Duty Trucks, 1984"", column ""CH4 Factor (g / mile); N2O Factor (g / mile)"""
epa_hub_mobile,US EPA 2023,petrol:light:Gasoline Light-Duty Trucks:Model year 1984:n2o,0.0764,g/vehicle-mile,"US EPA GHG Emission Factors Hub 2023 (Last Modified: 12 September 2023); Emission Factors Hub!E164, Emission Factors Hub!F164 (vehicle Emission Factors Hub!C156, model year Emission Factors Hub!D164) p. 2; Table 3 Mobile Combustion CH4 and N2O for On-Road Gasoline Vehicles, row ""Gasoline Light-Duty Trucks, 1984"", column ""CH4 Factor (g / mile); N2O Factor (g / mile)"""
epa_hub_mobile,US EPA 2023,petrol:light:Gasoline Light-Duty Trucks:Model year 1985:ch4,0.122,g/vehicle-mile,"US EPA GHG Emission Factors Hub 2023 (Last Modified: 12 September 2023); Emission Factors Hub!E165, Emission Factors Hub!F165 (vehicle Emission Factors Hub!C156, model year Emission Factors Hub!D165) p. 2; Table 3 Mobile Combustion CH4 and N2O for On-Road Gasoline Vehicles, row ""Gasoline Light-Duty Trucks, 1985"", column ""CH4 Factor (g / mile); N2O Factor (g / mile)"""
epa_hub_mobile,US EPA 2023,petrol:light:Gasoline Light-Duty Trucks:Model year 1985:n2o,0.0806,g/vehicle-mile,"US EPA GHG Emission Factors Hub 2023 (Last Modified: 12 September 2023); Emission Factors Hub!E165, Emission Factors Hub!F165 (vehicle Emission Factors Hub!C156, model year Emission Factors Hub!D165) p. 2; Table 3 Mobile Combustion CH4 and N2O for On-Road Gasoline Vehicles, row ""Gasoline Light-Duty Trucks, 1985"", column ""CH4 Factor (g / mile); N2O Factor (g / mile)"""
epa_hub_mobile,US EPA 2023,petrol:light:Gasoline Light-Duty Trucks:Model year 1986:ch4,0.1146,g/vehicle-mile,"US EPA GHG Emission Factors Hub 2023 (Last Modified: 12 September 2023); Emission Factors Hub!E166, Emission Factors Hub!F166 (vehicle Emission Factors Hub!C156, model year Emission Factors Hub!D166) p. 2; Table 3 Mobile Combustion CH4 and N2O for On-Road Gasoline Vehicles, row ""Gasoline Light-Duty Trucks, 1986"", column ""CH4 Factor (g / mile); N2O Factor (g / mile)"""
epa_hub_mobile,US EPA 2023,petrol:light:Gasoline Light-Duty Trucks:Model year 1986:n2o,0.0848,g/vehicle-mile,"US EPA GHG Emission Factors Hub 2023 (Last Modified: 12 September 2023); Emission Factors Hub!E166, Emission Factors Hub!F166 (vehicle Emission Factors Hub!C156, model year Emission Factors Hub!D166) p. 2; Table 3 Mobile Combustion CH4 and N2O for On-Road Gasoline Vehicles, row ""Gasoline Light-Duty Trucks, 1986"", column ""CH4 Factor (g / mile); N2O Factor (g / mile)"""
epa_hub_mobile,US EPA 2023,petrol:light:Gasoline Light-Duty Trucks:Model year 1987-1993:ch4,0.0813,g/vehicle-mile,"US EPA GHG Emission Factors Hub 2023 (Last Modified: 12 September 2023); Emission Factors Hub!E167, Emission Factors Hub!F167 (vehicle Emission Factors Hub!C156, model year Emission Factors Hub!D167) p. 2; Table 3 Mobile Combustion CH4 and N2O for On-Road Gasoline Vehicles, row ""Gasoline Light-Duty Trucks, 1987-1993"", column ""CH4 Factor (g / mile); N2O Factor (g / mile)"""
epa_hub_mobile,US EPA 2023,petrol:light:Gasoline Light-Duty Trucks:Model year 1987-1993:n2o,0.1035,g/vehicle-mile,"US EPA GHG Emission Factors Hub 2023 (Last Modified: 12 September 2023); Emission Factors Hub!E167, Emission Factors Hub!F167 (vehicle Emission Factors Hub!C156, model year Emission Factors Hub!D167) p. 2; Table 3 Mobile Combustion CH4 and N2O for On-Road Gasoline Vehicles, row ""Gasoline Light-Duty Trucks, 1987-1993"", column ""CH4 Factor (g / mile); N2O Factor (g / mile)"""
epa_hub_mobile,US EPA 2023,petrol:light:Gasoline Light-Duty Trucks:Model year 1994:ch4,0.0646,g/vehicle-mile,"US EPA GHG Emission Factors Hub 2023 (Last Modified: 12 September 2023); Emission Factors Hub!E168, Emission Factors Hub!F168 (vehicle Emission Factors Hub!C156, model year Emission Factors Hub!D168) p. 2; Table 3 Mobile Combustion CH4 and N2O for On-Road Gasoline Vehicles, row ""Gasoline Light-Duty Trucks, 1994"", column ""CH4 Factor (g / mile); N2O Factor (g / mile)"""
epa_hub_mobile,US EPA 2023,petrol:light:Gasoline Light-Duty Trucks:Model year 1994:n2o,0.0982,g/vehicle-mile,"US EPA GHG Emission Factors Hub 2023 (Last Modified: 12 September 2023); Emission Factors Hub!E168, Emission Factors Hub!F168 (vehicle Emission Factors Hub!C156, model year Emission Factors Hub!D168) p. 2; Table 3 Mobile Combustion CH4 and N2O for On-Road Gasoline Vehicles, row ""Gasoline Light-Duty Trucks, 1994"", column ""CH4 Factor (g / mile); N2O Factor (g / mile)"""
epa_hub_mobile,US EPA 2023,petrol:light:Gasoline Light-Duty Trucks:Model year 1995:ch4,0.0517,g/vehicle-mile,"US EPA GHG Emission Factors Hub 2023 (Last Modified: 12 September 2023); Emission Factors Hub!E169, Emission Factors Hub!F169 (vehicle Emission Factors Hub!C156, model year Emission Factors Hub!D169) p. 2; Table 3 Mobile Combustion CH4 and N2O for On-Road Gasoline Vehicles, row ""Gasoline Light-Duty Trucks, 1995"", column ""CH4 Factor (g / mile); N2O Factor (g / mile)"""
epa_hub_mobile,US EPA 2023,petrol:light:Gasoline Light-Duty Trucks:Model year 1995:n2o,0.0908,g/vehicle-mile,"US EPA GHG Emission Factors Hub 2023 (Last Modified: 12 September 2023); Emission Factors Hub!E169, Emission Factors Hub!F169 (vehicle Emission Factors Hub!C156, model year Emission Factors Hub!D169) p. 2; Table 3 Mobile Combustion CH4 and N2O for On-Road Gasoline Vehicles, row ""Gasoline Light-Duty Trucks, 1995"", column ""CH4 Factor (g / mile); N2O Factor (g / mile)"""
epa_hub_mobile,US EPA 2023,petrol:light:Gasoline Light-Duty Trucks:Model year 1996:ch4,0.0452,g/vehicle-mile,"US EPA GHG Emission Factors Hub 2023 (Last Modified: 12 September 2023); Emission Factors Hub!E170, Emission Factors Hub!F170 (vehicle Emission Factors Hub!C156, model year Emission Factors Hub!D170) p. 2; Table 3 Mobile Combustion CH4 and N2O for On-Road Gasoline Vehicles, row ""Gasoline Light-Duty Trucks, 1996"", column ""CH4 Factor (g / mile); N2O Factor (g / mile)"""
epa_hub_mobile,US EPA 2023,petrol:light:Gasoline Light-Duty Trucks:Model year 1996:n2o,0.0871,g/vehicle-mile,"US EPA GHG Emission Factors Hub 2023 (Last Modified: 12 September 2023); Emission Factors Hub!E170, Emission Factors Hub!F170 (vehicle Emission Factors Hub!C156, model year Emission Factors Hub!D170) p. 2; Table 3 Mobile Combustion CH4 and N2O for On-Road Gasoline Vehicles, row ""Gasoline Light-Duty Trucks, 1996"", column ""CH4 Factor (g / mile); N2O Factor (g / mile)"""
epa_hub_mobile,US EPA 2023,petrol:light:Gasoline Light-Duty Trucks:Model year 1997:ch4,0.0452,g/vehicle-mile,"US EPA GHG Emission Factors Hub 2023 (Last Modified: 12 September 2023); Emission Factors Hub!E171, Emission Factors Hub!F171 (vehicle Emission Factors Hub!C156, model year Emission Factors Hub!D171) p. 2; Table 3 Mobile Combustion CH4 and N2O for On-Road Gasoline Vehicles, row ""Gasoline Light-Duty Trucks, 1997"", column ""CH4 Factor (g / mile); N2O Factor (g / mile)"""
epa_hub_mobile,US EPA 2023,petrol:light:Gasoline Light-Duty Trucks:Model year 1997:n2o,0.0871,g/vehicle-mile,"US EPA GHG Emission Factors Hub 2023 (Last Modified: 12 September 2023); Emission Factors Hub!E171, Emission Factors Hub!F171 (vehicle Emission Factors Hub!C156, model year Emission Factors Hub!D171) p. 2; Table 3 Mobile Combustion CH4 and N2O for On-Road Gasoline Vehicles, row ""Gasoline Light-Duty Trucks, 1997"", column ""CH4 Factor (g / mile); N2O Factor (g / mile)"""
epa_hub_mobile,US EPA 2023,petrol:light:Gasoline Light-Duty Trucks:Model year 1998:ch4,0.0412,g/vehicle-mile,"US EPA GHG Emission Factors Hub 2023 (Last Modified: 12 September 2023); Emission Factors Hub!E172, Emission Factors Hub!F172 (vehicle Emission Factors Hub!C156, model year Emission Factors Hub!D172) p. 2; Table 3 Mobile Combustion CH4 and N2O for On-Road Gasoline Vehicles, row ""Gasoline Light-Duty Trucks, 1998"", column ""CH4 Factor (g / mile); N2O Factor (g / mile)"""
epa_hub_mobile,US EPA 2023,petrol:light:Gasoline Light-Duty Trucks:Model year 1998:n2o,0.0787,g/vehicle-mile,"US EPA GHG Emission Factors Hub 2023 (Last Modified: 12 September 2023); Emission Factors Hub!E172, Emission Factors Hub!F172 (vehicle Emission Factors Hub!C156, model year Emission Factors Hub!D172) p. 2; Table 3 Mobile Combustion CH4 and N2O for On-Road Gasoline Vehicles, row ""Gasoline Light-Duty Trucks, 1998"", column ""CH4 Factor (g / mile); N2O Factor (g / mile)"""
epa_hub_mobile,US EPA 2023,petrol:light:Gasoline Light-Duty Trucks:Model year 1999:ch4,0.0333,g/vehicle-mile,"US EPA GHG Emission Factors Hub 2023 (Last Modified: 12 September 2023); Emission Factors Hub!E173, Emission Factors Hub!F173 (vehicle Emission Factors Hub!C156, model year Emission Factors Hub!D173) p. 2; Table 3 Mobile Combustion CH4 and N2O for On-Road Gasoline Vehicles, row ""Gasoline Light-Duty Trucks, 1999"", column ""CH4 Factor (g / mile); N2O Factor (g / mile)"""
epa_hub_mobile,US EPA 2023,petrol:light:Gasoline Light-Duty Trucks:Model year 1999:n2o,0.0618,g/vehicle-mile,"US EPA GHG Emission Factors Hub 2023 (Last Modified: 12 September 2023); Emission Factors Hub!E173, Emission Factors Hub!F173 (vehicle Emission Factors Hub!C156, model year Emission Factors Hub!D173) p. 2; Table 3 Mobile Combustion CH4 and N2O for On-Road Gasoline Vehicles, row ""Gasoline Light-Duty Trucks, 1999"", column ""CH4 Factor (g / mile); N2O Factor (g / mile)"""
epa_hub_mobile,US EPA 2023,petrol:light:Gasoline Light-Duty Trucks:Model year 2000:ch4,0.034,g/vehicle-mile,"US EPA GHG Emission Factors Hub 2023 (Last Modified: 12 September 2023); Emission Factors Hub!E174, Emission Factors Hub!F174 (vehicle Emission Factors Hub!C156, model year Emission Factors Hub!D174) p. 2; Table 3 Mobile Combustion CH4 and N2O for On-Road Gasoline Vehicles, row ""Gasoline Light-Duty Trucks, 2000"", column ""CH4 Factor (g / mile); N2O Factor (g / mile)"""
epa_hub_mobile,US EPA 2023,petrol:light:Gasoline Light-Duty Trucks:Model year 2000:n2o,0.0631,g/vehicle-mile,"US EPA GHG Emission Factors Hub 2023 (Last Modified: 12 September 2023); Emission Factors Hub!E174, Emission Factors Hub!F174 (vehicle Emission Factors Hub!C156, model year Emission Factors Hub!D174) p. 2; Table 3 Mobile Combustion CH4 and N2O for On-Road Gasoline Vehicles, row ""Gasoline Light-Duty Trucks, 2000"", column ""CH4 Factor (g / mile); N2O Factor (g / mile)"""
epa_hub_mobile,US EPA 2023,petrol:light:Gasoline Light-Duty Trucks:Model year 2001:ch4,0.0221,g/vehicle-mile,"US EPA GHG Emission Factors Hub 2023 (Last Modified: 12 September 2023); Emission Factors Hub!E175, Emission Factors Hub!F175 (vehicle Emission Factors Hub!C156, model year Emission Factors Hub!D175) p. 2; Table 3 Mobile Combustion CH4 and N2O for On-Road Gasoline Vehicles, row ""Gasoline Light-Duty Trucks, 2001"", column ""CH4 Factor (g / mile); N2O Factor (g / mile)"""
epa_hub_mobile,US EPA 2023,petrol:light:Gasoline Light-Duty Trucks:Model year 2001:n2o,0.0379,g/vehicle-mile,"US EPA GHG Emission Factors Hub 2023 (Last Modified: 12 September 2023); Emission Factors Hub!E175, Emission Factors Hub!F175 (vehicle Emission Factors Hub!C156, model year Emission Factors Hub!D175) p. 2; Table 3 Mobile Combustion CH4 and N2O for On-Road Gasoline Vehicles, row ""Gasoline Light-Duty Trucks, 2001"", column ""CH4 Factor (g / mile); N2O Factor (g / mile)"""
epa_hub_mobile,US EPA 2023,petrol:light:Gasoline Light-Duty Trucks:Model year 2002:ch4,0.0242,g/vehicle-mile,"US EPA GHG Emission Factors Hub 2023 (Last Modified: 12 September 2023); Emission Factors Hub!E176, Emission Factors Hub!F176 (vehicle Emission Factors Hub!C156, model year Emission Factors Hub!D176) p. 2; Table 3 Mobile Combustion CH4 and N2O for On-Road Gasoline Vehicles, row ""Gasoline Light-Duty Trucks, 2002"", column ""CH4 Factor (g / mile); N2O Factor (g / mile)"""
epa_hub_mobile,US EPA 2023,petrol:light:Gasoline Light-Duty Trucks:Model year 2002:n2o,0.0424,g/vehicle-mile,"US EPA GHG Emission Factors Hub 2023 (Last Modified: 12 September 2023); Emission Factors Hub!E176, Emission Factors Hub!F176 (vehicle Emission Factors Hub!C156, model year Emission Factors Hub!D176) p. 2; Table 3 Mobile Combustion CH4 and N2O for On-Road Gasoline Vehicles, row ""Gasoline Light-Duty Trucks, 2002"", column ""CH4 Factor (g / mile); N2O Factor (g / mile)"""
epa_hub_mobile,US EPA 2023,petrol:light:Gasoline Light-Duty Trucks:Model year 2003:ch4,0.0221,g/vehicle-mile,"US EPA GHG Emission Factors Hub 2023 (Last Modified: 12 September 2023); Emission Factors Hub!E177, Emission Factors Hub!F177 (vehicle Emission Factors Hub!C156, model year Emission Factors Hub!D177) p. 2; Table 3 Mobile Combustion CH4 and N2O for On-Road Gasoline Vehicles, row ""Gasoline Light-Duty Trucks, 2003"", column ""CH4 Factor (g / mile); N2O Factor (g / mile)"""
epa_hub_mobile,US EPA 2023,petrol:light:Gasoline Light-Duty Trucks:Model year 2003:n2o,0.0373,g/vehicle-mile,"US EPA GHG Emission Factors Hub 2023 (Last Modified: 12 September 2023); Emission Factors Hub!E177, Emission Factors Hub!F177 (vehicle Emission Factors Hub!C156, model year Emission Factors Hub!D177) p. 2; Table 3 Mobile Combustion CH4 and N2O for On-Road Gasoline Vehicles, row ""Gasoline Light-Duty Trucks, 2003"", column ""CH4 Factor (g / mile); N2O Factor (g / mile)"""
epa_hub_mobile,US EPA 2023,petrol:light:Gasoline Light-Duty Trucks:Model year 2004:ch4,0.0115,g/vehicle-mile,"US EPA GHG Emission Factors Hub 2023 (Last Modified: 12 September 2023); Emission Factors Hub!E178, Emission Factors Hub!F178 (vehicle Emission Factors Hub!C156, model year Emission Factors Hub!D178) p. 2; Table 3 Mobile Combustion CH4 and N2O for On-Road Gasoline Vehicles, row ""Gasoline Light-Duty Trucks, 2004"", column ""CH4 Factor (g / mile); N2O Factor (g / mile)"""
epa_hub_mobile,US EPA 2023,petrol:light:Gasoline Light-Duty Trucks:Model year 2004:n2o,0.0088,g/vehicle-mile,"US EPA GHG Emission Factors Hub 2023 (Last Modified: 12 September 2023); Emission Factors Hub!E178, Emission Factors Hub!F178 (vehicle Emission Factors Hub!C156, model year Emission Factors Hub!D178) p. 2; Table 3 Mobile Combustion CH4 and N2O for On-Road Gasoline Vehicles, row ""Gasoline Light-Duty Trucks, 2004"", column ""CH4 Factor (g / mile); N2O Factor (g / mile)"""
epa_hub_mobile,US EPA 2023,petrol:light:Gasoline Light-Duty Trucks:Model year 2005:ch4,0.0105,g/vehicle-mile,"US EPA GHG Emission Factors Hub 2023 (Last Modified: 12 September 2023); Emission Factors Hub!E179, Emission Factors Hub!F179 (vehicle Emission Factors Hub!C156, model year Emission Factors Hub!D179) p. 2; Table 3 Mobile Combustion CH4 and N2O for On-Road Gasoline Vehicles, row ""Gasoline Light-Duty Trucks, 2005"", column ""CH4 Factor (g / mile); N2O Factor (g / mile)"""
epa_hub_mobile,US EPA 2023,petrol:light:Gasoline Light-Duty Trucks:Model year 2005:n2o,0.0064,g/vehicle-mile,"US EPA GHG Emission Factors Hub 2023 (Last Modified: 12 September 2023); Emission Factors Hub!E179, Emission Factors Hub!F179 (vehicle Emission Factors Hub!C156, model year Emission Factors Hub!D179) p. 2; Table 3 Mobile Combustion CH4 and N2O for On-Road Gasoline Vehicles, row ""Gasoline Light-Duty Trucks, 2005"", column ""CH4 Factor (g / mile); N2O Factor (g / mile)"""
epa_hub_mobile,US EPA 2023,petrol:light:Gasoline Light-Duty Trucks:Model year 2006:ch4,0.0108,g/vehicle-mile,"US EPA GHG Emission Factors Hub 2023 (Last Modified: 12 September 2023); Emission Factors Hub!E180, Emission Factors Hub!F180 (vehicle Emission Factors Hub!C156, model year Emission Factors Hub!D180) p. 2; Table 3 Mobile Combustion CH4 and N2O for On-Road Gasoline Vehicles, row ""Gasoline Light-Duty Trucks, 2006"", column ""CH4 Factor (g / mile); N2O Factor (g / mile)"""
epa_hub_mobile,US EPA 2023,petrol:light:Gasoline Light-Duty Trucks:Model year 2006:n2o,0.008,g/vehicle-mile,"US EPA GHG Emission Factors Hub 2023 (Last Modified: 12 September 2023); Emission Factors Hub!E180, Emission Factors Hub!F180 (vehicle Emission Factors Hub!C156, model year Emission Factors Hub!D180) p. 2; Table 3 Mobile Combustion CH4 and N2O for On-Road Gasoline Vehicles, row ""Gasoline Light-Duty Trucks, 2006"", column ""CH4 Factor (g / mile); N2O Factor (g / mile)"""
epa_hub_mobile,US EPA 2023,petrol:light:Gasoline Light-Duty Trucks:Model year 2007:ch4,0.0103,g/vehicle-mile,"US EPA GHG Emission Factors Hub 2023 (Last Modified: 12 September 2023); Emission Factors Hub!E181, Emission Factors Hub!F181 (vehicle Emission Factors Hub!C156, model year Emission Factors Hub!D181) p. 2; Table 3 Mobile Combustion CH4 and N2O for On-Road Gasoline Vehicles, row ""Gasoline Light-Duty Trucks, 2007"", column ""CH4 Factor (g / mile); N2O Factor (g / mile)"""
epa_hub_mobile,US EPA 2023,petrol:light:Gasoline Light-Duty Trucks:Model year 2007:n2o,0.0061,g/vehicle-mile,"US EPA GHG Emission Factors Hub 2023 (Last Modified: 12 September 2023); Emission Factors Hub!E181, Emission Factors Hub!F181 (vehicle Emission Factors Hub!C156, model year Emission Factors Hub!D181) p. 2; Table 3 Mobile Combustion CH4 and N2O for On-Road Gasoline Vehicles, row ""Gasoline Light-Duty Trucks, 2007"", column ""CH4 Factor (g / mile); N2O Factor (g / mile)"""
epa_hub_mobile,US EPA 2023,petrol:light:Gasoline Light-Duty Trucks:Model year 2008:ch4,0.0095,g/vehicle-mile,"US EPA GHG Emission Factors Hub 2023 (Last Modified: 12 September 2023); Emission Factors Hub!E182, Emission Factors Hub!F182 (vehicle Emission Factors Hub!C156, model year Emission Factors Hub!D182) p. 2; Table 3 Mobile Combustion CH4 and N2O for On-Road Gasoline Vehicles, row ""Gasoline Light-Duty Trucks, 2008"", column ""CH4 Factor (g / mile); N2O Factor (g / mile)"""
epa_hub_mobile,US EPA 2023,petrol:light:Gasoline Light-Duty Trucks:Model year 2008:n2o,0.0036,g/vehicle-mile,"US EPA GHG Emission Factors Hub 2023 (Last Modified: 12 September 2023); Emission Factors Hub!E182, Emission Factors Hub!F182 (vehicle Emission Factors Hub!C156, model year Emission Factors Hub!D182) p. 2; Table 3 Mobile Combustion CH4 and N2O for On-Road Gasoline Vehicles, row ""Gasoline Light-Duty Trucks, 2008"", column ""CH4 Factor (g / mile); N2O Factor (g / mile)"""
epa_hub_mobile,US EPA 2023,petrol:light:Gasoline Light-Duty Trucks:Model year 2009:ch4,0.0095,g/vehicle-mile,"US EPA GHG Emission Factors Hub 2023 (Last Modified: 12 September 2023); Emission Factors Hub!E183, Emission Factors Hub!F183 (vehicle Emission Factors Hub!C156, model year Emission Factors Hub!D183) p. 2; Table 3 Mobile Combustion CH4 and N2O for On-Road Gasoline Vehicles, row ""Gasoline Light-Duty Trucks, 2009"", column ""CH4 Factor (g / mile); N2O Factor (g / mile)"""
epa_hub_mobile,US EPA 2023,petrol:light:Gasoline Light-Duty Trucks:Model year 2009:n2o,0.0036,g/vehicle-mile,"US EPA GHG Emission Factors Hub 2023 (Last Modified: 12 September 2023); Emission Factors Hub!E183, Emission Factors Hub!F183 (vehicle Emission Factors Hub!C156, model year Emission Factors Hub!D183) p. 2; Table 3 Mobile Combustion CH4 and N2O for On-Road Gasoline Vehicles, row ""Gasoline Light-Duty Trucks, 2009"", column ""CH4 Factor (g / mile); N2O Factor (g / mile)"""
epa_hub_mobile,US EPA 2023,petrol:light:Gasoline Light-Duty Trucks:Model year 2010:ch4,0.0095,g/vehicle-mile,"US EPA GHG Emission Factors Hub 2023 (Last Modified: 12 September 2023); Emission Factors Hub!E184, Emission Factors Hub!F184 (vehicle Emission Factors Hub!C156, model year Emission Factors Hub!D184) p. 2; Table 3 Mobile Combustion CH4 and N2O for On-Road Gasoline Vehicles, row ""Gasoline Light-Duty Trucks, 2010"", column ""CH4 Factor (g / mile); N2O Factor (g / mile)"""
epa_hub_mobile,US EPA 2023,petrol:light:Gasoline Light-Duty Trucks:Model year 2010:n2o,0.0035,g/vehicle-mile,"US EPA GHG Emission Factors Hub 2023 (Last Modified: 12 September 2023); Emission Factors Hub!E184, Emission Factors Hub!F184 (vehicle Emission Factors Hub!C156, model year Emission Factors Hub!D184) p. 2; Table 3 Mobile Combustion CH4 and N2O for On-Road Gasoline Vehicles, row ""Gasoline Light-Duty Trucks, 2010"", column ""CH4 Factor (g / mile); N2O Factor (g / mile)"""
epa_hub_mobile,US EPA 2023,petrol:light:Gasoline Light-Duty Trucks:Model year 2011:ch4,0.0096,g/vehicle-mile,"US EPA GHG Emission Factors Hub 2023 (Last Modified: 12 September 2023); Emission Factors Hub!E185, Emission Factors Hub!F185 (vehicle Emission Factors Hub!C156, model year Emission Factors Hub!D185) p. 2; Table 3 Mobile Combustion CH4 and N2O for On-Road Gasoline Vehicles, row ""Gasoline Light-Duty Trucks, 2011"", column ""CH4 Factor (g / mile); N2O Factor (g / mile)"""
epa_hub_mobile,US EPA 2023,petrol:light:Gasoline Light-Duty Trucks:Model year 2011:n2o,0.0034,g/vehicle-mile,"US EPA GHG Emission Factors Hub 2023 (Last Modified: 12 September 2023); Emission Factors Hub!E185, Emission Factors Hub!F185 (vehicle Emission Factors Hub!C156, model year Emission Factors Hub!D185) p. 2; Table 3 Mobile Combustion CH4 and N2O for On-Road Gasoline Vehicles, row ""Gasoline Light-Duty Trucks, 2011"", column ""CH4 Factor (g / mile); N2O Factor (g / mile)"""
epa_hub_mobile,US EPA 2023,petrol:light:Gasoline Light-Duty Trucks:Model year 2012:ch4,0.0096,g/vehicle-mile,"US EPA GHG Emission Factors Hub 2023 (Last Modified: 12 September 2023); Emission Factors Hub!E186, Emission Factors Hub!F186 (vehicle Emission Factors Hub!C156, model year Emission Factors Hub!D186) p. 2; Table 3 Mobile Combustion CH4 and N2O for On-Road Gasoline Vehicles, row ""Gasoline Light-Duty Trucks, 2012"", column ""CH4 Factor (g / mile); N2O Factor (g / mile)"""
epa_hub_mobile,US EPA 2023,petrol:light:Gasoline Light-Duty Trucks:Model year 2012:n2o,0.0033,g/vehicle-mile,"US EPA GHG Emission Factors Hub 2023 (Last Modified: 12 September 2023); Emission Factors Hub!E186, Emission Factors Hub!F186 (vehicle Emission Factors Hub!C156, model year Emission Factors Hub!D186) p. 2; Table 3 Mobile Combustion CH4 and N2O for On-Road Gasoline Vehicles, row ""Gasoline Light-Duty Trucks, 2012"", column ""CH4 Factor (g / mile); N2O Factor (g / mile)"""
epa_hub_mobile,US EPA 2023,petrol:light:Gasoline Light-Duty Trucks:Model year 2013:ch4,0.0095,g/vehicle-mile,"US EPA GHG Emission Factors Hub 2023 (Last Modified: 12 September 2023); Emission Factors Hub!E187, Emission Factors Hub!F187 (vehicle Emission Factors Hub!C156, model year Emission Factors Hub!D187) p. 2; Table 3 Mobile Combustion CH4 and N2O for On-Road Gasoline Vehicles, row ""Gasoline Light-Duty Trucks, 2013"", column ""CH4 Factor (g / mile); N2O Factor (g / mile)"""
epa_hub_mobile,US EPA 2023,petrol:light:Gasoline Light-Duty Trucks:Model year 2013:n2o,0.0035,g/vehicle-mile,"US EPA GHG Emission Factors Hub 2023 (Last Modified: 12 September 2023); Emission Factors Hub!E187, Emission Factors Hub!F187 (vehicle Emission Factors Hub!C156, model year Emission Factors Hub!D187) p. 2; Table 3 Mobile Combustion CH4 and N2O for On-Road Gasoline Vehicles, row ""Gasoline Light-Duty Trucks, 2013"", column ""CH4 Factor (g / mile); N2O Factor (g / mile)"""
epa_hub_mobile,US EPA 2023,petrol:light:Gasoline Light-Duty Trucks:Model year 2014:ch4,0.0095,g/vehicle-mile,"US EPA GHG Emission Factors Hub 2023 (Last Modified: 12 September 2023); Emission Factors Hub!E188, Emission Factors Hub!F188 (vehicle Emission Factors Hub!C156, model year Emission Factors Hub!D188) p. 2; Table 3 Mobile Combustion CH4 and N2O for On-Road Gasoline Vehicles, row ""Gasoline Light-Duty Trucks, 2014"", column ""CH4 Factor (g / mile); N2O Factor (g / mile)"""
epa_hub_mobile,US EPA 2023,petrol:light:Gasoline Light-Duty Trucks:Model year 2014:n2o,0.0033,g/vehicle-mile,"US EPA GHG Emission Factors Hub 2023 (Last Modified: 12 September 2023); Emission Factors Hub!E188, Emission Factors Hub!F188 (vehicle Emission Factors Hub!C156, model year Emission Factors Hub!D188) p. 2; Table 3 Mobile Combustion CH4 and N2O for On-Road Gasoline Vehicles, row ""Gasoline Light-Duty Trucks, 2014"", column ""CH4 Factor (g / mile); N2O Factor (g / mile)"""
epa_hub_mobile,US EPA 2023,petrol:light:Gasoline Light-Duty Trucks:Model year 2015:ch4,0.0094,g/vehicle-mile,"US EPA GHG Emission Factors Hub 2023 (Last Modified: 12 September 2023); Emission Factors Hub!E189, Emission Factors Hub!F189 (vehicle Emission Factors Hub!C156, model year Emission Factors Hub!D189) p. 2; Table 3 Mobile Combustion CH4 and N2O for On-Road Gasoline Vehicles, row ""Gasoline Light-Duty Trucks, 2015"", column ""CH4 Factor (g / mile); N2O Factor (g / mile)"""
epa_hub_mobile,US EPA 2023,petrol:light:Gasoline Light-Duty Trucks:Model year 2015:n2o,0.0031,g/vehicle-mile,"US EPA GHG Emission Factors Hub 2023 (Last Modified: 12 September 2023); Emission Factors Hub!E189, Emission Factors Hub!F189 (vehicle Emission Factors Hub!C156, model year Emission Factors Hub!D189) p. 2; Table 3 Mobile Combustion CH4 and N2O for On-Road Gasoline Vehicles, row ""Gasoline Light-Duty Trucks, 2015"", column ""CH4 Factor (g / mile); N2O Factor (g / mile)"""
epa_hub_mobile,US EPA 2023,petrol:light:Gasoline Light-Duty Trucks:Model year 2016:ch4,0.0091,g/vehicle-mile,"US EPA GHG Emission Factors Hub 2023 (Last Modified: 12 September 2023); Emission Factors Hub!E190, Emission Factors Hub!F190 (vehicle Emission Factors Hub!C156, model year Emission Factors Hub!D190) p. 2; Table 3 Mobile Combustion CH4 and N2O for On-Road Gasoline Vehicles, row ""Gasoline Light-Duty Trucks, 2016"", column ""CH4 Factor (g / mile); N2O Factor (g / mile)"""
epa_hub_mobile,US EPA 2023,petrol:light:Gasoline Light-Duty Trucks:Model year 2016:n2o,0.0029,g/vehicle-mile,"US EPA GHG Emission Factors Hub 2023 (Last Modified: 12 September 2023); Emission Factors Hub!E190, Emission Factors Hub!F190 (vehicle Emission Factors Hub!C156, model year Emission Factors Hub!D190) p. 2; Table 3 Mobile Combustion CH4 and N2O for On-Road Gasoline Vehicles, row ""Gasoline Light-Duty Trucks, 2016"", column ""CH4 Factor (g / mile); N2O Factor (g / mile)"""
epa_hub_mobile,US EPA 2023,petrol:light:Gasoline Light-Duty Trucks:Model year 2017:ch4,0.0084,g/vehicle-mile,"US EPA GHG Emission Factors Hub 2023 (Last Modified: 12 September 2023); Emission Factors Hub!E191, Emission Factors Hub!F191 (vehicle Emission Factors Hub!C156, model year Emission Factors Hub!D191) p. 2; Table 3 Mobile Combustion CH4 and N2O for On-Road Gasoline Vehicles, row ""Gasoline Light-Duty Trucks, 2017"", column ""CH4 Factor (g / mile); N2O Factor (g / mile)"""
epa_hub_mobile,US EPA 2023,petrol:light:Gasoline Light-Duty Trucks:Model year 2017:n2o,0.0018,g/vehicle-mile,"US EPA GHG Emission Factors Hub 2023 (Last Modified: 12 September 2023); Emission Factors Hub!E191, Emission Factors Hub!F191 (vehicle Emission Factors Hub!C156, model year Emission Factors Hub!D191) p. 2; Table 3 Mobile Combustion CH4 and N2O for On-Road Gasoline Vehicles, row ""Gasoline Light-Duty Trucks, 2017"", column ""CH4 Factor (g / mile); N2O Factor (g / mile)"""
epa_hub_mobile,US EPA 2023,petrol:light:Gasoline Light-Duty Trucks:Model year 2018:ch4,0.0081,g/vehicle-mile,"US EPA GHG Emission Factors Hub 2023 (Last Modified: 12 September 2023); Emission Factors Hub!E192, Emission Factors Hub!F192 (vehicle Emission Factors Hub!C156, model year Emission Factors Hub!D192) p. 2; Table 3 Mobile Combustion CH4 and N2O for On-Road Gasoline Vehicles, row ""Gasoline Light-Duty Trucks, 2018"", column ""CH4 Factor (g / mile); N2O Factor (g / mile)"""
epa_hub_mobile,US EPA 2023,petrol:light:Gasoline Light-Duty Trucks:Model year 2018:n2o,0.0015,g/vehicle-mile,"US EPA GHG Emission Factors Hub 2023 (Last Modified: 12 September 2023); Emission Factors Hub!E192, Emission Factors Hub!F192 (vehicle Emission Factors Hub!C156, model year Emission Factors Hub!D192) p. 2; Table 3 Mobile Combustion CH4 and N2O for On-Road Gasoline Vehicles, row ""Gasoline Light-Duty Trucks, 2018"", column ""CH4 Factor (g / mile); N2O Factor (g / mile)"""
epa_hub_mobile,US EPA 2023,petrol:light:Gasoline Light-Duty Trucks:Model year 2019:ch4,0.008,g/vehicle-mile,"US EPA GHG Emission Factors Hub 2023 (Last Modified: 12 September 2023); Emission Factors Hub!E193, Emission Factors Hub!F193 (vehicle Emission Factors Hub!C156, model year Emission Factors Hub!D193) p. 2; Table 3 Mobile Combustion CH4 and N2O for On-Road Gasoline Vehicles, row ""Gasoline Light-Duty Trucks, 2019"", column ""CH4 Factor (g / mile); N2O Factor (g / mile)"""
epa_hub_mobile,US EPA 2023,petrol:light:Gasoline Light-Duty Trucks:Model year 2019:n2o,0.0013,g/vehicle-mile,"US EPA GHG Emission Factors Hub 2023 (Last Modified: 12 September 2023); Emission Factors Hub!E193, Emission Factors Hub!F193 (vehicle Emission Factors Hub!C156, model year Emission Factors Hub!D193) p. 2; Table 3 Mobile Combustion CH4 and N2O for On-Road Gasoline Vehicles, row ""Gasoline Light-Duty Trucks, 2019"", column ""CH4 Factor (g / mile); N2O Factor (g / mile)"""
epa_hub_mobile,US EPA 2023,petrol:light:Gasoline Light-Duty Trucks:Model year 2020:ch4,0.0079,g/vehicle-mile,"US EPA GHG Emission Factors Hub 2023 (Last Modified: 12 September 2023); Emission Factors Hub!E194, Emission Factors Hub!F194 (vehicle Emission Factors Hub!C156, model year Emission Factors Hub!D194) p. 2; Table 3 Mobile Combustion CH4 and N2O for On-Road Gasoline Vehicles, row ""Gasoline Light-Duty Trucks, 2020"", column ""CH4 Factor (g / mile); N2O Factor (g / mile)"""
epa_hub_mobile,US EPA 2023,petrol:light:Gasoline Light-Duty Trucks:Model year 2020:n2o,0.0012,g/vehicle-mile,"US EPA GHG Emission Factors Hub 2023 (Last Modified: 12 September 2023); Emission Factors Hub!E194, Emission Factors Hub!F194 (vehicle Emission Factors Hub!C156, model year Emission Factors Hub!D194) p. 2; Table 3 Mobile Combustion CH4 and N2O for On-Road Gasoline Vehicles, row ""Gasoline Light-Duty Trucks, 2020"", column ""CH4 Factor (g / mile); N2O Factor (g / mile)"""
epa_hub_mobile,US EPA 2023,petrol:heavy:Gasoline Heavy-Duty Vehicles:Model year ≤1980:ch4,0.4604,g/vehicle-mile,"US EPA GHG Emission Factors Hub 2023 (Last Modified: 12 September 2023); Emission Factors Hub!E195, Emission Factors Hub!F195 (vehicle Emission Factors Hub!C195, model year Emission Factors Hub!D195) p. 2; Table 3 Mobile Combustion CH4 and N2O for On-Road Gasoline Vehicles, row ""Gasoline Heavy-Duty Vehicles, ≤1980"", column ""CH4 Factor (g / mile); N2O Factor (g / mile)"""
epa_hub_mobile,US EPA 2023,petrol:heavy:Gasoline Heavy-Duty Vehicles:Model year ≤1980:n2o,0.0497,g/vehicle-mile,"US EPA GHG Emission Factors Hub 2023 (Last Modified: 12 September 2023); Emission Factors Hub!E195, Emission Factors Hub!F195 (vehicle Emission Factors Hub!C195, model year Emission Factors Hub!D195) p. 2; Table 3 Mobile Combustion CH4 and N2O for On-Road Gasoline Vehicles, row ""Gasoline Heavy-Duty Vehicles, ≤1980"", column ""CH4 Factor (g / mile); N2O Factor (g / mile)"""
epa_hub_mobile,US EPA 2023,petrol:heavy:Gasoline Heavy-Duty Vehicles:Model year 1981-1984:ch4,0.4492,g/vehicle-mile,"US EPA GHG Emission Factors Hub 2023 (Last Modified: 12 September 2023); Emission Factors Hub!E196, Emission Factors Hub!F196 (vehicle Emission Factors Hub!C195, model year Emission Factors Hub!D196) p. 2; Table 3 Mobile Combustion CH4 and N2O for On-Road Gasoline Vehicles, row ""Gasoline Heavy-Duty Vehicles, 1981-1984"", column ""CH4 Factor (g / mile); N2O Factor (g / mile)"""
epa_hub_mobile,US EPA 2023,petrol:heavy:Gasoline Heavy-Duty Vehicles:Model year 1981-1984:n2o,0.0538,g/vehicle-mile,"US EPA GHG Emission Factors Hub 2023 (Last Modified: 12 September 2023); Emission Factors Hub!E196, Emission Factors Hub!F196 (vehicle Emission Factors Hub!C195, model year Emission Factors Hub!D196) p. 2; Table 3 Mobile Combustion CH4 and N2O for On-Road Gasoline Vehicles, row ""Gasoline Heavy-Duty Vehicles, 1981-1984"", column ""CH4 Factor (g / mile); N2O Factor (g / mile)"""
epa_hub_mobile,US EPA 2023,petrol:heavy:Gasoline Heavy-Duty Vehicles:Model year 1985-1986:ch4,0.409,g/vehicle-mile,"US EPA GHG Emission Factors Hub 2023 (Last Modified: 12 September 2023); Emission Factors Hub!E197, Emission Factors Hub!F197 (vehicle Emission Factors Hub!C195, model year Emission Factors Hub!D197) p. 2; Table 3 Mobile Combustion CH4 and N2O for On-Road Gasoline Vehicles, row ""Gasoline Heavy-Duty Vehicles, 1985-1986"", column ""CH4 Factor (g / mile); N2O Factor (g / mile)"""
epa_hub_mobile,US EPA 2023,petrol:heavy:Gasoline Heavy-Duty Vehicles:Model year 1985-1986:n2o,0.0515,g/vehicle-mile,"US EPA GHG Emission Factors Hub 2023 (Last Modified: 12 September 2023); Emission Factors Hub!E197, Emission Factors Hub!F197 (vehicle Emission Factors Hub!C195, model year Emission Factors Hub!D197) p. 2; Table 3 Mobile Combustion CH4 and N2O for On-Road Gasoline Vehicles, row ""Gasoline Heavy-Duty Vehicles, 1985-1986"", column ""CH4 Factor (g / mile); N2O Factor (g / mile)"""
epa_hub_mobile,US EPA 2023,petrol:heavy:Gasoline Heavy-Duty Vehicles:Model year 1987:ch4,0.3675,g/vehicle-mile,"US EPA GHG Emission Factors Hub 2023 (Last Modified: 12 September 2023); Emission Factors Hub!E198, Emission Factors Hub!F198 (vehicle Emission Factors Hub!C195, model year Emission Factors Hub!D198) p. 2; Table 3 Mobile Combustion CH4 and N2O for On-Road Gasoline Vehicles, row ""Gasoline Heavy-Duty Vehicles, 1987"", column ""CH4 Factor (g / mile); N2O Factor (g / mile)"""
epa_hub_mobile,US EPA 2023,petrol:heavy:Gasoline Heavy-Duty Vehicles:Model year 1987:n2o,0.0849,g/vehicle-mile,"US EPA GHG Emission Factors Hub 2023 (Last Modified: 12 September 2023); Emission Factors Hub!E198, Emission Factors Hub!F198 (vehicle Emission Factors Hub!C195, model year Emission Factors Hub!D198) p. 2; Table 3 Mobile Combustion CH4 and N2O for On-Road Gasoline Vehicles, row ""Gasoline Heavy-Duty Vehicles, 1987"", column ""CH4 Factor (g / mile); N2O Factor (g / mile)"""
epa_hub_mobile,US EPA 2023,petrol:heavy:Gasoline Heavy-Duty Vehicles:Model year 1988-1989:ch4,0.3492,g/vehicle-mile,"US EPA GHG Emission Factors Hub 2023 (Last Modified: 12 September 2023); Emission Factors Hub!E199, Emission Factors Hub!F199 (vehicle Emission Factors Hub!C195, model year Emission Factors Hub!D199) p. 2; Table 3 Mobile Combustion CH4 and N2O for On-Road Gasoline Vehicles, row ""Gasoline Heavy-Duty Vehicles, 1988-1989"", column ""CH4 Factor (g / mile); N2O Factor (g / mile)"""
epa_hub_mobile,US EPA 2023,petrol:heavy:Gasoline Heavy-Duty Vehicles:Model year 1988-1989:n2o,0.0933,g/vehicle-mile,"US EPA GHG Emission Factors Hub 2023 (Last Modified: 12 September 2023); Emission Factors Hub!E199, Emission Factors Hub!F199 (vehicle Emission Factors Hub!C195, model year Emission Factors Hub!D199) p. 2; Table 3 Mobile Combustion CH4 and N2O for On-Road Gasoline Vehicles, row ""Gasoline Heavy-Duty Vehicles, 1988-1989"", column ""CH4 Factor (g / mile); N2O Factor (g / mile)"""
epa_hub_mobile,US EPA 2023,petrol:heavy:Gasoline Heavy-Duty Vehicles:Model year 1990-1995:ch4,0.3246,g/vehicle-mile,"US EPA GHG Emission Factors Hub 2023 (Last Modified: 12 September 2023); Emission Factors Hub!E200, Emission Factors Hub!F200 (vehicle Emission Factors Hub!C195, model year Emission Factors Hub!D200) p. 2; Table 3 Mobile Combustion CH4 and N2O for On-Road Gasoline Vehicles, row ""Gasoline Heavy-Duty Vehicles, 1990-1995"", column ""CH4 Factor (g / mile); N2O Factor (g / mile)"""
epa_hub_mobile,US EPA 2023,petrol:heavy:Gasoline Heavy-Duty Vehicles:Model year 1990-1995:n2o,0.1142,g/vehicle-mile,"US EPA GHG Emission Factors Hub 2023 (Last Modified: 12 September 2023); Emission Factors Hub!E200, Emission Factors Hub!F200 (vehicle Emission Factors Hub!C195, model year Emission Factors Hub!D200) p. 2; Table 3 Mobile Combustion CH4 and N2O for On-Road Gasoline Vehicles, row ""Gasoline Heavy-Duty Vehicles, 1990-1995"", column ""CH4 Factor (g / mile); N2O Factor (g / mile)"""
epa_hub_mobile,US EPA 2023,petrol:heavy:Gasoline Heavy-Duty Vehicles:Model year 1996:ch4,0.1278,g/vehicle-mile,"US EPA GHG Emission Factors Hub 2023 (Last Modified: 12 September 2023); Emission Factors Hub!E201, Emission Factors Hub!F201 (vehicle Emission Factors Hub!C195, model year Emission Factors Hub!D201) p. 2; Table 3 Mobile Combustion CH4 and N2O for On-Road Gasoline Vehicles, row ""Gasoline Heavy-Duty Vehicles, 1996"", column ""CH4 Factor (g / mile); N2O Factor (g / mile)"""
epa_hub_mobile,US EPA 2023,petrol:heavy:Gasoline Heavy-Duty Vehicles:Model year 1996:n2o,0.168,g/vehicle-mile,"US EPA GHG Emission Factors Hub 2023 (Last Modified: 12 September 2023); Emission Factors Hub!E201, Emission Factors Hub!F201 (vehicle Emission Factors Hub!C195, model year Emission Factors Hub!D201) p. 2; Table 3 Mobile Combustion CH4 and N2O for On-Road Gasoline Vehicles, row ""Gasoline Heavy-Duty Vehicles, 1996"", column ""CH4 Factor (g / mile); N2O Factor (g / mile)"""
epa_hub_mobile,US EPA 2023,petrol:heavy:Gasoline Heavy-Duty Vehicles:Model year 1997:ch4,0.0924,g/vehicle-mile,"US EPA GHG Emission Factors Hub 2023 (Last Modified: 12 September 2023); Emission Factors Hub!E202, Emission Factors Hub!F202 (vehicle Emission Factors Hub!C195, model year Emission Factors Hub!D202) p. 2; Table 3 Mobile Combustion CH4 and N2O for On-Road Gasoline Vehicles, row ""Gasoline Heavy-Duty Vehicles, 1997"", column ""CH4 Factor (g / mile); N2O Factor (g / mile)"""
epa_hub_mobile,US EPA 2023,petrol:heavy:Gasoline Heavy-Duty Vehicles:Model year 1997:n2o,0.1726,g/vehicle-mile,"US EPA GHG Emission Factors Hub 2023 (Last Modified: 12 September 2023); Emission Factors Hub!E202, Emission Factors Hub!F202 (vehicle Emission Factors Hub!C195, model year Emission Factors Hub!D202) p. 2; Table 3 Mobile Combustion CH4 and N2O for On-Road Gasoline Vehicles, row ""Gasoline Heavy-Duty Vehicles, 1997"", column ""CH4 Factor (g / mile); N2O Factor (g / mile)"""
epa_hub_mobile,US EPA 2023,petrol:heavy:Gasoline Heavy-Duty Vehicles:Model year 1998:ch4,0.0655,g/vehicle-mile,"US EPA GHG Emission Factors Hub 2023 (Last Modified: 12 September 2023); Emission Factors Hub!E203, Emission Factors Hub!F203 (vehicle Emission Factors Hub!C195, model year Emission Factors Hub!D203) p. 2; Table 3 Mobile Combustion CH4 and N2O for On-Road Gasoline Vehicles, row ""Gasoline Heavy-Duty Vehicles, 1998"", column ""CH4 Factor (g / mile); N2O Factor (g / mile)"""
epa_hub_mobile,US EPA 2023,petrol:heavy:Gasoline Heavy-Duty Vehicles:Model year 1998:n2o,0.175,g/vehicle-mile,"US EPA GHG Emission Factors Hub 2023 (Last Modified: 12 September 2023); Emission Factors Hub!E203, Emission Factors Hub!F203 (vehicle Emission Factors Hub!C195, model year Emission Factors Hub!D203) p. 2; Table 3 Mobile Combustion CH4 and N2O for On-Road Gasoline Vehicles, row ""Gasoline Heavy-Duty Vehicles, 1998"", column ""CH4 Factor (g / mile); N2O Factor (g / mile)"""
epa_hub_mobile,US EPA 2023,petrol:heavy:Gasoline Heavy-Duty Vehicles:Model year 1999:ch4,0.0648,g/vehicle-mile,"US EPA GHG Emission Factors Hub 2023 (Last Modified: 12 September 2023); Emission Factors Hub!E204, Emission Factors Hub!F204 (vehicle Emission Factors Hub!C195, model year Emission Factors Hub!D204) p. 2; Table 3 Mobile Combustion CH4 and N2O for On-Road Gasoline Vehicles, row ""Gasoline Heavy-Duty Vehicles, 1999"", column ""CH4 Factor (g / mile); N2O Factor (g / mile)"""
epa_hub_mobile,US EPA 2023,petrol:heavy:Gasoline Heavy-Duty Vehicles:Model year 1999:n2o,0.1724,g/vehicle-mile,"US EPA GHG Emission Factors Hub 2023 (Last Modified: 12 September 2023); Emission Factors Hub!E204, Emission Factors Hub!F204 (vehicle Emission Factors Hub!C195, model year Emission Factors Hub!D204) p. 2; Table 3 Mobile Combustion CH4 and N2O for On-Road Gasoline Vehicles, row ""Gasoline Heavy-Duty Vehicles, 1999"", column ""CH4 Factor (g / mile); N2O Factor (g / mile)"""
epa_hub_mobile,US EPA 2023,petrol:heavy:Gasoline Heavy-Duty Vehicles:Model year 2000:ch4,0.063,g/vehicle-mile,"US EPA GHG Emission Factors Hub 2023 (Last Modified: 12 September 2023); Emission Factors Hub!E205, Emission Factors Hub!F205 (vehicle Emission Factors Hub!C195, model year Emission Factors Hub!D205) p. 2; Table 3 Mobile Combustion CH4 and N2O for On-Road Gasoline Vehicles, row ""Gasoline Heavy-Duty Vehicles, 2000"", column ""CH4 Factor (g / mile); N2O Factor (g / mile)"""
epa_hub_mobile,US EPA 2023,petrol:heavy:Gasoline Heavy-Duty Vehicles:Model year 2000:n2o,0.166,g/vehicle-mile,"US EPA GHG Emission Factors Hub 2023 (Last Modified: 12 September 2023); Emission Factors Hub!E205, Emission Factors Hub!F205 (vehicle Emission Factors Hub!C195, model year Emission Factors Hub!D205) p. 2; Table 3 Mobile Combustion CH4 and N2O for On-Road Gasoline Vehicles, row ""Gasoline Heavy-Duty Vehicles, 2000"", column ""CH4 Factor (g / mile); N2O Factor (g / mile)"""
epa_hub_mobile,US EPA 2023,petrol:heavy:Gasoline Heavy-Duty Vehicles:Model year 2001:ch4,0.0577,g/vehicle-mile,"US EPA GHG Emission Factors Hub 2023 (Last Modified: 12 September 2023); Emission Factors Hub!E206, Emission Factors Hub!F206 (vehicle Emission Factors Hub!C195, model year Emission Factors Hub!D206) p. 2; Table 3 Mobile Combustion CH4 and N2O for On-Road Gasoline Vehicles, row ""Gasoline Heavy-Duty Vehicles, 2001"", column ""CH4 Factor (g / mile); N2O Factor (g / mile)"""
epa_hub_mobile,US EPA 2023,petrol:heavy:Gasoline Heavy-Duty Vehicles:Model year 2001:n2o,0.1468,g/vehicle-mile,"US EPA GHG Emission Factors Hub 2023 (Last Modified: 12 September 2023); Emission Factors Hub!E206, Emission Factors Hub!F206 (vehicle Emission Factors Hub!C195, model year Emission Factors Hub!D206) p. 2; Table 3 Mobile Combustion CH4 and N2O for On-Road Gasoline Vehicles, row ""Gasoline Heavy-Duty Vehicles, 2001"", column ""CH4 Factor (g / mile); N2O Factor (g / mile)"""
epa_hub_mobile,US EPA 2023,petrol:heavy:Gasoline Heavy-Duty Vehicles:Model year 2002:ch4,0.0634,g/vehicle-mile,"US EPA GHG Emission Factors Hub 2023 (Last Modified: 12 September 2023); Emission Factors Hub!E207, Emission Factors Hub!F207 (vehicle Emission Factors Hub!C195, model year Emission Factors Hub!D207) p. 2; Table 3 Mobile Combustion CH4 and N2O for On-Road Gasoline Vehicles, row ""Gasoline Heavy-Duty Vehicles, 2002"", column ""CH4 Factor (g / mile); N2O Factor (g / mile)"""
epa_hub_mobile,US EPA 2023,petrol:heavy:Gasoline Heavy-Duty Vehicles:Model year 2002:n2o,0.1673,g/vehicle-mile,"US EPA GHG Emission Factors Hub 2023 (Last Modified: 12 September 2023); Emission Factors Hub!E207, Emission Factors Hub!F207 (vehicle Emission Factors Hub!C195, model year Emission Factors Hub!D207) p. 2; Table 3 Mobile Combustion CH4 and N2O for On-Road Gasoline Vehicles, row ""Gasoline Heavy-Duty Vehicles, 2002"", column ""CH4 Factor (g / mile); N2O Factor (g / mile)"""
epa_hub_mobile,US EPA 2023,petrol:heavy:Gasoline Heavy-Duty Vehicles:Model year 2003:ch4,0.0602,g/vehicle-mile,"US EPA GHG Emission Factors Hub 2023 (Last Modified: 12 September 2023); Emission Factors Hub!E208, Emission Factors Hub!F208 (vehicle Emission Factors Hub!C195, model year Emission Factors Hub!D208) p. 2; Table 3 Mobile Combustion CH4 and N2O for On-Road Gasoline Vehicles, row ""Gasoline Heavy-Duty Vehicles, 2003"", column ""CH4 Factor (g / mile); N2O Factor (g / mile)"""
epa_hub_mobile,US EPA 2023,petrol:heavy:Gasoline Heavy-Duty Vehicles:Model year 2003:n2o,0.1553,g/vehicle-mile,"US EPA GHG Emission Factors Hub 2023 (Last Modified: 12 September 2023); Emission Factors Hub!E208, Emission Factors Hub!F208 (vehicle Emission Factors Hub!C195, model year Emission Factors Hub!D208) p. 2; Table 3 Mobile Combustion CH4 and N2O for On-Road Gasoline Vehicles, row ""Gasoline Heavy-Duty Vehicles, 2003"", column ""CH4 Factor (g / mile); N2O Factor (g / mile)"""
epa_hub_mobile,US EPA 2023,petrol:heavy:Gasoline Heavy-Duty Vehicles:Model year 2004:ch4,0.0298,g/vehicle-mile,"US EPA GHG Emission Factors Hub 2023 (Last Modified: 12 September 2023); Emission Factors Hub!E209, Emission Factors Hub!F209 (vehicle Emission Factors Hub!C195, model year Emission Factors Hub!D209) p. 2; Table 3 Mobile Combustion CH4 and N2O for On-Road Gasoline Vehicles, row ""Gasoline Heavy-Duty Vehicles, 2004"", column ""CH4 Factor (g / mile); N2O Factor (g / mile)"""
epa_hub_mobile,US EPA 2023,petrol:heavy:Gasoline Heavy-Duty Vehicles:Model year 2004:n2o,0.0164,g/vehicle-mile,"US EPA GHG Emission Factors Hub 2023 (Last Modified: 12 September 2023); Emission Factors Hub!E209, Emission Factors Hub!F209 (vehicle Emission Factors Hub!C195, model year Emission Factors Hub!D209) p. 2; Table 3 Mobile Combustion CH4 and N2O for On-Road Gasoline Vehicles, row ""Gasoline Heavy-Duty Vehicles, 2004"", column ""CH4 Factor (g / mile); N2O Factor (g / mile)"""
epa_hub_mobile,US EPA 2023,petrol:heavy:Gasoline Heavy-Duty Vehicles:Model year 2005:ch4,0.0297,g/vehicle-mile,"US EPA GHG Emission Factors Hub 2023 (Last Modified: 12 September 2023); Emission Factors Hub!E210, Emission Factors Hub!F210 (vehicle Emission Factors Hub!C195, model year Emission Factors Hub!D210) p. 2; Table 3 Mobile Combustion CH4 and N2O for On-Road Gasoline Vehicles, row ""Gasoline Heavy-Duty Vehicles, 2005"", column ""CH4 Factor (g / mile); N2O Factor (g / mile)"""
epa_hub_mobile,US EPA 2023,petrol:heavy:Gasoline Heavy-Duty Vehicles:Model year 2005:n2o,0.0083,g/vehicle-mile,"US EPA GHG Emission Factors Hub 2023 (Last Modified: 12 September 2023); Emission Factors Hub!E210, Emission Factors Hub!F210 (vehicle Emission Factors Hub!C195, model year Emission Factors Hub!D210) p. 2; Table 3 Mobile Combustion CH4 and N2O for On-Road Gasoline Vehicles, row ""Gasoline Heavy-Duty Vehicles, 2005"", column ""CH4 Factor (g / mile); N2O Factor (g / mile)"""
epa_hub_mobile,US EPA 2023,petrol:heavy:Gasoline Heavy-Duty Vehicles:Model year 2006:ch4,0.0299,g/vehicle-mile,"US EPA GHG Emission Factors Hub 2023 (Last Modified: 12 September 2023); Emission Factors Hub!E211, Emission Factors Hub!F211 (vehicle Emission Factors Hub!C195, model year Emission Factors Hub!D211) p. 2; Table 3 Mobile Combustion CH4 and N2O for On-Road Gasoline Vehicles, row ""Gasoline Heavy-Duty Vehicles, 2006"", column ""CH4 Factor (g / mile); N2O Factor (g / mile)"""
epa_hub_mobile,US EPA 2023,petrol:heavy:Gasoline Heavy-Duty Vehicles:Model year 2006:n2o,0.0241,g/vehicle-mile,"US EPA GHG Emission Factors Hub 2023 (Last Modified: 12 September 2023); Emission Factors Hub!E211, Emission Factors Hub!F211 (vehicle Emission Factors Hub!C195, model year Emission Factors Hub!D211) p. 2; Table 3 Mobile Combustion CH4 and N2O for On-Road Gasoline Vehicles, row ""Gasoline Heavy-Duty Vehicles, 2006"", column ""CH4 Factor (g / mile); N2O Factor (g / mile)"""
epa_hub_mobile,US EPA 2023,petrol:heavy:Gasoline Heavy-Duty Vehicles:Model year 2007:ch4,0.0322,g/vehicle-mile,"US EPA GHG Emission Factors Hub 2023 (Last Modified: 12 September 2023); Emission Factors Hub!E212, Emission Factors Hub!F212 (vehicle Emission Factors Hub!C195, model year Emission Factors Hub!D212) p. 2; Table 3 Mobile Combustion CH4 and N2O for On-Road Gasoline Vehicles, row ""Gasoline Heavy-Duty Vehicles, 2007"", column ""CH4 Factor (g / mile); N2O Factor (g / mile)"""
epa_hub_mobile,US EPA 2023,petrol:heavy:Gasoline Heavy-Duty Vehicles:Model year 2007:n2o,0.0015,g/vehicle-mile,"US EPA GHG Emission Factors Hub 2023 (Last Modified: 12 September 2023); Emission Factors Hub!E212, Emission Factors Hub!F212 (vehicle Emission Factors Hub!C195, model year Emission Factors Hub!D212) p. 2; Table 3 Mobile Combustion CH4 and N2O for On-Road Gasoline Vehicles, row ""Gasoline Heavy-Duty Vehicles, 2007"", column ""CH4 Factor (g / mile); N2O Factor (g / mile)"""
epa_hub_mobile,US EPA 2023,petrol:heavy:Gasoline Heavy-Duty Vehicles:Model year 2008:ch4,0.034,g/vehicle-mile,"US EPA GHG Emission Factors Hub 2023 (Last Modified: 12 September 2023); Emission Factors Hub!E213, Emission Factors Hub!F213 (vehicle Emission Factors Hub!C195, model year Emission Factors Hub!D213) p. 2; Table 3 Mobile Combustion CH4 and N2O for On-Road Gasoline Vehicles, row ""Gasoline Heavy-Duty Vehicles, 2008"", column ""CH4 Factor (g / mile); N2O Factor (g / mile)"""
epa_hub_mobile,US EPA 2023,petrol:heavy:Gasoline Heavy-Duty Vehicles:Model year 2008:n2o,0.0015,g/vehicle-mile,"US EPA GHG Emission Factors Hub 2023 (Last Modified: 12 September 2023); Emission Factors Hub!E213, Emission Factors Hub!F213 (vehicle Emission Factors Hub!C195, model year Emission Factors Hub!D213) p. 2; Table 3 Mobile Combustion CH4 and N2O for On-Road Gasoline Vehicles, row ""Gasoline Heavy-Duty Vehicles, 2008"", column ""CH4 Factor (g / mile); N2O Factor (g / mile)"""
epa_hub_mobile,US EPA 2023,petrol:heavy:Gasoline Heavy-Duty Vehicles:Model year 2009:ch4,0.0339,g/vehicle-mile,"US EPA GHG Emission Factors Hub 2023 (Last Modified: 12 September 2023); Emission Factors Hub!E214, Emission Factors Hub!F214 (vehicle Emission Factors Hub!C195, model year Emission Factors Hub!D214) p. 2; Table 3 Mobile Combustion CH4 and N2O for On-Road Gasoline Vehicles, row ""Gasoline Heavy-Duty Vehicles, 2009"", column ""CH4 Factor (g / mile); N2O Factor (g / mile)"""
epa_hub_mobile,US EPA 2023,petrol:heavy:Gasoline Heavy-Duty Vehicles:Model year 2009:n2o,0.0015,g/vehicle-mile,"US EPA GHG Emission Factors Hub 2023 (Last Modified: 12 September 2023); Emission Factors Hub!E214, Emission Factors Hub!F214 (vehicle Emission Factors Hub!C195, model year Emission Factors Hub!D214) p. 2; Table 3 Mobile Combustion CH4 and N2O for On-Road Gasoline Vehicles, row ""Gasoline Heavy-Duty Vehicles, 2009"", column ""CH4 Factor (g / mile); N2O Factor (g / mile)"""
epa_hub_mobile,US EPA 2023,petrol:heavy:Gasoline Heavy-Duty Vehicles:Model year 2010:ch4,0.032,g/vehicle-mile,"US EPA GHG Emission Factors Hub 2023 (Last Modified: 12 September 2023); Emission Factors Hub!E215, Emission Factors Hub!F215 (vehicle Emission Factors Hub!C195, model year Emission Factors Hub!D215) p. 2; Table 3 Mobile Combustion CH4 and N2O for On-Road Gasoline Vehicles, row ""Gasoline Heavy-Duty Vehicles, 2010"", column ""CH4 Factor (g / mile); N2O Factor (g / mile)"""
epa_hub_mobile,US EPA 2023,petrol:heavy:Gasoline Heavy-Duty Vehicles:Model year 2010:n2o,0.0015,g/vehicle-mile,"US EPA GHG Emission Factors Hub 2023 (Last Modified: 12 September 2023); Emission Factors Hub!E215, Emission Factors Hub!F215 (vehicle Emission Factors Hub!C195, model year Emission Factors Hub!D215) p. 2; Table 3 Mobile Combustion CH4 and N2O for On-Road Gasoline Vehicles, row ""Gasoline Heavy-Duty Vehicles, 2010"", column ""CH4 Factor (g / mile); N2O Factor (g / mile)"""
epa_hub_mobile,US EPA 2023,petrol:heavy:Gasoline Heavy-Duty Vehicles:Model year 2011:ch4,0.0304,g/vehicle-mile,"US EPA GHG Emission Factors Hub 2023 (Last Modified: 12 September 2023); Emission Factors Hub!E216, Emission Factors Hub!F216 (vehicle Emission Factors Hub!C195, model year Emission Factors Hub!D216) p. 2; Table 3 Mobile Combustion CH4 and N2O for On-Road Gasoline Vehicles, row ""Gasoline Heavy-Duty Vehicles, 2011"", column ""CH4 Factor (g / mile); N2O Factor (g / mile)"""
epa_hub_mobile,US EPA 2023,petrol:heavy:Gasoline Heavy-Duty Vehicles:Model year 2011:n2o,0.0015,g/vehicle-mile,"US EPA GHG Emission Factors Hub 2023 (Last Modified: 12 September 2023); Emission Factors Hub!E216, Emission Factors Hub!F216 (vehicle Emission Factors Hub!C195, model year Emission Factors Hub!D216) p. 2; Table 3 Mobile Combustion CH4 and N2O for On-Road Gasoline Vehicles, row ""Gasoline Heavy-Duty Vehicles, 2011"", column ""CH4 Factor (g / mile); N2O Factor (g / mile)"""
epa_hub_mobile,US EPA 2023,petrol:heavy:Gasoline Heavy-Duty Vehicles:Model year 2012:ch4,0.0313,g/vehicle-mile,"US EPA GHG Emission Factors Hub 2023 (Last Modified: 12 September 2023); Emission Factors Hub!E217, Emission Factors Hub!F217 (vehicle Emission Factors Hub!C195, model year Emission Factors Hub!D217) p. 2; Table 3 Mobile Combustion CH4 and N2O for On-Road Gasoline Vehicles, row ""Gasoline Heavy-Duty Vehicles, 2012"", column ""CH4 Factor (g / mile); N2O Factor (g / mile)"""
epa_hub_mobile,US EPA 2023,petrol:heavy:Gasoline Heavy-Duty Vehicles:Model year 2012:n2o,0.0015,g/vehicle-mile,"US EPA GHG Emission Factors Hub 2023 (Last Modified: 12 September 2023); Emission Factors Hub!E217, Emission Factors Hub!F217 (vehicle Emission Factors Hub!C195, model year Emission Factors Hub!D217) p. 2; Table 3 Mobile Combustion CH4 and N2O for On-Road Gasoline Vehicles, row ""Gasoline Heavy-Duty Vehicles, 2012"", column ""CH4 Factor (g / mile); N2O Factor (g / mile)"""
epa_hub_mobile,US EPA 2023,petrol:heavy:Gasoline Heavy-Duty Vehicles:Model year 2013:ch4,0.0313,g/vehicle-mile,"US EPA GHG Emission Factors Hub 2023 (Last Modified: 12 September 2023); Emission Factors Hub!E218, Emission Factors Hub!F218 (vehicle Emission Factors Hub!C195, model year Emission Factors Hub!D218) p. 2; Table 3 Mobile Combustion CH4 and N2O for On-Road Gasoline Vehicles, row ""Gasoline Heavy-Duty Vehicles, 2013"", column ""CH4 Factor (g / mile); N2O Factor (g / mile)"""
epa_hub_mobile,US EPA 2023,petrol:heavy:Gasoline Heavy-Duty Vehicles:Model year 2013:n2o,0.0015,g/vehicle-mile,"US EPA GHG Emission Factors Hub 2023 (Last Modified: 12 September 2023); Emission Factors Hub!E218, Emission Factors Hub!F218 (vehicle Emission Factors Hub!C195, model year Emission Factors Hub!D218) p. 2; Table 3 Mobile Combustion CH4 and N2O for On-Road Gasoline Vehicles, row ""Gasoline Heavy-Duty Vehicles, 2013"", column ""CH4 Factor (g / mile); N2O Factor (g / mile)"""
epa_hub_mobile,US EPA 2023,petrol:heavy:Gasoline Heavy-Duty Vehicles:Model year 2014:ch4,0.0315,g/vehicle-mile,"US EPA GHG Emission Factors Hub 2023 (Last Modified: 12 September 2023); Emission Factors Hub!E219, Emission Factors Hub!F219 (vehicle Emission Factors Hub!C195, model year Emission Factors Hub!D219) p. 2; Table 3 Mobile Combustion CH4 and N2O for On-Road Gasoline Vehicles, row ""Gasoline Heavy-Duty Vehicles, 2014"", column ""CH4 Factor (g / mile); N2O Factor (g / mile)"""
epa_hub_mobile,US EPA 2023,petrol:heavy:Gasoline Heavy-Duty Vehicles:Model year 2014:n2o,0.0015,g/vehicle-mile,"US EPA GHG Emission Factors Hub 2023 (Last Modified: 12 September 2023); Emission Factors Hub!E219, Emission Factors Hub!F219 (vehicle Emission Factors Hub!C195, model year Emission Factors Hub!D219) p. 2; Table 3 Mobile Combustion CH4 and N2O for On-Road Gasoline Vehicles, row ""Gasoline Heavy-Duty Vehicles, 2014"", column ""CH4 Factor (g / mile); N2O Factor (g / mile)"""
epa_hub_mobile,US EPA 2023,petrol:heavy:Gasoline Heavy-Duty Vehicles:Model year 2015:ch4,0.0332,g/vehicle-mile,"US EPA GHG Emission Factors Hub 2023 (Last Modified: 12 September 2023); Emission Factors Hub!E220, Emission Factors Hub!F220 (vehicle Emission Factors Hub!C195, model year Emission Factors Hub!D220) p. 2; Table 3 Mobile Combustion CH4 and N2O for On-Road Gasoline Vehicles, row ""Gasoline Heavy-Duty Vehicles, 2015"", column ""CH4 Factor (g / mile); N2O Factor (g / mile)"""
epa_hub_mobile,US EPA 2023,petrol:heavy:Gasoline Heavy-Duty Vehicles:Model year 2015:n2o,0.0021,g/vehicle-mile,"US EPA GHG Emission Factors Hub 2023 (Last Modified: 12 September 2023); Emission Factors Hub!E220, Emission Factors Hub!F220 (vehicle Emission Factors Hub!C195, model year Emission Factors Hub!D220) p. 2; Table 3 Mobile Combustion CH4 and N2O for On-Road Gasoline Vehicles, row ""Gasoline Heavy-Duty Vehicles, 2015"", column ""CH4 Factor (g / mile); N2O Factor (g / mile)"""
epa_hub_mobile,US EPA 2023,petrol:heavy:Gasoline Heavy-Duty Vehicles:Model year 2016:ch4,0.0321,g/vehicle-mile,"US EPA GHG Emission Factors Hub 2023 (Last Modified: 12 September 2023); Emission Factors Hub!E221, Emission Factors Hub!F221 (vehicle Emission Factors Hub!C195, model year Emission Factors Hub!D221) p. 2; Table 3 Mobile Combustion CH4 and N2O for On-Road Gasoline Vehicles, row ""Gasoline Heavy-Duty Vehicles, 2016"", column ""CH4 Factor (g / mile); N2O Factor (g / mile)"""
epa_hub_mobile,US EPA 2023,petrol:heavy:Gasoline Heavy-Duty Vehicles:Model year 2016:n2o,0.0061,g/vehicle-mile,"US EPA GHG Emission Factors Hub 2023 (Last Modified: 12 September 2023); Emission Factors Hub!E221, Emission Factors Hub!F221 (vehicle Emission Factors Hub!C195, model year Emission Factors Hub!D221) p. 2; Table 3 Mobile Combustion CH4 and N2O for On-Road Gasoline Vehicles, row ""Gasoline Heavy-Duty Vehicles, 2016"", column ""CH4 Factor (g / mile); N2O Factor (g / mile)"""
epa_hub_mobile,US EPA 2023,petrol:heavy:Gasoline Heavy-Duty Vehicles:Model year 2017:ch4,0.0329,g/vehicle-mile,"US EPA GHG Emission Factors Hub 2023 (Last Modified: 12 September 2023); Emission Factors Hub!E222, Emission Factors Hub!F222 (vehicle Emission Factors Hub!C195, model year Emission Factors Hub!D222) p. 2; Table 3 Mobile Combustion CH4 and N2O for On-Road Gasoline Vehicles, row ""Gasoline Heavy-Duty Vehicles, 2017"", column ""CH4 Factor (g / mile); N2O Factor (g / mile)"""
epa_hub_mobile,US EPA 2023,petrol:heavy:Gasoline Heavy-Duty Vehicles:Model year 2017:n2o,0.0084,g/vehicle-mile,"US EPA GHG Emission Factors Hub 2023 (Last Modified: 12 September 2023); Emission Factors Hub!E222, Emission Factors Hub!F222 (vehicle Emission Factors Hub!C195, model year Emission Factors Hub!D222) p. 2; Table 3 Mobile Combustion CH4 and N2O for On-Road Gasoline Vehicles, row ""Gasoline Heavy-Duty Vehicles, 2017"", column ""CH4 Factor (g / mile); N2O Factor (g / mile)"""
epa_hub_mobile,US EPA 2023,petrol:heavy:Gasoline Heavy-Duty Vehicles:Model year 2018:ch4,0.0326,g/vehicle-mile,"US EPA GHG Emission Factors Hub 2023 (Last Modified: 12 September 2023); Emission Factors Hub!E223, Emission Factors Hub!F223 (vehicle Emission Factors Hub!C195, model year Emission Factors Hub!D223) p. 2; Table 3 Mobile Combustion CH4 and N2O for On-Road Gasoline Vehicles, row ""Gasoline Heavy-Duty Vehicles, 2018"", column ""CH4 Factor (g / mile); N2O Factor (g / mile)"""
epa_hub_mobile,US EPA 2023,petrol:heavy:Gasoline Heavy-Duty Vehicles:Model year 2018:n2o,0.0082,g/vehicle-mile,"US EPA GHG Emission Factors Hub 2023 (Last Modified: 12 September 2023); Emission Factors Hub!E223, Emission Factors Hub!F223 (vehicle Emission Factors Hub!C195, model year Emission Factors Hub!D223) p. 2; Table 3 Mobile Combustion CH4 and N2O for On-Road Gasoline Vehicles, row ""Gasoline Heavy-Duty Vehicles, 2018"", column ""CH4 Factor (g / mile); N2O Factor (g / mile)"""
epa_hub_mobile,US EPA 2023,petrol:heavy:Gasoline Heavy-Duty Vehicles:Model year 2019:ch4,0.033,g/vehicle-mile,"US EPA GHG Emission Factors Hub 2023 (Last Modified: 12 September 2023); Emission Factors Hub!E224, Emission Factors Hub!F224 (vehicle Emission Factors Hub!C195, model year Emission Factors Hub!D224) p. 2; Table 3 Mobile Combustion CH4 and N2O for On-Road Gasoline Vehicles, row ""Gasoline Heavy-Duty Vehicles, 2019"", column ""CH4 Factor (g / mile); N2O Factor (g / mile)"""
epa_hub_mobile,US EPA 2023,petrol:heavy:Gasoline Heavy-Duty Vehicles:Model year 2019:n2o,0.0091,g/vehicle-mile,"US EPA GHG Emission Factors Hub 2023 (Last Modified: 12 September 2023); Emission Factors Hub!E224, Emission Factors Hub!F224 (vehicle Emission Factors Hub!C195, model year Emission Factors Hub!D224) p. 2; Table 3 Mobile Combustion CH4 and N2O for On-Road Gasoline Vehicles, row ""Gasoline Heavy-Duty Vehicles, 2019"", column ""CH4 Factor (g / mile); N2O Factor (g / mile)"""
epa_hub_mobile,US EPA 2023,petrol:heavy:Gasoline Heavy-Duty Vehicles:Model year 2020:ch4,0.0328,g/vehicle-mile,"US EPA GHG Emission Factors Hub 2023 (Last Modified: 12 September 2023); Emission Factors Hub!E225, Emission Factors Hub!F225 (vehicle Emission Factors Hub!C195, model year Emission Factors Hub!D225) p. 2; Table 3 Mobile Combustion CH4 and N2O for On-Road Gasoline Vehicles, row ""Gasoline Heavy-Duty Vehicles, 2020"", column ""CH4 Factor (g / mile); N2O Factor (g / mile)"""
epa_hub_mobile,US EPA 2023,petrol:heavy:Gasoline Heavy-Duty Vehicles:Model year 2020:n2o,0.0098,g/vehicle-mile,"US EPA GHG Emission Factors Hub 2023 (Last Modified: 12 September 2023); Emission Factors Hub!E225, Emission Factors Hub!F225 (vehicle Emission Factors Hub!C195, model year Emission Factors Hub!D225) p. 2; Table 3 Mobile Combustion CH4 and N2O for On-Road Gasoline Vehicles, row ""Gasoline Heavy-Duty Vehicles, 2020"", column ""CH4 Factor (g / mile); N2O Factor (g / mile)"""
epa_hub_mobile,US EPA 2023,diesel:light:Passenger Cars:Model year 1960-1982:ch4,0.0006,g/vehicle-mile,"US EPA GHG Emission Factors Hub 2023 (Last Modified: 12 September 2023); Emission Factors Hub!F235, Emission Factors Hub!G235 p. 3; Table 4 Mobile Combustion CH4 and N2O for On-Road Diesel and Alternative Fuel Vehicles, row ""Passenger Cars, Diesel, 1960-1982"", column ""CH4 Factor (g / mile); N2O Factor (g / mile)"""
epa_hub_mobile,US EPA 2023,diesel:light:Passenger Cars:Model year 1960-1982:n2o,0.0012,g/vehicle-mile,"US EPA GHG Emission Factors Hub 2023 (Last Modified: 12 September 2023); Emission Factors Hub!F235, Emission Factors Hub!G235 p. 3; Table 4 Mobile Combustion CH4 and N2O for On-Road Diesel and Alternative Fuel Vehicles, row ""Passenger Cars, Diesel, 1960-1982"", column ""CH4 Factor (g / mile); N2O Factor (g / mile)"""
epa_hub_mobile,US EPA 2023,diesel:light:Passenger Cars:Model year 1983-2006:ch4,0.0005,g/vehicle-mile,"US EPA GHG Emission Factors Hub 2023 (Last Modified: 12 September 2023); Emission Factors Hub!F236, Emission Factors Hub!G236 p. 3; Table 4 Mobile Combustion CH4 and N2O for On-Road Diesel and Alternative Fuel Vehicles, row ""Passenger Cars, Diesel, 1983-2006"", column ""CH4 Factor (g / mile); N2O Factor (g / mile)"""
epa_hub_mobile,US EPA 2023,diesel:light:Passenger Cars:Model year 1983-2006:n2o,0.001,g/vehicle-mile,"US EPA GHG Emission Factors Hub 2023 (Last Modified: 12 September 2023); Emission Factors Hub!F236, Emission Factors Hub!G236 p. 3; Table 4 Mobile Combustion CH4 and N2O for On-Road Diesel and Alternative Fuel Vehicles, row ""Passenger Cars, Diesel, 1983-2006"", column ""CH4 Factor (g / mile); N2O Factor (g / mile)"""
epa_hub_mobile,US EPA 2023,diesel:light:Passenger Cars:Model year 2007-2020:ch4,0.0302,g/vehicle-mile,"US EPA GHG Emission Factors Hub 2023 (Last Modified: 12 September 2023); Emission Factors Hub!F237, Emission Factors Hub!G237 p. 3; Table 4 Mobile Combustion CH4 and N2O for On-Road Diesel and Alternative Fuel Vehicles, row ""Passenger Cars, Diesel, 2007-2020"", column ""CH4 Factor (g / mile); N2O Factor (g / mile)"""
epa_hub_mobile,US EPA 2023,diesel:light:Passenger Cars:Model year 2007-2020:n2o,0.0192,g/vehicle-mile,"US EPA GHG Emission Factors Hub 2023 (Last Modified: 12 September 2023); Emission Factors Hub!F237, Emission Factors Hub!G237 p. 3; Table 4 Mobile Combustion CH4 and N2O for On-Road Diesel and Alternative Fuel Vehicles, row ""Passenger Cars, Diesel, 2007-2020"", column ""CH4 Factor (g / mile); N2O Factor (g / mile)"""
epa_hub_mobile,US EPA 2023,diesel:light:Light-Duty Trucks:Model year 1960-1982:ch4,0.0011,g/vehicle-mile,"US EPA GHG Emission Factors Hub 2023 (Last Modified: 12 September 2023); Emission Factors Hub!F238, Emission Factors Hub!G238 p. 3; Table 4 Mobile Combustion CH4 and N2O for On-Road Diesel and Alternative Fuel Vehicles, row ""Light-Duty Trucks, Diesel, 1960-1982"", column ""CH4 Factor (g / mile); N2O Factor (g / mile)"""
epa_hub_mobile,US EPA 2023,diesel:light:Light-Duty Trucks:Model year 1960-1982:n2o,0.0017,g/vehicle-mile,"US EPA GHG Emission Factors Hub 2023 (Last Modified: 12 September 2023); Emission Factors Hub!F238, Emission Factors Hub!G238 p. 3; Table 4 Mobile Combustion CH4 and N2O for On-Road Diesel and Alternative Fuel Vehicles, row ""Light-Duty Trucks, Diesel, 1960-1982"", column ""CH4 Factor (g / mile); N2O Factor (g / mile)"""
epa_hub_mobile,US EPA 2023,diesel:light:Light-Duty Trucks:Model year 1983-2006:ch4,0.0009,g/vehicle-mile,"US EPA GHG Emission Factors Hub 2023 (Last Modified: 12 September 2023); Emission Factors Hub!F239, Emission Factors Hub!G239 p. 3; Table 4 Mobile Combustion CH4 and N2O for On-Road Diesel and Alternative Fuel Vehicles, row ""Light-Duty Trucks, Diesel, 1983-2006"", column ""CH4 Factor (g / mile); N2O Factor (g / mile)"""
epa_hub_mobile,US EPA 2023,diesel:light:Light-Duty Trucks:Model year 1983-2006:n2o,0.0014,g/vehicle-mile,"US EPA GHG Emission Factors Hub 2023 (Last Modified: 12 September 2023); Emission Factors Hub!F239, Emission Factors Hub!G239 p. 3; Table 4 Mobile Combustion CH4 and N2O for On-Road Diesel and Alternative Fuel Vehicles, row ""Light-Duty Trucks, Diesel, 1983-2006"", column ""CH4 Factor (g / mile); N2O Factor (g / mile)"""
epa_hub_mobile,US EPA 2023,diesel:light:Light-Duty Trucks:Model year 2007-2020:ch4,0.029,g/vehicle-mile,"US EPA GHG Emission Factors Hub 2023 (Last Modified: 12 September 2023); Emission Factors Hub!F240, Emission Factors Hub!G240 p. 3; Table 4 Mobile Combustion CH4 and N2O for On-Road Diesel and Alternative Fuel Vehicles, row ""Light-Duty Trucks, Diesel, 2007-2020"", column ""CH4 Factor (g / mile); N2O Factor (g / mile)"""
epa_hub_mobile,US EPA 2023,diesel:light:Light-Duty Trucks:Model year 2007-2020:n2o,0.0214,g/vehicle-mile,"US EPA GHG Emission Factors Hub 2023 (Last Modified: 12 September 2023); Emission Factors Hub!F240, Emission Factors Hub!G240 p. 3; Table 4 Mobile Combustion CH4 and N2O for On-Road Diesel and Alternative Fuel Vehicles, row ""Light-Duty Trucks, Diesel, 2007-2020"", column ""CH4 Factor (g / mile); N2O Factor (g / mile)"""
epa_hub_mobile,US EPA 2023,diesel:heavy:Medium- and Heavy-Duty Vehicles:Model year 1960-2006:ch4,0.0051,g/vehicle-mile,"US EPA GHG Emission Factors Hub 2023 (Last Modified: 12 September 2023); Emission Factors Hub!F241, Emission Factors Hub!G241 p. 3; Table 4 Mobile Combustion CH4 and N2O for On-Road Diesel and Alternative Fuel Vehicles, row ""Medium- and Heavy-Duty Vehicles, Diesel, 1960-2006"", column ""CH4 Factor (g / mile); N2O Factor (g / mile)"""
epa_hub_mobile,US EPA 2023,diesel:heavy:Medium- and Heavy-Duty Vehicles:Model year 1960-2006:n2o,0.0048,g/vehicle-mile,"US EPA GHG Emission Factors Hub 2023 (Last Modified: 12 September 2023); Emission Factors Hub!F241, Emission Factors Hub!G241 p. 3; Table 4 Mobile Combustion CH4 and N2O for On-Road Diesel and Alternative Fuel Vehicles, row ""Medium- and Heavy-Duty Vehicles, Diesel, 1960-2006"", column ""CH4 Factor (g / mile); N2O Factor (g / mile)"""
epa_hub_mobile,US EPA 2023,diesel:heavy:Medium- and Heavy-Duty Vehicles:Model year 2007-2020:ch4,0.0095,g/vehicle-mile,"US EPA GHG Emission Factors Hub 2023 (Last Modified: 12 September 2023); Emission Factors Hub!F242, Emission Factors Hub!G242 p. 3; Table 4 Mobile Combustion CH4 and N2O for On-Road Diesel and Alternative Fuel Vehicles, row ""Medium- and Heavy-Duty Vehicles, Diesel, 2007-2020"", column ""CH4 Factor (g / mile); N2O Factor (g / mile)"""
epa_hub_mobile,US EPA 2023,diesel:heavy:Medium- and Heavy-Duty Vehicles:Model year 2007-2020:n2o,0.0431,g/vehicle-mile,"US EPA GHG Emission Factors Hub 2023 (Last Modified: 12 September 2023); Emission Factors Hub!F242, Emission Factors Hub!G242 p. 3; Table 4 Mobile Combustion CH4 and N2O for On-Road Diesel and Alternative Fuel Vehicles, row ""Medium- and Heavy-Duty Vehicles, Diesel, 2007-2020"", column ""CH4 Factor (g / mile); N2O Factor (g / mile)"""
epa_hub_mobile,US EPA 2023,petrol:non_road:Agricultural Equipment:Gasoline (2 stroke):ch4,6.92,g/gallon,"US EPA GHG Emission Factors Hub 2023 (Last Modified: 12 September 2023); Emission Factors Hub!E283, Emission Factors Hub!F283 p. 3; Table 5 Mobile Combustion CH4 and N2O for Non-Road Vehicles, row ""Agricultural Equipment, Gasoline (2 stroke)"", column ""CH4 Factor (g / gallon); N2O Factor (g / gallon)"""
epa_hub_mobile,US EPA 2023,petrol:non_road:Agricultural Equipment:Gasoline (2 stroke):n2o,0.47,g/gallon,"US EPA GHG Emission Factors Hub 2023 (Last Modified: 12 September 2023); Emission Factors Hub!E283, Emission Factors Hub!F283 p. 3; Table 5 Mobile Combustion CH4 and N2O for Non-Road Vehicles, row ""Agricultural Equipment, Gasoline (2 stroke)"", column ""CH4 Factor (g / gallon); N2O Factor (g / gallon)"""
epa_hub_mobile,US EPA 2023,petrol:non_road:Agricultural Equipment:Gasoline (4 stroke):ch4,1.93,g/gallon,"US EPA GHG Emission Factors Hub 2023 (Last Modified: 12 September 2023); Emission Factors Hub!E284, Emission Factors Hub!F284 p. 3; Table 5 Mobile Combustion CH4 and N2O for Non-Road Vehicles, row ""Agricultural Equipment, Gasoline (4 stroke)"", column ""CH4 Factor (g / gallon); N2O Factor (g / gallon)"""
epa_hub_mobile,US EPA 2023,petrol:non_road:Agricultural Equipment:Gasoline (4 stroke):n2o,1.2,g/gallon,"US EPA GHG Emission Factors Hub 2023 (Last Modified: 12 September 2023); Emission Factors Hub!E284, Emission Factors Hub!F284 p. 3; Table 5 Mobile Combustion CH4 and N2O for Non-Road Vehicles, row ""Agricultural Equipment, Gasoline (4 stroke)"", column ""CH4 Factor (g / gallon); N2O Factor (g / gallon)"""
epa_hub_mobile,US EPA 2023,petrol:non_road:Agricultural Equipment:Gasoline Off-Road Trucks:ch4,1.93,g/gallon,"US EPA GHG Emission Factors Hub 2023 (Last Modified: 12 September 2023); Emission Factors Hub!E285, Emission Factors Hub!F285 p. 3; Table 5 Mobile Combustion CH4 and N2O for Non-Road Vehicles, row ""Agricultural Equipment, Gasoline Off-Road Trucks"", column ""CH4 Factor (g / gallon); N2O Factor (g / gallon)"""
epa_hub_mobile,US EPA 2023,petrol:non_road:Agricultural Equipment:Gasoline Off-Road Trucks:n2o,1.2,g/gallon,"US EPA GHG Emission Factors Hub 2023 (Last Modified: 12 September 2023); Emission Factors Hub!E285, Emission Factors Hub!F285 p. 3; Table 5 Mobile Combustion CH4 and N2O for Non-Road Vehicles, row ""Agricultural Equipment, Gasoline Off-Road Trucks"", column ""CH4 Factor (g / gallon); N2O Factor (g / gallon)"""
epa_hub_mobile,US EPA 2023,diesel:non_road:Agricultural Equipment:Diesel Equipment:ch4,1.27,g/gallon,"US EPA GHG Emission Factors Hub 2023 (Last Modified: 12 September 2023); Emission Factors Hub!E286, Emission Factors Hub!F286 p. 3; Table 5 Mobile Combustion CH4 and N2O for Non-Road Vehicles, row ""Agricultural Equipment, Diesel Equipment"", column ""CH4 Factor (g / gallon); N2O Factor (g / gallon)"""
epa_hub_mobile,US EPA 2023,diesel:non_road:Agricultural Equipment:Diesel Equipment:n2o,1.07,g/gallon,"US EPA GHG Emission Factors Hub 2023 (Last Modified: 12 September 2023); Emission Factors Hub!E286, Emission Factors Hub!F286 p. 3; Table 5 Mobile Combustion CH4 and N2O for Non-Road Vehicles, row ""Agricultural Equipment, Diesel Equipment"", column ""CH4 Factor (g / gallon); N2O Factor (g / gallon)"""
epa_hub_mobile,US EPA 2023,diesel:non_road:Agricultural Equipment:Diesel Off-Road Trucks:ch4,0.91,g/gallon,"US EPA GHG Emission Factors Hub 2023 (Last Modified: 12 September 2023); Emission Factors Hub!E287, Emission Factors Hub!F287 p. 3; Table 5 Mobile Combustion CH4 and N2O for Non-Road Vehicles, row ""Agricultural Equipment, Diesel Off-Road Trucks"", column ""CH4 Factor (g / gallon); N2O Factor (g / gallon)"""
epa_hub_mobile,US EPA 2023,diesel:non_road:Agricultural Equipment:Diesel Off-Road Trucks:n2o,0.56,g/gallon,"US EPA GHG Emission Factors Hub 2023 (Last Modified: 12 September 2023); Emission Factors Hub!E287, Emission Factors Hub!F287 p. 3; Table 5 Mobile Combustion CH4 and N2O for Non-Road Vehicles, row ""Agricultural Equipment, Diesel Off-Road Trucks"", column ""CH4 Factor (g / gallon); N2O Factor (g / gallon)"""
epa_hub_mobile,US EPA 2023,petrol:non_road:Construction/Mining Equipment:Gasoline (2 stroke):ch4,7.98,g/gallon,"US EPA GHG Emission Factors Hub 2023 (Last Modified: 12 September 2023); Emission Factors Hub!E289, Emission Factors Hub!F289 p. 3; Table 5 Mobile Combustion CH4 and N2O for Non-Road Vehicles, row ""Construction/Mining Equipment, Gasoline (2 stroke)"", column ""CH4 Factor (g / gallon); N2O Factor (g / gallon)"""
epa_hub_mobile,US EPA 2023,petrol:non_road:Construction/Mining Equipment:Gasoline (2 stroke):n2o,0.12,g/gallon,"US EPA GHG Emission Factors Hub 2023 (Last Modified: 12 September 2023); Emission Factors Hub!E289, Emission Factors Hub!F289 p. 3; Table 5 Mobile Combustion CH4 and N2O for Non-Road Vehicles, row ""Construction/Mining Equipment, Gasoline (2 stroke)"", column ""CH4 Factor (g / gallon); N2O Factor (g / gallon)"""
epa_hub_mobile,US EPA 2023,petrol:non_road:Construction/Mining Equipment:Gasoline (4 stroke):ch4,2.85,g/gallon,"US EPA GHG Emission Factors Hub 2023 (Last Modified: 12 September 2023); Emission Factors Hub!E290, Emission Factors Hub!F290 p. 3; Table 5 Mobile Combustion CH4 and N2O for Non-Road Vehicles, row ""Construction/Mining Equipment, Gasoline (4 stroke)"", column ""CH4 Factor (g / gallon); N2O Factor (g / gallon)"""
epa_hub_mobile,US EPA 2023,petrol:non_road:Construction/Mining Equipment:Gasoline (4 stroke):n2o,1.47,g/gallon,"US EPA GHG Emission Factors Hub 2023 (Last Modified: 12 September 2023); Emission Factors Hub!E290, Emission Factors Hub!F290 p. 3; Table 5 Mobile Combustion CH4 and N2O for Non-Road Vehicles, row ""Construction/Mining Equipment, Gasoline (4 stroke)"", column ""CH4 Factor (g / gallon); N2O Factor (g / gallon)"""
epa_hub_mobile,US EPA 2023,petrol:non_road:Construction/Mining Equipment:Gasoline Off-Road Trucks:ch4,2.85,g/gallon,"US EPA GHG Emission Factors Hub 2023 (Last Modified: 12 September 2023); Emission Factors Hub!E291, Emission Factors Hub!F291 p. 3; Table 5 Mobile Combustion CH4 and N2O for Non-Road Vehicles, row ""Construction/Mining Equipment, Gasoline Off-Road Trucks"", column ""CH4 Factor (g / gallon); N2O Factor (g / gallon)"""
epa_hub_mobile,US EPA 2023,petrol:non_road:Construction/Mining Equipment:Gasoline Off-Road Trucks:n2o,1.48,g/gallon,"US EPA GHG Emission Factors Hub 2023 (Last Modified: 12 September 2023); Emission Factors Hub!E291, Emission Factors Hub!F291 p. 3; Table 5 Mobile Combustion CH4 and N2O for Non-Road Vehicles, row ""Construction/Mining Equipment, Gasoline Off-Road Trucks"", column ""CH4 Factor (g / gallon); N2O Factor (g / gallon)"""
epa_hub_mobile,US EPA 2023,diesel:non_road:Construction/Mining Equipment:Diesel Equipment:ch4,1.01,g/gallon,"US EPA GHG Emission Factors Hub 2023 (Last Modified: 12 September 2023); Emission Factors Hub!E292, Emission Factors Hub!F292 p. 3; Table 5 Mobile Combustion CH4 and N2O for Non-Road Vehicles, row ""Construction/Mining Equipment, Diesel Equipment"", column ""CH4 Factor (g / gallon); N2O Factor (g / gallon)"""
epa_hub_mobile,US EPA 2023,diesel:non_road:Construction/Mining Equipment:Diesel Equipment:n2o,0.94,g/gallon,"US EPA GHG Emission Factors Hub 2023 (Last Modified: 12 September 2023); Emission Factors Hub!E292, Emission Factors Hub!F292 p. 3; Table 5 Mobile Combustion CH4 and N2O for Non-Road Vehicles, row ""Construction/Mining Equipment, Diesel Equipment"", column ""CH4 Factor (g / gallon); N2O Factor (g / gallon)"""
epa_hub_mobile,US EPA 2023,diesel:non_road:Construction/Mining Equipment:Diesel Off-Road Trucks:ch4,0.91,g/gallon,"US EPA GHG Emission Factors Hub 2023 (Last Modified: 12 September 2023); Emission Factors Hub!E293, Emission Factors Hub!F293 p. 3; Table 5 Mobile Combustion CH4 and N2O for Non-Road Vehicles, row ""Construction/Mining Equipment, Diesel Off-Road Trucks"", column ""CH4 Factor (g / gallon); N2O Factor (g / gallon)"""
epa_hub_mobile,US EPA 2023,diesel:non_road:Construction/Mining Equipment:Diesel Off-Road Trucks:n2o,0.56,g/gallon,"US EPA GHG Emission Factors Hub 2023 (Last Modified: 12 September 2023); Emission Factors Hub!E293, Emission Factors Hub!F293 p. 3; Table 5 Mobile Combustion CH4 and N2O for Non-Road Vehicles, row ""Construction/Mining Equipment, Diesel Off-Road Trucks"", column ""CH4 Factor (g / gallon); N2O Factor (g / gallon)"""
epa_hub_mobile,US EPA 2023,petrol:non_road:Lawn and Garden Equipment:Gasoline (2 stroke):ch4,7.28,g/gallon,"US EPA GHG Emission Factors Hub 2023 (Last Modified: 12 September 2023); Emission Factors Hub!E295, Emission Factors Hub!F295 p. 3; Table 5 Mobile Combustion CH4 and N2O for Non-Road Vehicles, row ""Lawn and Garden Equipment, Gasoline (2 stroke)"", column ""CH4 Factor (g / gallon); N2O Factor (g / gallon)"""
epa_hub_mobile,US EPA 2023,petrol:non_road:Lawn and Garden Equipment:Gasoline (2 stroke):n2o,0.31,g/gallon,"US EPA GHG Emission Factors Hub 2023 (Last Modified: 12 September 2023); Emission Factors Hub!E295, Emission Factors Hub!F295 p. 3; Table 5 Mobile Combustion CH4 and N2O for Non-Road Vehicles, row ""Lawn and Garden Equipment, Gasoline (2 stroke)"", column ""CH4 Factor (g / gallon); N2O Factor (g / gallon)"""
epa_hub_mobile,US EPA 2023,petrol:non_road:Lawn and Garden Equipment:Gasoline (4 stroke):ch4,2.99,g/gallon,"US EPA GHG Emission Factors Hub 2023 (Last Modified: 12 September 2023); Emission Factors Hub!E296, Emission Factors Hub!F296 p. 3; Table 5 Mobile Combustion CH4 and N2O for Non-Road Vehicles, row ""Lawn and Garden Equipment, Gasoline (4 stroke)"", column ""CH4 Factor (g / gallon); N2O Factor (g / gallon)"""
epa_hub_mobile,US EPA 2023,petrol:non_road:Lawn and Garden Equipment:Gasoline (4 stroke):n2o,1.49,g/gallon,"US EPA GHG Emission Factors Hub 2023 (Last Modified: 12 September 2023); Emission Factors Hub!E296, Emission Factors Hub!F296 p. 3; Table 5 Mobile Combustion CH4 and N2O for Non-Road Vehicles, row ""Lawn and Garden Equipment, Gasoline (4 stroke)"", column ""CH4 Factor (g / gallon); N2O Factor (g / gallon)"""
epa_hub_mobile,US EPA 2023,diesel:non_road:Lawn and Garden Equipment:Diesel:ch4,0.67,g/gallon,"US EPA GHG Emission Factors Hub 2023 (Last Modified: 12 September 2023); Emission Factors Hub!E297, Emission Factors Hub!F297 p. 3; Table 5 Mobile Combustion CH4 and N2O for Non-Road Vehicles, row ""Lawn and Garden Equipment, Diesel"", column ""CH4 Factor (g / gallon); N2O Factor (g / gallon)"""
epa_hub_mobile,US EPA 2023,diesel:non_road:Lawn and Garden Equipment:Diesel:n2o,0.49,g/gallon,"US EPA GHG Emission Factors Hub 2023 (Last Modified: 12 September 2023); Emission Factors Hub!E297, Emission Factors Hub!F297 p. 3; Table 5 Mobile Combustion CH4 and N2O for Non-Road Vehicles, row ""Lawn and Garden Equipment, Diesel"", column ""CH4 Factor (g / gallon); N2O Factor (g / gallon)"""
epa_hub_mobile,US EPA 2023,petrol:non_road:Airport Equipment:Gasoline:ch4,1.03,g/gallon,"US EPA GHG Emission Factors Hub 2023 (Last Modified: 12 September 2023); Emission Factors Hub!E299, Emission Factors Hub!F299 p. 3; Table 5 Mobile Combustion CH4 and N2O for Non-Road Vehicles, row ""Airport Equipment, Gasoline"", column ""CH4 Factor (g / gallon); N2O Factor (g / gallon)"""
epa_hub_mobile,US EPA 2023,petrol:non_road:Airport Equipment:Gasoline:n2o,1.07,g/gallon,"US EPA GHG Emission Factors Hub 2023 (Last Modified: 12 September 2023); Emission Factors Hub!E299, Emission Factors Hub!F299 p. 3; Table 5 Mobile Combustion CH4 and N2O for Non-Road Vehicles, row ""Airport Equipment, Gasoline"", column ""CH4 Factor (g / gallon); N2O Factor (g / gallon)"""
epa_hub_mobile,US EPA 2023,diesel:non_road:Airport Equipment:Diesel:ch4,1.88,g/gallon,"US EPA GHG Emission Factors Hub 2023 (Last Modified: 12 September 2023); Emission Factors Hub!E300, Emission Factors Hub!F300 p. 3; Table 5 Mobile Combustion CH4 and N2O for Non-Road Vehicles, row ""Airport Equipment, Diesel"", column ""CH4 Factor (g / gallon); N2O Factor (g / gallon)"""
epa_hub_mobile,US EPA 2023,diesel:non_road:Airport Equipment:Diesel:n2o,1.16,g/gallon,"US EPA GHG Emission Factors Hub 2023 (Last Modified: 12 September 2023); Emission Factors Hub!E300, Emission Factors Hub!F300 p. 3; Table 5 Mobile Combustion CH4 and N2O for Non-Road Vehicles, row ""Airport Equipment, Diesel"", column ""CH4 Factor (g / gallon); N2O Factor (g / gallon)"""
epa_hub_mobile,US EPA 2023,petrol:non_road:Industrial/Commercial Equipment:Gasoline (2 stroke):ch4,7.12,g/gallon,"US EPA GHG Emission Factors Hub 2023 (Last Modified: 12 September 2023); Emission Factors Hub!E302, Emission Factors Hub!F302 p. 3; Table 5 Mobile Combustion CH4 and N2O for Non-Road Vehicles, row ""Industrial/Commercial Equipment, Gasoline (2 stroke)"", column ""CH4 Factor (g / gallon); N2O Factor (g / gallon)"""
epa_hub_mobile,US EPA 2023,petrol:non_road:Industrial/Commercial Equipment:Gasoline (2 stroke):n2o,0.5,g/gallon,"US EPA GHG Emission Factors Hub 2023 (Last Modified: 12 September 2023); Emission Factors Hub!E302, Emission Factors Hub!F302 p. 3; Table 5 Mobile Combustion CH4 and N2O for Non-Road Vehicles, row ""Industrial/Commercial Equipment, Gasoline (2 stroke)"", column ""CH4 Factor (g / gallon); N2O Factor (g / gallon)"""
epa_hub_mobile,US EPA 2023,petrol:non_road:Industrial/Commercial Equipment:Gasoline (4 stroke):ch4,2.74,g/gallon,"US EPA GHG Emission Factors Hub 2023 (Last Modified: 12 September 2023); Emission Factors Hub!E303, Emission Factors Hub!F303 p. 3; Table 5 Mobile Combustion CH4 and N2O for Non-Road Vehicles, row ""Industrial/Commercial Equipment, Gasoline (4 stroke)"", column ""CH4 Factor (g / gallon); N2O Factor (g / gallon)"""
epa_hub_mobile,US EPA 2023,petrol:non_road:Industrial/Commercial Equipment:Gasoline (4 stroke):n2o,1.54,g/gallon,"US EPA GHG Emission Factors Hub 2023 (Last Modified: 12 September 2023); Emission Factors Hub!E303, Emission Factors Hub!F303 p. 3; Table 5 Mobile Combustion CH4 and N2O for Non-Road Vehicles, row ""Industrial/Commercial Equipment, Gasoline (4 stroke)"", column ""CH4 Factor (g / gallon); N2O Factor (g / gallon)"""
epa_hub_mobile,US EPA 2023,diesel:non_road:Industrial/Commercial Equipment:Diesel:ch4,0.41,g/gallon,"US EPA GHG Emission Factors Hub 2023 (Last Modified: 12 September 2023); Emission Factors Hub!E304, Emission Factors Hub!F304 p. 3; Table 5 Mobile Combustion CH4 and N2O for Non-Road Vehicles, row ""Industrial/Commercial Equipment, Diesel"", column ""CH4 Factor (g / gallon); N2O Factor (g / gallon)"""
epa_hub_mobile,US EPA 2023,diesel:non_road:Industrial/Commercial Equipment:Diesel:n2o,0.6,g/gallon,"US EPA GHG Emission Factors Hub 2023 (Last Modified: 12 September 2023); Emission Factors Hub!E304, Emission Factors Hub!F304 p. 3; Table 5 Mobile Combustion CH4 and N2O for Non-Road Vehicles, row ""Industrial/Commercial Equipment, Diesel"", column ""CH4 Factor (g / gallon); N2O Factor (g / gallon)"""
epa_hub_mobile,US EPA 2023,petrol:non_road:Logging Equipment:Gasoline (2 stroke):ch4,9.68,g/gallon,"US EPA GHG Emission Factors Hub 2023 (Last Modified: 12 September 2023); Emission Factors Hub!E306, Emission Factors Hub!F306 p. 3; Table 5 Mobile Combustion CH4 and N2O for Non-Road Vehicles, row ""Logging Equipment, Gasoline (2 stroke)"", column ""CH4 Factor (g / gallon); N2O Factor (g / gallon)"""
epa_hub_mobile,US EPA 2023,petrol:non_road:Logging Equipment:Gasoline (2 stroke):n2o,0,g/gallon,"US EPA GHG Emission Factors Hub 2023 (Last Modified: 12 September 2023); Emission Factors Hub!E306, Emission Factors Hub!F306 p. 3; Table 5 Mobile Combustion CH4 and N2O for Non-Road Vehicles, row ""Logging Equipment, Gasoline (2 stroke)"", column ""CH4 Factor (g / gallon); N2O Factor (g / gallon)"""
epa_hub_mobile,US EPA 2023,petrol:non_road:Logging Equipment:Gasoline (4 stroke):ch4,3.24,g/gallon,"US EPA GHG Emission Factors Hub 2023 (Last Modified: 12 September 2023); Emission Factors Hub!E307, Emission Factors Hub!F307 p. 3; Table 5 Mobile Combustion CH4 and N2O for Non-Road Vehicles, row ""Logging Equipment, Gasoline (4 stroke)"", column ""CH4 Factor (g / gallon); N2O Factor (g / gallon)"""
epa_hub_mobile,US EPA 2023,petrol:non_road:Logging Equipment:Gasoline (4 stroke):n2o,2.05,g/gallon,"US EPA GHG Emission Factors Hub 2023 (Last Modified: 12 September 2023); Emission Factors Hub!E307, Emission Factors Hub!F307 p. 3; Table 5 Mobile Combustion CH4 and N2O for Non-Road Vehicles, row ""Logging Equipment, Gasoline (4 stroke)"", column ""CH4 Factor (g / gallon); N2O Factor (g / gallon)"""
epa_hub_mobile,US EPA 2023,diesel:non_road:Logging Equipment:Diesel:ch4,0.48,g/gallon,"US EPA GHG Emission Factors Hub 2023 (Last Modified: 12 September 2023); Emission Factors Hub!E308, Emission Factors Hub!F308 p. 3; Table 5 Mobile Combustion CH4 and N2O for Non-Road Vehicles, row ""Logging Equipment, Diesel"", column ""CH4 Factor (g / gallon); N2O Factor (g / gallon)"""
epa_hub_mobile,US EPA 2023,diesel:non_road:Logging Equipment:Diesel:n2o,1.27,g/gallon,"US EPA GHG Emission Factors Hub 2023 (Last Modified: 12 September 2023); Emission Factors Hub!E308, Emission Factors Hub!F308 p. 3; Table 5 Mobile Combustion CH4 and N2O for Non-Road Vehicles, row ""Logging Equipment, Diesel"", column ""CH4 Factor (g / gallon); N2O Factor (g / gallon)"""
epa_hub_mobile,US EPA 2023,petrol:non_road:Railroad Equipment:Gasoline:ch4,3.24,g/gallon,"US EPA GHG Emission Factors Hub 2023 (Last Modified: 12 September 2023); Emission Factors Hub!E309, Emission Factors Hub!F309 p. 3; Table 5 Mobile Combustion CH4 and N2O for Non-Road Vehicles, row ""Railroad Equipment, Gasoline"", column ""CH4 Factor (g / gallon); N2O Factor (g / gallon)"""
epa_hub_mobile,US EPA 2023,petrol:non_road:Railroad Equipment:Gasoline:n2o,1.81,g/gallon,"US EPA GHG Emission Factors Hub 2023 (Last Modified: 12 September 2023); Emission Factors Hub!E309, Emission Factors Hub!F309 p. 3; Table 5 Mobile Combustion CH4 and N2O for Non-Road Vehicles, row ""Railroad Equipment, Gasoline"", column ""CH4 Factor (g / gallon); N2O Factor (g / gallon)"""
epa_hub_mobile,US EPA 2023,diesel:non_road:Railroad Equipment:Diesel:ch4,0.38,g/gallon,"US EPA GHG Emission Factors Hub 2023 (Last Modified: 12 September 2023); Emission Factors Hub!E310, Emission Factors Hub!F310 p. 3; Table 5 Mobile Combustion CH4 and N2O for Non-Road Vehicles, row ""Railroad Equipment, Diesel"", column ""CH4 Factor (g / gallon); N2O Factor (g / gallon)"""
epa_hub_mobile,US EPA 2023,diesel:non_road:Railroad Equipment:Diesel:n2o,0.95,g/gallon,"US EPA GHG Emission Factors Hub 2023 (Last Modified: 12 September 2023); Emission Factors Hub!E310, Emission Factors Hub!F310 p. 3; Table 5 Mobile Combustion CH4 and N2O for Non-Road Vehicles, row ""Railroad Equipment, Diesel"", column ""CH4 Factor (g / gallon); N2O Factor (g / gallon)"""
epa_hub_mobile,US EPA 2023,petrol:non_road:Recreational Equipment:Gasoline (2 stroke):ch4,17.61,g/gallon,"US EPA GHG Emission Factors Hub 2023 (Last Modified: 12 September 2023); Emission Factors Hub!E312, Emission Factors Hub!F312 p. 3; Table 5 Mobile Combustion CH4 and N2O for Non-Road Vehicles, row ""Recreational Equipment, Gasoline (2 stroke)"", column ""CH4 Factor (g / gallon); N2O Factor (g / gallon)"""
epa_hub_mobile,US EPA 2023,petrol:non_road:Recreational Equipment:Gasoline (2 stroke):n2o,0.11,g/gallon,"US EPA GHG Emission Factors Hub 2023 (Last Modified: 12 September 2023); Emission Factors Hub!E312, Emission Factors Hub!F312 p. 3; Table 5 Mobile Combustion CH4 and N2O for Non-Road Vehicles, row ""Recreational Equipment, Gasoline (2 stroke)"", column ""CH4 Factor (g / gallon); N2O Factor (g / gallon)"""
epa_hub_mobile,US EPA 2023,petrol:non_road:Recreational Equipment:Gasoline (4 stroke):ch4,2.87,g/gallon,"US EPA GHG Emission Factors Hub 2023 (Last Modified: 12 September 2023); Emission Factors Hub!E313, Emission Factors Hub!F313 p. 3; Table 5 Mobile Combustion CH4 and N2O for Non-Road Vehicles, row ""Recreational Equipment, Gasoline (4 stroke)"", column ""CH4 Factor (g / gallon); N2O Factor (g / gallon)"""
epa_hub_mobile,US EPA 2023,petrol:non_road:Recreational Equipment:Gasoline (4 stroke):n2o,1.5,g/gallon,"US EPA GHG Emission Factors Hub 2023 (Last Modified: 12 September 2023); Emission Factors Hub!E313, Emission Factors Hub!F313 p. 3; Table 5 Mobile Combustion CH4 and N2O for Non-Road Vehicles, row ""Recreational Equipment, Gasoline (4 stroke)"", column ""CH4 Factor (g / gallon); N2O Factor (g / gallon)"""
epa_hub_mobile,US EPA 2023,diesel:non_road:Recreational Equipment:Diesel:ch4,0.73,g/gallon,"US EPA GHG Emission Factors Hub 2023 (Last Modified: 12 September 2023); Emission Factors Hub!E314, Emission Factors Hub!F314 p. 3; Table 5 Mobile Combustion CH4 and N2O for Non-Road Vehicles, row ""Recreational Equipment, Diesel"", column ""CH4 Factor (g / gallon); N2O Factor (g / gallon)"""
epa_hub_mobile,US EPA 2023,diesel:non_road:Recreational Equipment:Diesel:n2o,0.66,g/gallon,"US EPA GHG Emission Factors Hub 2023 (Last Modified: 12 September 2023); Emission Factors Hub!E314, Emission Factors Hub!F314 p. 3; Table 5 Mobile Combustion CH4 and N2O for Non-Road Vehicles, row ""Recreational Equipment, Diesel"", column ""CH4 Factor (g / gallon); N2O Factor (g / gallon)"""
nga_grid,DCCEEW NGA 2023,AU_NSW,0.68,kg CO2-e/kWh,"DCCEEW (2023) National Greenhouse Accounts Factors 2023 (national-greenhouse-account-factors-2023.pdf; ""August 2023"", cover); p. 7; Table 1 Indirect (scope 2 and scope 3) emission factors from consumption of purchased or acquired electricity: Location based approach, row ""New South Wales and Australian Capital Territory"", column ""Scope 2 Emission Factors (kg CO2-e/kWh)""; the August 2023 publication (no correction recorded; section 1.2: the factors replace those of the 2022 workbook)"
nga_grid,DCCEEW NGA 2023,AU_VIC,0.79,kg CO2-e/kWh,"DCCEEW (2023) National Greenhouse Accounts Factors 2023 (national-greenhouse-account-factors-2023.pdf; ""August 2023"", cover); p. 7; Table 1 Indirect (scope 2 and scope 3) emission factors from consumption of purchased or acquired electricity: Location based approach, row ""Victoria"", column ""Scope 2 Emission Factors (kg CO2-e/kWh)""; the August 2023 publication (no correction recorded; section 1.2: the factors replace those of the 2022 workbook)"
nga_grid,DCCEEW NGA 2023,AU_QLD,0.73,kg CO2-e/kWh,"DCCEEW (2023) National Greenhouse Accounts Factors 2023 (national-greenhouse-account-factors-2023.pdf; ""August 2023"", cover); p. 7; Table 1 Indirect (scope 2 and scope 3) emission factors from consumption of purchased or acquired electricity: Location based approach, row ""Queensland"", column ""Scope 2 Emission Factors (kg CO2-e/kWh)""; the August 2023 publication (no correction recorded; section 1.2: the factors replace those of the 2022 workbook)"
nga_grid,DCCEEW NGA 2023,AU_SA,0.25,kg CO2-e/kWh,"DCCEEW (2023) National Greenhouse Accounts Factors 2023 (national-greenhouse-account-factors-2023.pdf; ""August 2023"", cover); p. 7; Table 1 Indirect (scope 2 and scope 3) emission factors from consumption of purchased or acquired electricity: Location based approach, row ""South Australia"", column ""Scope 2 Emission Factors (kg CO2-e/kWh)""; the August 2023 publication (no correction recorded; section 1.2: the factors replace those of the 2022 workbook)"
nga_grid,DCCEEW NGA 2023,AU_WA,0.53,kg CO2-e/kWh,"DCCEEW (2023) National Greenhouse Accounts Factors 2023 (national-greenhouse-account-factors-2023.pdf; ""August 2023"", cover); p. 7; Table 1 Indirect (scope 2 and scope 3) emission factors from consumption of purchased or acquired electricity: Location based approach, row ""Western Australia - South West Interconnected System (SWIS)"", column ""Scope 2 Emission Factors (kg CO2-e/kWh)""; the August 2023 publication (no correction recorded; section 1.2: the factors replace those of the 2022 workbook)"
nga_grid,DCCEEW NGA 2023,AU_TAS,0.12,kg CO2-e/kWh,"DCCEEW (2023) National Greenhouse Accounts Factors 2023 (national-greenhouse-account-factors-2023.pdf; ""August 2023"", cover); p. 8; Table 1 Indirect (scope 2 and scope 3) emission factors from consumption of purchased or acquired electricity: Location based approach, row ""Tasmania"", column ""Scope 2 Emission Factors (kg CO2-e/kWh)""; the August 2023 publication (no correction recorded; section 1.2: the factors replace those of the 2022 workbook)"
nga_grid,DCCEEW NGA 2023,AU_NT,0.54,kg CO2-e/kWh,"DCCEEW (2023) National Greenhouse Accounts Factors 2023 (national-greenhouse-account-factors-2023.pdf; ""August 2023"", cover); p. 8; Table 1 Indirect (scope 2 and scope 3) emission factors from consumption of purchased or acquired electricity: Location based approach, row ""Northern territory - Darwin Katherine Interconnected System (DKIS)"", column ""Scope 2 Emission Factors (kg CO2-e/kWh)""; the August 2023 publication (no correction recorded; section 1.2: the factors replace those of the 2022 workbook)"
nga_grid,DCCEEW NGA 2023,AU_AVG,0.65,kg CO2-e/kWh,"DCCEEW (2023) National Greenhouse Accounts Factors 2023 (national-greenhouse-account-factors-2023.pdf; ""August 2023"", cover); p. 8; Table 1 Indirect (scope 2 and scope 3) emission factors from consumption of purchased or acquired electricity: Location based approach, row ""National"", column ""Scope 2 Emission Factors (kg CO2-e/kWh)""; the August 2023 publication (no correction recorded; section 1.2: the factors replace those of the 2022 workbook)"
nga_residual,DCCEEW NGA 2023,RESIDUAL_AU,0.81,kg CO2-e/kWh,"DCCEEW (2023) National Greenhouse Accounts Factors 2023 (national-greenhouse-account-factors-2023.pdf; ""August 2023"", cover); p. 8; Table 2a Indirect (scope 2 and scope 3) emission factors from consumption of purchased or acquired electricity: market-based factors, row ""National"", column ""Scope 2 Emission Factors (kg CO2-e/kWh)""; the August 2023 publication (no correction recorded; section 1.2: the factors replace those of the 2022 workbook)"
nga_combustion,DCCEEW NGA 2023,natural_gas_m3,2.025129,kg CO2-e/m3,"DCCEEW (2023) National Greenhouse Accounts Factors 2023 (national-greenhouse-account-factors-2023.pdf; ""August 2023"", cover); p. 16; Table 5 Direct (Scope 1) emission factors for the consumption of gaseous fuels including liquefied natural gas, row ""Natural gas distributed in a pipeline"", column ""Energy Content factor; Scope 1 Emission Factor (kg CO2-e/GJ), Combined gases""; the August 2023 publication (no correction recorded; section 1.2: the factors replace those of the 2022 workbook); 0.0393 x 51.53 = 2.025129 kg CO2-e/m3 (computed here; the 2023 PDF does not print a per-unit combined figure): energy content x combined Scope 1 factor, both printed on the row; the 2023 PDF prints no per-unit figure (the 2025 workbook prints the same product)"
nga_combustion,DCCEEW NGA 2023,natural_gas_gj,51.53,kg CO2-e/GJ,"DCCEEW (2023) National Greenhouse Accounts Factors 2023 (national-greenhouse-account-factors-2023.pdf; ""August 2023"", cover); p. 16; Table 5 Direct (Scope 1) emission factors for the consumption of gaseous fuels including liquefied natural gas, row ""Natural gas distributed in a pipeline"", column ""Energy Content factor; Scope 1 Emission Factor (kg CO2-e/GJ), Combined gases""; the August 2023 publication (no correction recorded; section 1.2: the factors replace those of the 2022 workbook)"
nga_combustion,DCCEEW NGA 2023,diesel_litre,2.70972,kg CO2-e/L,"DCCEEW (2023) National Greenhouse Accounts Factors 2023 (national-greenhouse-account-factors-2023.pdf; ""August 2023"", cover); p. 20; Table 8 Direct (Scope 1) and indirect (scope 3) emission factors for the consumption of liquid fuels, including certain petroleum based products for stationary energy purposes, row ""Diesel oil"", column ""Energy Content factor; Scope 1 Emission Factor (kg CO2-e/GJ), Combined gases""; the August 2023 publication (no correction recorded; section 1.2: the factors replace those of the 2022 workbook); 38.6 x 70.20 = 2709.72 kg CO2-e/kL; / 1,000 = 2.70972 kg CO2-e/L (computed here; the 2023 PDF does not print a per-unit combined figure): energy content x combined Scope 1 factor, both printed on the row; the 2023 PDF prints no per-unit figure (the 2025 workbook prints the same product)"
nga_combustion,DCCEEW NGA 2023,propane_litre,1.55742,kg CO2-e/L,"DCCEEW (2023) National Greenhouse Accounts Factors 2023 (national-greenhouse-account-factors-2023.pdf; ""August 2023"", cover); p. 21; Table 8 Direct (Scope 1) and indirect (scope 3) emission factors for the consumption of liquid fuels, including certain petroleum based products for stationary energy purposes, row ""Liquefied petroleum gas (LPG)"", column ""Energy Content factor; Scope 1 Emission Factor (kg CO2-e/GJ), Combined gases""; the August 2023 publication (no correction recorded; section 1.2: the factors replace those of the 2022 workbook); 25.7 x 60.60 = 1557.42 kg CO2-e/kL; / 1,000 = 1.55742 kg CO2-e/L (computed here; the 2023 PDF does not print a per-unit combined figure): energy content x combined Scope 1 factor, both printed on the row; the 2023 PDF prints no per-unit figure (the 2025 workbook prints the same product)"
nga_combustion,DCCEEW NGA 2023,fuel_oil_distillate_litre,2.600929,kg CO2-e/L,"DCCEEW (2023) National Greenhouse Accounts Factors 2023 (national-greenhouse-account-factors-2023.pdf; ""August 2023"", cover); p. 20; Table 8 Direct (Scope 1) and indirect (scope 3) emission factors for the consumption of liquid fuels, including certain petroleum based products for stationary energy purposes, row ""Heating oil"", column ""Energy Content factor; Scope 1 Emission Factor (kg CO2-e/GJ), Combined gases""; the August 2023 publication (no correction recorded; section 1.2: the factors replace those of the 2022 workbook); 37.3 x 69.73 = 2600.929 kg CO2-e/kL; / 1,000 = 2.600929 kg CO2-e/L (computed here; the 2023 PDF does not print a per-unit combined figure): energy content x combined Scope 1 factor, both printed on the row; the 2023 PDF prints no per-unit figure (the 2025 workbook prints the same product)"
nga_combustion,DCCEEW NGA 2023,fuel_oil_residual_litre,2.931448,kg CO2-e/L,"DCCEEW (2023) National Greenhouse Accounts Factors 2023 (national-greenhouse-account-factors-2023.pdf; ""August 2023"", cover); p. 20; Table 8 Direct (Scope 1) and indirect (scope 3) emission factors for the consumption of liquid fuels, including certain petroleum based products for stationary energy purposes, row ""Fuel oil"", column ""Energy Content factor; Scope 1 Emission Factor (kg CO2-e/GJ), Combined gases""; the August 2023 publication (no correction recorded; section 1.2: the factors replace those of the 2022 workbook); 39.7 x 73.84 = 2931.448 kg CO2-e/kL; / 1,000 = 2.931448 kg CO2-e/L (computed here; the 2023 PDF does not print a per-unit combined figure): energy content x combined Scope 1 factor, both printed on the row; the 2023 PDF prints no per-unit figure (the 2025 workbook prints the same product)"
nga_mobile,DCCEEW NGA 2023,petrol:energy_content,34.2,GJ/kL,"DCCEEW (2023) National Greenhouse Accounts Factors 2023; p. 24; Table 9 Direct (scope 1) and indirect (scope 3) emission factors for the consumption of transport fuels in different transport equipment, row ""Cars and light commercial vehicles, Gasoline"""
nga_mobile,DCCEEW NGA 2023,diesel:energy_content,38.6,GJ/kL,"DCCEEW (2023) National Greenhouse Accounts Factors 2023; p. 24; Table 9 Direct (scope 1) and indirect (scope 3) emission factors for the consumption of transport fuels in different transport equipment, row ""Cars and light commercial vehicles, Diesel oil (and every Heavy duty diesel row: Diesel oil - Euro iv or higher, Euro iii, Euro i, all 38.6, printed p.25 / PDF p.26)"""
nga_mobile,DCCEEW NGA 2023,petrol:co2,67.4,kg CO2-e/GJ,"DCCEEW (2023) National Greenhouse Accounts Factors 2023;  p. 24; Table 9 Direct (scope 1) and indirect (scope 3) emission factors for the consumption of transport fuels in different transport equipment, row ""Cars and light commercial vehicles, Gasoline"", column ""Scope 1 Emission Factor CO2"""
nga_mobile,DCCEEW NGA 2023,diesel:co2,69.9,kg CO2-e/GJ,"DCCEEW (2023) National Greenhouse Accounts Factors 2023;  p. 24; Table 9 Direct (scope 1) and indirect (scope 3) emission factors for the consumption of transport fuels in different transport equipment, row ""Cars and light commercial vehicles, Diesel oil (and every Heavy duty diesel row, printed p.25 / PDF p.26, all printed 69.9)"", column ""Scope 1 Emission Factor CO2"""
nga_mobile,DCCEEW NGA 2023,petrol:light:Cars and light commercial vehicles:manufactured 2004 or later:ch4,0.02,kg CO2-e/GJ,"DCCEEW (2023) National Greenhouse Accounts Factors 2023;  p. 24; Table 9 Direct (scope 1) and indirect (scope 3) emission factors for the consumption of transport fuels in different transport equipment, row ""Cars and light commercial vehicles, Gasoline, manufactured 2004 or later"", column ""Scope 1 Emission Factor (kg CO2-e/GJ): CH4, N2O"""
nga_mobile,DCCEEW NGA 2023,petrol:light:Cars and light commercial vehicles:manufactured 2004 or later:n2o,0.2,kg CO2-e/GJ,"DCCEEW (2023) National Greenhouse Accounts Factors 2023;  p. 24; Table 9 Direct (scope 1) and indirect (scope 3) emission factors for the consumption of transport fuels in different transport equipment, row ""Cars and light commercial vehicles, Gasoline, manufactured 2004 or later"", column ""Scope 1 Emission Factor (kg CO2-e/GJ): CH4, N2O"""
nga_mobile,DCCEEW NGA 2023,petrol:light:Cars and light commercial vehicles:manufactured prior to 2004:ch4,0.6,kg CO2-e/GJ,"DCCEEW (2023) National Greenhouse Accounts Factors 2023;  p. 25; Table 9 Direct (scope 1) and indirect (scope 3) emission factors for the consumption of transport fuels in different transport equipment, notes, row ""Cars and light commercial vehicles, Gasoline, manufactured prior to 2004"", column ""Scope 1 Emission Factor (kg CO2-e/GJ): CH4, N2O"""
nga_mobile,DCCEEW NGA 2023,petrol:light:Cars and light commercial vehicles:manufactured prior to 2004:n2o,1.6,kg CO2-e/GJ,"DCCEEW (2023) National Greenhouse Accounts Factors 2023;  p. 25; Table 9 Direct (scope 1) and indirect (scope 3) emission factors for the consumption of transport fuels in different transport equipment, notes, row ""Cars and light commercial vehicles, Gasoline, manufactured prior to 2004"", column ""Scope 1 Emission Factor (kg CO2-e/GJ): CH4, N2O"""
nga_mobile,DCCEEW NGA 2023,diesel:light:Cars and light commercial vehicles:manufactured 2004 or later:ch4,0.01,kg CO2-e/GJ,"DCCEEW (2023) National Greenhouse Accounts Factors 2023;  p. 24; Table 9 Direct (scope 1) and indirect (scope 3) emission factors for the consumption of transport fuels in different transport equipment, row ""Cars and light commercial vehicles, Diesel oil, manufactured 2004 or later"", column ""Scope 1 Emission Factor (kg CO2-e/GJ): CH4, N2O"""
nga_mobile,DCCEEW NGA 2023,diesel:light:Cars and light commercial vehicles:manufactured 2004 or later:n2o,0.5,kg CO2-e/GJ,"DCCEEW (2023) National Greenhouse Accounts Factors 2023;  p. 24; Table 9 Direct (scope 1) and indirect (scope 3) emission factors for the consumption of transport fuels in different transport equipment, row ""Cars and light commercial vehicles, Diesel oil, manufactured 2004 or later"", column ""Scope 1 Emission Factor (kg CO2-e/GJ): CH4, N2O"""
nga_mobile,DCCEEW NGA 2023,diesel:light:Cars and light commercial vehicles:manufactured prior to 2004:ch4,0.1,kg CO2-e/GJ,"DCCEEW (2023) National Greenhouse Accounts Factors 2023;  p. 25; Table 9 Direct (scope 1) and indirect (scope 3) emission factors for the consumption of transport fuels in different transport equipment, notes, row ""Cars and light commercial vehicles, Diesel oil, manufactured prior to 2004"", column ""Scope 1 Emission Factor (kg CO2-e/GJ): CH4, N2O"""
nga_mobile,DCCEEW NGA 2023,diesel:light:Cars and light commercial vehicles:manufactured prior to 2004:n2o,0.4,kg CO2-e/GJ,"DCCEEW (2023) National Greenhouse Accounts Factors 2023;  p. 25; Table 9 Direct (scope 1) and indirect (scope 3) emission factors for the consumption of transport fuels in different transport equipment, notes, row ""Cars and light commercial vehicles, Diesel oil, manufactured prior to 2004"", column ""Scope 1 Emission Factor (kg CO2-e/GJ): CH4, N2O"""
nga_mobile,DCCEEW NGA 2023,diesel:heavy:Heavy duty vehicles:Euro iv or higher:ch4,0.07,kg CO2-e/GJ,"DCCEEW (2023) National Greenhouse Accounts Factors 2023;  p. 25; Table 9 Direct (scope 1) and indirect (scope 3) emission factors for the consumption of transport fuels in different transport equipment, row ""Heavy duty vehicles, Diesel oil, Euro iv or higher"", column ""Scope 1 Emission Factor (kg CO2-e/GJ): CH4, N2O"""
nga_mobile,DCCEEW NGA 2023,diesel:heavy:Heavy duty vehicles:Euro iv or higher:n2o,0.4,kg CO2-e/GJ,"DCCEEW (2023) National Greenhouse Accounts Factors 2023;  p. 25; Table 9 Direct (scope 1) and indirect (scope 3) emission factors for the consumption of transport fuels in different transport equipment, row ""Heavy duty vehicles, Diesel oil, Euro iv or higher"", column ""Scope 1 Emission Factor (kg CO2-e/GJ): CH4, N2O"""
nga_mobile,DCCEEW NGA 2023,diesel:heavy:Heavy duty vehicles:Euro iii:ch4,0.1,kg CO2-e/GJ,"DCCEEW (2023) National Greenhouse Accounts Factors 2023;  p. 25; Table 9 Direct (scope 1) and indirect (scope 3) emission factors for the consumption of transport fuels in different transport equipment, row ""Heavy duty vehicles, Diesel oil, Euro iii"", column ""Scope 1 Emission Factor (kg CO2-e/GJ): CH4, N2O"""
nga_mobile,DCCEEW NGA 2023,diesel:heavy:Heavy duty vehicles:Euro iii:n2o,0.4,kg CO2-e/GJ,"DCCEEW (2023) National Greenhouse Accounts Factors 2023;  p. 25; Table 9 Direct (scope 1) and indirect (scope 3) emission factors for the consumption of transport fuels in different transport equipment, row ""Heavy duty vehicles, Diesel oil, Euro iii"", column ""Scope 1 Emission Factor (kg CO2-e/GJ): CH4, N2O"""
nga_mobile,DCCEEW NGA 2023,diesel:heavy:Heavy duty vehicles:Euro i:ch4,0.2,kg CO2-e/GJ,"DCCEEW (2023) National Greenhouse Accounts Factors 2023;  p. 25; Table 9 Direct (scope 1) and indirect (scope 3) emission factors for the consumption of transport fuels in different transport equipment, row ""Heavy duty vehicles, Diesel oil, Euro i"", column ""Scope 1 Emission Factor (kg CO2-e/GJ): CH4, N2O"""
nga_mobile,DCCEEW NGA 2023,diesel:heavy:Heavy duty vehicles:Euro i:n2o,0.4,kg CO2-e/GJ,"DCCEEW (2023) National Greenhouse Accounts Factors 2023;  p. 25; Table 9 Direct (scope 1) and indirect (scope 3) emission factors for the consumption of transport fuels in different transport equipment, row ""Heavy duty vehicles, Diesel oil, Euro i"", column ""Scope 1 Emission Factor (kg CO2-e/GJ): CH4, N2O"""
nga_mobile,DCCEEW NGA 2023,petrol:non_road:Equipment not registered for road use (stationary energy purposes):ch4,0.2,kg CO2-e/GJ,"DCCEEW (2023) National Greenhouse Accounts Factors 2023;  p. 20; Table 8 Direct (Scope 1) and indirect (scope 3) emission factors for the consumption of liquid fuels, including certain petroleum based products for stationary energy purposes, row ""Automotive gasoline/petrol (other than for use as fuel in an aircraft)"", column ""Scope 1 Emission Factor (kg CO2-e/GJ): CH4, N2O"""
nga_mobile,DCCEEW NGA 2023,petrol:non_road:Equipment not registered for road use (stationary energy purposes):n2o,0.2,kg CO2-e/GJ,"DCCEEW (2023) National Greenhouse Accounts Factors 2023;  p. 20; Table 8 Direct (Scope 1) and indirect (scope 3) emission factors for the consumption of liquid fuels, including certain petroleum based products for stationary energy purposes, row ""Automotive gasoline/petrol (other than for use as fuel in an aircraft)"", column ""Scope 1 Emission Factor (kg CO2-e/GJ): CH4, N2O"""
nga_mobile,DCCEEW NGA 2023,diesel:non_road:Equipment not registered for road use (stationary energy purposes):ch4,0.1,kg CO2-e/GJ,"DCCEEW (2023) National Greenhouse Accounts Factors 2023;  p. 20; Table 8 Direct (Scope 1) and indirect (scope 3) emission factors for the consumption of liquid fuels, including certain petroleum based products for stationary energy purposes, row ""Diesel oil"", column ""Scope 1 Emission Factor (kg CO2-e/GJ): CH4, N2O"""
nga_mobile,DCCEEW NGA 2023,diesel:non_road:Equipment not registered for road use (stationary energy purposes):n2o,0.2,kg CO2-e/GJ,"DCCEEW (2023) National Greenhouse Accounts Factors 2023;  p. 20; Table 8 Direct (Scope 1) and indirect (scope 3) emission factors for the consumption of liquid fuels, including certain petroleum based products for stationary energy purposes, row ""Diesel oil"", column ""Scope 1 Emission Factor (kg CO2-e/GJ): CH4, N2O"""
nga_scope3,DCCEEW NGA 2023,electricity:NSW_ACT,0.05,kg CO2-e/kWh,"DCCEEW (2023) National Greenhouse Accounts Factors 2023; p. 7; Table 1 Indirect (scope 2 and scope 3) emission factors from consumption of purchased or acquired electricity: Location based approach, row ""New South Wales and Australian Capital Territory"", column ""Scope 3 Emission Factors (kg CO2-e/kWh)"""
nga_scope3,DCCEEW NGA 2023,electricity:VIC,0.07,kg CO2-e/kWh,"DCCEEW (2023) National Greenhouse Accounts Factors 2023; p. 7; Table 1 Indirect (scope 2 and scope 3) emission factors from consumption of purchased or acquired electricity: Location based approach, row ""Victoria"", column ""Scope 3 Emission Factors (kg CO2-e/kWh)"""
nga_scope3,DCCEEW NGA 2023,electricity:QLD,0.15,kg CO2-e/kWh,"DCCEEW (2023) National Greenhouse Accounts Factors 2023; p. 7; Table 1 Indirect (scope 2 and scope 3) emission factors from consumption of purchased or acquired electricity: Location based approach, row ""Queensland"", column ""Scope 3 Emission Factors (kg CO2-e/kWh)"""
nga_scope3,DCCEEW NGA 2023,electricity:SA,0.08,kg CO2-e/kWh,"DCCEEW (2023) National Greenhouse Accounts Factors 2023; p. 7; Table 1 Indirect (scope 2 and scope 3) emission factors from consumption of purchased or acquired electricity: Location based approach, row ""South Australia"", column ""Scope 3 Emission Factors (kg CO2-e/kWh)"""
nga_scope3,DCCEEW NGA 2023,electricity:WA_SWIS,0.04,kg CO2-e/kWh,"DCCEEW (2023) National Greenhouse Accounts Factors 2023; p. 7; Table 1 Indirect (scope 2 and scope 3) emission factors from consumption of purchased or acquired electricity: Location based approach, row ""Western Australia - South West Interconnected System (SWIS)"", column ""Scope 3 Emission Factors (kg CO2-e/kWh)"""
nga_scope3,DCCEEW NGA 2023,electricity:WA_NWIS,0.07,kg CO2-e/kWh,"DCCEEW (2023) National Greenhouse Accounts Factors 2023; p. 8; Table 1 Indirect (scope 2 and scope 3) emission factors from consumption of purchased or acquired electricity: Location based approach, row ""Western Australia - North Western Interconnected System (NWIS)"", column ""Scope 3 Emission Factors (kg CO2-e/kWh)"""
nga_scope3,DCCEEW NGA 2023,electricity:TAS,0.01,kg CO2-e/kWh,"DCCEEW (2023) National Greenhouse Accounts Factors 2023; p. 8; Table 1 Indirect (scope 2 and scope 3) emission factors from consumption of purchased or acquired electricity: Location based approach, row ""Tasmania"", column ""Scope 3 Emission Factors (kg CO2-e/kWh)"""
nga_scope3,DCCEEW NGA 2023,electricity:NT_DKIS,0.07,kg CO2-e/kWh,"DCCEEW (2023) National Greenhouse Accounts Factors 2023; p. 8; Table 1 Indirect (scope 2 and scope 3) emission factors from consumption of purchased or acquired electricity: Location based approach, row ""Northern territory - Darwin Katherine Interconnected System (DKIS)"", column ""Scope 3 Emission Factors (kg CO2-e/kWh)"""
nga_scope3,DCCEEW NGA 2023,electricity:NATIONAL,0.08,kg CO2-e/kWh,"DCCEEW (2023) National Greenhouse Accounts Factors 2023; p. 8; Table 1 Indirect (scope 2 and scope 3) emission factors from consumption of purchased or acquired electricity: Location based approach, row ""National"", column ""Scope 3 Emission Factors (kg CO2-e/kWh)"""
nga_scope3,DCCEEW NGA 2023,electricity:residual_mix,0.1,kg CO2-e/kWh,"DCCEEW (2023) National Greenhouse Accounts Factors 2023; p. 8; Table 2a Indirect (scope 2 and scope 3) emission factors from consumption of purchased or acquired electricity: market-based factors, row ""National"""
nga_scope3,DCCEEW NGA 2023,natural_gas:NSW_ACT:metro,13.1,kg CO2-e/GJ,"DCCEEW (2023) National Greenhouse Accounts Factors 2023; p. 17; Table 6 Indirect (Scope 3) emission factors for the consumption of natural gas, row ""New South Wales and ACT"", column ""Scope 3 Emission Factors for Natural Gas (kg CO2-e/GJ), Metro"""
nga_scope3,DCCEEW NGA 2023,natural_gas:NSW_ACT:non_metro,14,kg CO2-e/GJ,"DCCEEW (2023) National Greenhouse Accounts Factors 2023; p. 17; Table 6 Indirect (Scope 3) emission factors for the consumption of natural gas, row ""New South Wales and ACT"", column ""Scope 3 Emission Factors for Natural Gas (kg CO2-e/GJ), Non-Metro"""
nga_scope3,DCCEEW NGA 2023,natural_gas:VIC:metro,4,kg CO2-e/GJ,"DCCEEW (2023) National Greenhouse Accounts Factors 2023; p. 17; Table 6 Indirect (Scope 3) emission factors for the consumption of natural gas, row ""Victoria"", column ""Scope 3 Emission Factors for Natural Gas (kg CO2-e/GJ), Metro"""
nga_scope3,DCCEEW NGA 2023,natural_gas:VIC:non_metro,4,kg CO2-e/GJ,"DCCEEW (2023) National Greenhouse Accounts Factors 2023; p. 17; Table 6 Indirect (Scope 3) emission factors for the consumption of natural gas, row ""Victoria"", column ""Scope 3 Emission Factors for Natural Gas (kg CO2-e/GJ), Non-Metro"""
nga_scope3,DCCEEW NGA 2023,natural_gas:QLD:metro,8.8,kg CO2-e/GJ,"DCCEEW (2023) National Greenhouse Accounts Factors 2023; p. 17; Table 6 Indirect (Scope 3) emission factors for the consumption of natural gas, row ""Queensland"", column ""Scope 3 Emission Factors for Natural Gas (kg CO2-e/GJ), Metro"""
nga_scope3,DCCEEW NGA 2023,natural_gas:QLD:non_metro,7.9,kg CO2-e/GJ,"DCCEEW (2023) National Greenhouse Accounts Factors 2023; p. 17; Table 6 Indirect (Scope 3) emission factors for the consumption of natural gas, row ""Queensland"", column ""Scope 3 Emission Factors for Natural Gas (kg CO2-e/GJ), Non-Metro"""
nga_scope3,DCCEEW NGA 2023,natural_gas:SA:metro,10.7,kg CO2-e/GJ,"DCCEEW (2023) National Greenhouse Accounts Factors 2023; p. 17; Table 6 Indirect (Scope 3) emission factors for the consumption of natural gas, row ""South Australia"", column ""Scope 3 Emission Factors for Natural Gas (kg CO2-e/GJ), Metro"""
nga_scope3,DCCEEW NGA 2023,natural_gas:SA:non_metro,10.6,kg CO2-e/GJ,"DCCEEW (2023) National Greenhouse Accounts Factors 2023; p. 17; Table 6 Indirect (Scope 3) emission factors for the consumption of natural gas, row ""South Australia"", column ""Scope 3 Emission Factors for Natural Gas (kg CO2-e/GJ), Non-Metro"""
nga_scope3,DCCEEW NGA 2023,natural_gas:WA:metro,4.1,kg CO2-e/GJ,"DCCEEW (2023) National Greenhouse Accounts Factors 2023; p. 17; Table 6 Indirect (Scope 3) emission factors for the consumption of natural gas, row ""Western Australia"", column ""Scope 3 Emission Factors for Natural Gas (kg CO2-e/GJ), Metro"""
nga_scope3,DCCEEW NGA 2023,natural_gas:WA:non_metro,4,kg CO2-e/GJ,"DCCEEW (2023) National Greenhouse Accounts Factors 2023; p. 17; Table 6 Indirect (Scope 3) emission factors for the consumption of natural gas, row ""Western Australia"", column ""Scope 3 Emission Factors for Natural Gas (kg CO2-e/GJ), Non-Metro"""
nga_scope3,DCCEEW NGA 2023,natural_gas:TAS:metro,null (printed C),kg CO2-e/GJ,"DCCEEW (2023) National Greenhouse Accounts Factors 2023; p. 17; Table 6 Indirect (Scope 3) emission factors for the consumption of natural gas, row ""Tasmania"", column ""Scope 3 Emission Factors for Natural Gas (kg CO2-e/GJ), Metro"""
nga_scope3,DCCEEW NGA 2023,natural_gas:TAS:non_metro,null (printed C),kg CO2-e/GJ,"DCCEEW (2023) National Greenhouse Accounts Factors 2023; p. 17; Table 6 Indirect (Scope 3) emission factors for the consumption of natural gas, row ""Tasmania"", column ""Scope 3 Emission Factors for Natural Gas (kg CO2-e/GJ), Non-Metro"""
nga_scope3,DCCEEW NGA 2023,natural_gas:NT:metro,null (printed C),kg CO2-e/GJ,"DCCEEW (2023) National Greenhouse Accounts Factors 2023; p. 17; Table 6 Indirect (Scope 3) emission factors for the consumption of natural gas, row ""Northern Territory"", column ""Scope 3 Emission Factors for Natural Gas (kg CO2-e/GJ), Metro"""
nga_scope3,DCCEEW NGA 2023,natural_gas:NT:non_metro,null (printed C),kg CO2-e/GJ,"DCCEEW (2023) National Greenhouse Accounts Factors 2023; p. 17; Table 6 Indirect (Scope 3) emission factors for the consumption of natural gas, row ""Northern Territory"", column ""Scope 3 Emission Factors for Natural Gas (kg CO2-e/GJ), Non-Metro"""
mfe_combustion,MfE 2023,commercial:natural_gas_kwh,0.193531416,kg CO2-e/kWh,"MfE Measuring Emissions Guidance emission factors flat file, August 2023 (Measuring-Emissions-Guidance_EmissionFactors_FlatFile-Aug2023.xlsx); in!J50; Fuel / Stationary combustion fuel emission factors, row ""Commercial use, Natural Gas (kWh)"", column ""EmissionFactor (CO2e)""; the 2023.1 release, published 1 August 2023 (the workbook prints no version or correction)"
mfe_combustion,MfE 2023,commercial:diesel_litre,2.689139697,kg CO2-e/litre,"MfE Measuring Emissions Guidance emission factors flat file, August 2023 (Measuring-Emissions-Guidance_EmissionFactors_FlatFile-Aug2023.xlsx); in!J34; Fuel / Stationary combustion fuel emission factors, row ""Commercial use, Diesel (litre)"", column ""EmissionFactor (CO2e)""; the 2023.1 release, published 1 August 2023 (the workbook prints no version or correction)"
mfe_combustion,MfE 2023,commercial:propane_kg,2.971635097,kg CO2-e/kg,"MfE Measuring Emissions Guidance emission factors flat file, August 2023 (Measuring-Emissions-Guidance_EmissionFactors_FlatFile-Aug2023.xlsx); in!J38; Fuel / Stationary combustion fuel emission factors, row ""Commercial use, LPG (kg)"", column ""EmissionFactor (CO2e)""; the 2023.1 release, published 1 August 2023 (the workbook prints no version or correction)"
mfe_combustion,MfE 2023,commercial:fuel_oil_distillate_litre,2.970880948,kg CO2-e/litre,"MfE Measuring Emissions Guidance emission factors flat file, August 2023 (Measuring-Emissions-Guidance_EmissionFactors_FlatFile-Aug2023.xlsx); in!J46; Fuel / Stationary combustion fuel emission factors, row ""Commercial use, Light Fuel Oil (litre)"", column ""EmissionFactor (CO2e)""; the 2023.1 release, published 1 August 2023 (the workbook prints no version or correction)"
mfe_combustion,MfE 2023,commercial:fuel_oil_residual_litre,3.004558494,kg CO2-e/litre,"MfE Measuring Emissions Guidance emission factors flat file, August 2023 (Measuring-Emissions-Guidance_EmissionFactors_FlatFile-Aug2023.xlsx); in!J42; Fuel / Stationary combustion fuel emission factors, row ""Commercial use, Heavy Fuel Oil (litre)"", column ""EmissionFactor (CO2e)""; the 2023.1 release, published 1 August 2023 (the workbook prints no version or correction)"
mfe_combustion,MfE 2023,industrial:natural_gas_kwh,0.193168536,kg CO2-e/kWh,"MfE Measuring Emissions Guidance emission factors flat file, August 2023 (Measuring-Emissions-Guidance_EmissionFactors_FlatFile-Aug2023.xlsx); in!J90; Fuel / Stationary combustion fuel emission factors, row ""Industrial Use, Natural Gas (kWh)"", column ""EmissionFactor (CO2e)""; the 2023.1 release, published 1 August 2023 (the workbook prints no version or correction)"
mfe_combustion,MfE 2023,industrial:diesel_litre,2.68197247,kg CO2-e/litre,"MfE Measuring Emissions Guidance emission factors flat file, August 2023 (Measuring-Emissions-Guidance_EmissionFactors_FlatFile-Aug2023.xlsx); in!J74; Fuel / Stationary combustion fuel emission factors, row ""Industrial Use, Diesel (litre)"", column ""EmissionFactor (CO2e)""; the 2023.1 release, published 1 August 2023 (the workbook prints no version or correction)"
mfe_combustion,MfE 2023,industrial:propane_kg,2.966315097,kg CO2-e/kg,"MfE Measuring Emissions Guidance emission factors flat file, August 2023 (Measuring-Emissions-Guidance_EmissionFactors_FlatFile-Aug2023.xlsx); in!J78; Fuel / Stationary combustion fuel emission factors, row ""Industrial Use, LPG (kg)"", column ""EmissionFactor (CO2e)""; the 2023.1 release, published 1 August 2023 (the workbook prints no version or correction)"
mfe_combustion,MfE 2023,industrial:fuel_oil_distillate_litre,2.963348406,kg CO2-e/litre,"MfE Measuring Emissions Guidance emission factors flat file, August 2023 (Measuring-Emissions-Guidance_EmissionFactors_FlatFile-Aug2023.xlsx); in!J86; Fuel / Stationary combustion fuel emission factors, row ""Industrial Use, Light Fuel Oil (litre)"", column ""EmissionFactor (CO2e)""; the 2023.1 release, published 1 August 2023 (the workbook prints no version or correction)"
mfe_combustion,MfE 2023,industrial:fuel_oil_residual_litre,2.996972838,kg CO2-e/litre,"MfE Measuring Emissions Guidance emission factors flat file, August 2023 (Measuring-Emissions-Guidance_EmissionFactors_FlatFile-Aug2023.xlsx); in!J82; Fuel / Stationary combustion fuel emission factors, row ""Industrial Use, Heavy Fuel Oil (litre)"", column ""EmissionFactor (CO2e)""; the 2023.1 release, published 1 August 2023 (the workbook prints no version or correction)"
mfe_mobile,MfE 2023,diesel:co2,2.67308657,kg CO2-e/litre,"MfE Measuring Emissions Guidance emission factors flat file, August 2023 (Measuring-Emissions-Guidance_EmissionFactors_FlatFile-Aug2023.xlsx); 'in'!J107 ; Fuel / Transport fuel emission factors / Transport fuels, row ""Diesel (litre)"", column ""J (EmissionFactor) (CO2)"""
mfe_mobile,MfE 2023,petrol:co2,2.353256688,kg CO2-e/litre,"MfE Measuring Emissions Guidance emission factors flat file, August 2023 (Measuring-Emissions-Guidance_EmissionFactors_FlatFile-Aug2023.xlsx); 'in'!J99 ; Fuel / Transport fuel emission factors / Transport fuels, row ""Regular Petrol (litre)"", column ""J (EmissionFactor) (CO2)"""
mfe_mobile,MfE 2023,diesel:light:Transport fuels (no vehicle split):ch4,0.00399317,kg CO2-e/litre,"MfE Measuring Emissions Guidance emission factors flat file, August 2023 (Measuring-Emissions-Guidance_EmissionFactors_FlatFile-Aug2023.xlsx); 'in'!J108, 'in'!J109 ; Fuel / Transport fuel emission factors / Transport fuels, row ""Diesel (litre)"", column ""J EmissionFactor (CH4; N2O)"""
mfe_mobile,MfE 2023,diesel:light:Transport fuels (no vehicle split):n2o,0.037792498,kg CO2-e/litre,"MfE Measuring Emissions Guidance emission factors flat file, August 2023 (Measuring-Emissions-Guidance_EmissionFactors_FlatFile-Aug2023.xlsx); 'in'!J108, 'in'!J109 ; Fuel / Transport fuel emission factors / Transport fuels, row ""Diesel (litre)"", column ""J EmissionFactor (CH4; N2O)"""
mfe_mobile,MfE 2023,diesel:heavy:Transport fuels (no vehicle split):ch4,0.00399317,kg CO2-e/litre,"MfE Measuring Emissions Guidance emission factors flat file, August 2023 (Measuring-Emissions-Guidance_EmissionFactors_FlatFile-Aug2023.xlsx); 'in'!J108, 'in'!J109 ; Fuel / Transport fuel emission factors / Transport fuels, row ""Diesel (litre)"", column ""J EmissionFactor (CH4; N2O)"""
mfe_mobile,MfE 2023,diesel:heavy:Transport fuels (no vehicle split):n2o,0.037792498,kg CO2-e/litre,"MfE Measuring Emissions Guidance emission factors flat file, August 2023 (Measuring-Emissions-Guidance_EmissionFactors_FlatFile-Aug2023.xlsx); 'in'!J108, 'in'!J109 ; Fuel / Transport fuel emission factors / Transport fuels, row ""Diesel (litre)"", column ""J EmissionFactor (CH4; N2O)"""
mfe_mobile,MfE 2023,petrol:light:Transport fuels (no vehicle split):ch4,0.030935867,kg CO2-e/litre,"MfE Measuring Emissions Guidance emission factors flat file, August 2023 (Measuring-Emissions-Guidance_EmissionFactors_FlatFile-Aug2023.xlsx); 'in'!J100, 'in'!J101 ; Fuel / Transport fuel emission factors / Transport fuels, row ""Regular Petrol (litre)"", column ""J EmissionFactor (CH4; N2O)"""
mfe_mobile,MfE 2023,petrol:light:Transport fuels (no vehicle split):n2o,0.070978395,kg CO2-e/litre,"MfE Measuring Emissions Guidance emission factors flat file, August 2023 (Measuring-Emissions-Guidance_EmissionFactors_FlatFile-Aug2023.xlsx); 'in'!J100, 'in'!J101 ; Fuel / Transport fuel emission factors / Transport fuels, row ""Regular Petrol (litre)"", column ""J EmissionFactor (CH4; N2O)"""
mfe_mobile,MfE 2023,petrol:heavy:Transport fuels (no vehicle split):ch4,0.030935867,kg CO2-e/litre,"MfE Measuring Emissions Guidance emission factors flat file, August 2023 (Measuring-Emissions-Guidance_EmissionFactors_FlatFile-Aug2023.xlsx); 'in'!J100, 'in'!J101 ; Fuel / Transport fuel emission factors / Transport fuels, row ""Regular Petrol (litre)"", column ""J EmissionFactor (CH4; N2O)"""
mfe_mobile,MfE 2023,petrol:heavy:Transport fuels (no vehicle split):n2o,0.070978395,kg CO2-e/litre,"MfE Measuring Emissions Guidance emission factors flat file, August 2023 (Measuring-Emissions-Guidance_EmissionFactors_FlatFile-Aug2023.xlsx); 'in'!J100, 'in'!J101 ; Fuel / Transport fuel emission factors / Transport fuels, row ""Regular Petrol (litre)"", column ""J EmissionFactor (CH4; N2O)"""
mfe_mobile,MfE 2023,diesel:non_road:Transport fuels (no vehicle split):ch4,0.00399317,kg CO2-e/litre,"MfE Measuring Emissions Guidance emission factors flat file, August 2023 (Measuring-Emissions-Guidance_EmissionFactors_FlatFile-Aug2023.xlsx); 'in'!J108, 'in'!J109 ; Fuel / Transport fuel emission factors / Transport fuels, row ""Diesel (litre)"", column ""J EmissionFactor (CH4; N2O)"""
mfe_mobile,MfE 2023,diesel:non_road:Transport fuels (no vehicle split):n2o,0.037792498,kg CO2-e/litre,"MfE Measuring Emissions Guidance emission factors flat file, August 2023 (Measuring-Emissions-Guidance_EmissionFactors_FlatFile-Aug2023.xlsx); 'in'!J108, 'in'!J109 ; Fuel / Transport fuel emission factors / Transport fuels, row ""Diesel (litre)"", column ""J EmissionFactor (CH4; N2O)"""
mfe_mobile,MfE 2023,petrol:non_road:Transport fuels (no vehicle split):ch4,0.030935867,kg CO2-e/litre,"MfE Measuring Emissions Guidance emission factors flat file, August 2023 (Measuring-Emissions-Guidance_EmissionFactors_FlatFile-Aug2023.xlsx); 'in'!J100, 'in'!J101 ; Fuel / Transport fuel emission factors / Transport fuels, row ""Regular Petrol (litre)"", column ""J EmissionFactor (CH4; N2O)"""
mfe_mobile,MfE 2023,petrol:non_road:Transport fuels (no vehicle split):n2o,0.070978395,kg CO2-e/litre,"MfE Measuring Emissions Guidance emission factors flat file, August 2023 (Measuring-Emissions-Guidance_EmissionFactors_FlatFile-Aug2023.xlsx); 'in'!J100, 'in'!J101 ; Fuel / Transport fuel emission factors / Transport fuels, row ""Regular Petrol (litre)"", column ""J EmissionFactor (CH4; N2O)"""
mfe_grid,MfE 2026 v2 (2023 row),GRID_EF.NZ:2023,0.0765687,kg CO2-e/kWh,"MfE Measuring Emissions emission factors 2026 v2 (emission_factors_2026_v2.xlsx, release 2026.2); data!J1600; Purchased Electricity, Heat, and Steam / Purchased Electricity, row ""Annual Averages, Electricity Used - 2023 (kWh)"", column ""EmissionFactor (GHG_TOTAL_KGCO2_e)""; release 2026.2 (the 29 May 2026 correction, which concerned waste factors); held rounded as 0.0766 until T3d 2024"
mfe_grid,MfE 2026 v2 (2024 row),GRID_EF.NZ:2024,0.0993596,kg CO2-e/kWh,"MfE Measuring Emissions emission factors 2026 v2 (emission_factors_2026_v2.xlsx, release 2026.2); data!J1604; Purchased Electricity, Heat, and Steam / Purchased Electricity, row ""Annual Averages, Electricity Used - 2024 (kWh)"", column ""EmissionFactor (GHG_TOTAL_KGCO2_e)""; release 2026.2 (the 29 May 2026 correction, which concerned waste factors); held rounded as 0.0994 until T3d 2024"
mfe_grid,MfE 2026 v2 (2025 row),GRID_EF.NZ:2025,0.0786625,kg CO2-e/kWh,"MfE Measuring Emissions emission factors 2026 v2 (emission_factors_2026_v2.xlsx, release 2026.2); data!J1608; Purchased Electricity, Heat, and Steam / Purchased Electricity, row ""Annual Averages, Electricity Used - 2025 (kWh)"", column ""EmissionFactor (GHG_TOTAL_KGCO2_e)""; release 2026.2 (the 29 May 2026 correction, which concerned waste factors); held rounded as 0.0787 until T3d 2024"
mfe_td,MfE 2026 v2 (2023 row),NZ_TD_LOSS:2023,0.00573639,kg CO2-e/kWh,"MfE Measuring Emissions emission factors 2026 v2 (emission_factors_2026_v2.xlsx, release 2026.2); data!J1704; Purchased Electricity, Heat, and Steam / Transmission and distribution losses, row ""Electricity Consumption, Electricity Used - 2023 (kWh)"", column ""EmissionFactor (GHG_TOTAL_KGCO2_e)""; release 2026.2 (the 29 May 2026 correction, which concerned waste factors)"
aib,AIB 2023,EU_AT,null (printed N/A),g CO2/kWh,"AIB European Residual Mixes 2023, Version 1.0, 2024-05-30 (AIB-2023-residual-mix-results.xlsx; AIB-2023-residual-mix-final-results-v1.0.pdf); Residual Mixes!Q2; p. PDF Table 2, p. 7; Residual Mixes, row ""AT"", column ""CO2 (gCO2/kWh)""; Version 1.0, 2024-05-30 (the original publication); Table 2 prints ""N/A"" (p. 7): full disclosure, ""the residual mix is not applicable"". The spreadsheet stores 0 in Q2; Table 2 governs, so null, never 0."
aib,AIB 2023,EU_BE,167.49,g CO2/kWh,"AIB European Residual Mixes 2023, Version 1.0, 2024-05-30 (AIB-2023-residual-mix-results.xlsx; AIB-2023-residual-mix-final-results-v1.0.pdf); Residual Mixes!Q4; p. PDF Table 2, p. 7; Residual Mixes, row ""BE"", column ""CO2 (gCO2/kWh)""; Version 1.0, 2024-05-30 (the original publication)"
aib,AIB 2023,EU_BG,418.7,g CO2/kWh,"AIB European Residual Mixes 2023, Version 1.0, 2024-05-30 (AIB-2023-residual-mix-results.xlsx; AIB-2023-residual-mix-final-results-v1.0.pdf); Residual Mixes!Q5; p. PDF Table 2, p. 7; Residual Mixes, row ""BG"", column ""CO2 (gCO2/kWh)""; Version 1.0, 2024-05-30 (the original publication)"
aib,AIB 2023,EU_CY,595.03,g CO2/kWh,"AIB European Residual Mixes 2023, Version 1.0, 2024-05-30 (AIB-2023-residual-mix-results.xlsx; AIB-2023-residual-mix-final-results-v1.0.pdf); Residual Mixes!Q7; p. PDF Table 2, p. 7; Residual Mixes, row ""CY"", column ""CO2 (gCO2/kWh)""; Version 1.0, 2024-05-30 (the original publication)"
aib,AIB 2023,EU_CZ,658.58,g CO2/kWh,"AIB European Residual Mixes 2023, Version 1.0, 2024-05-30 (AIB-2023-residual-mix-results.xlsx; AIB-2023-residual-mix-final-results-v1.0.pdf); Residual Mixes!Q8; p. PDF Table 2, p. 7; Residual Mixes, row ""CZ"", column ""CO2 (gCO2/kWh)""; Version 1.0, 2024-05-30 (the original publication)"
aib,AIB 2023,EU_DE,719.9,g CO2/kWh,"AIB European Residual Mixes 2023, Version 1.0, 2024-05-30 (AIB-2023-residual-mix-results.xlsx; AIB-2023-residual-mix-final-results-v1.0.pdf); Residual Mixes!Q9; p. PDF Table 2, p. 7; Residual Mixes, row ""DE"", column ""CO2 (gCO2/kWh)""; Version 1.0, 2024-05-30 (the original publication)"
aib,AIB 2023,EU_DK,582.75,g CO2/kWh,"AIB European Residual Mixes 2023, Version 1.0, 2024-05-30 (AIB-2023-residual-mix-results.xlsx; AIB-2023-residual-mix-final-results-v1.0.pdf); Residual Mixes!Q10; p. PDF Table 2, p. 7; Residual Mixes, row ""DK"", column ""CO2 (gCO2/kWh)""; Version 1.0, 2024-05-30 (the original publication)"
aib,AIB 2023,EU_EE,711.66,g CO2/kWh,"AIB European Residual Mixes 2023, Version 1.0, 2024-05-30 (AIB-2023-residual-mix-results.xlsx; AIB-2023-residual-mix-final-results-v1.0.pdf); Residual Mixes!Q11; p. PDF Table 2, p. 7; Residual Mixes, row ""EE"", column ""CO2 (gCO2/kWh)""; Version 1.0, 2024-05-30 (the original publication)"
aib,AIB 2023,EU_EL,491.78,g CO2/kWh,"AIB European Residual Mixes 2023, Version 1.0, 2024-05-30 (AIB-2023-residual-mix-results.xlsx; AIB-2023-residual-mix-final-results-v1.0.pdf); Residual Mixes!Q16; p. PDF Table 2, p. 7; Residual Mixes, row ""GR"", column ""CO2 (gCO2/kWh)""; Version 1.0, 2024-05-30 (the original publication)"
aib,AIB 2023,EU_ES,282.45,g CO2/kWh,"AIB European Residual Mixes 2023, Version 1.0, 2024-05-30 (AIB-2023-residual-mix-results.xlsx; AIB-2023-residual-mix-final-results-v1.0.pdf); Residual Mixes!Q12; p. PDF Table 2, p. 7; Residual Mixes, row ""ES"", column ""CO2 (gCO2/kWh)""; Version 1.0, 2024-05-30 (the original publication)"
aib,AIB 2023,EU_FI,565.31,g CO2/kWh,"AIB European Residual Mixes 2023, Version 1.0, 2024-05-30 (AIB-2023-residual-mix-results.xlsx; AIB-2023-residual-mix-final-results-v1.0.pdf); Residual Mixes!Q13; p. PDF Table 2, p. 7; Residual Mixes, row ""FI"", column ""CO2 (gCO2/kWh)""; Version 1.0, 2024-05-30 (the original publication)"
aib,AIB 2023,EU_FR,40.74,g CO2/kWh,"AIB European Residual Mixes 2023, Version 1.0, 2024-05-30 (AIB-2023-residual-mix-results.xlsx; AIB-2023-residual-mix-final-results-v1.0.pdf); Residual Mixes!Q14; p. PDF Table 2, p. 7; Residual Mixes, row ""FR"", column ""CO2 (gCO2/kWh)""; Version 1.0, 2024-05-30 (the original publication)"
aib,AIB 2023,EU_HR,550.15,g CO2/kWh,"AIB European Residual Mixes 2023, Version 1.0, 2024-05-30 (AIB-2023-residual-mix-results.xlsx; AIB-2023-residual-mix-final-results-v1.0.pdf); Residual Mixes!Q17; p. PDF Table 2, p. 8; Residual Mixes, row ""HR"", column ""CO2 (gCO2/kWh)""; Version 1.0, 2024-05-30 (the original publication)"
aib,AIB 2023,EU_HU,322.63,g CO2/kWh,"AIB European Residual Mixes 2023, Version 1.0, 2024-05-30 (AIB-2023-residual-mix-results.xlsx; AIB-2023-residual-mix-final-results-v1.0.pdf); Residual Mixes!Q18; p. PDF Table 2, p. 8; Residual Mixes, row ""HU"", column ""CO2 (gCO2/kWh)""; Version 1.0, 2024-05-30 (the original publication)"
aib,AIB 2023,EU_IE,445.5,g CO2/kWh,"AIB European Residual Mixes 2023, Version 1.0, 2024-05-30 (AIB-2023-residual-mix-results.xlsx; AIB-2023-residual-mix-final-results-v1.0.pdf); Residual Mixes!Q19; p. PDF Table 2, p. 8; Residual Mixes, row ""IE"", column ""CO2 (gCO2/kWh)""; Version 1.0, 2024-05-30 (the original publication)"
aib,AIB 2023,EU_IT,500.57,g CO2/kWh,"AIB European Residual Mixes 2023, Version 1.0, 2024-05-30 (AIB-2023-residual-mix-results.xlsx; AIB-2023-residual-mix-final-results-v1.0.pdf); Residual Mixes!Q21; p. PDF Table 2, p. 8; Residual Mixes, row ""IT"", column ""CO2 (gCO2/kWh)""; Version 1.0, 2024-05-30 (the original publication)"
aib,AIB 2023,EU_LT,583.15,g CO2/kWh,"AIB European Residual Mixes 2023, Version 1.0, 2024-05-30 (AIB-2023-residual-mix-results.xlsx; AIB-2023-residual-mix-final-results-v1.0.pdf); Residual Mixes!Q22; p. PDF Table 2, p. 8; Residual Mixes, row ""LT"", column ""CO2 (gCO2/kWh)""; Version 1.0, 2024-05-30 (the original publication)"
aib,AIB 2023,EU_LU,357.9,g CO2/kWh,"AIB European Residual Mixes 2023, Version 1.0, 2024-05-30 (AIB-2023-residual-mix-results.xlsx; AIB-2023-residual-mix-final-results-v1.0.pdf); Residual Mixes!Q23; p. PDF Table 2, p. 8; Residual Mixes, row ""LU"", column ""CO2 (gCO2/kWh)""; Version 1.0, 2024-05-30 (the original publication)"
aib,AIB 2023,EU_LV,535.37,g CO2/kWh,"AIB European Residual Mixes 2023, Version 1.0, 2024-05-30 (AIB-2023-residual-mix-results.xlsx; AIB-2023-residual-mix-final-results-v1.0.pdf); Residual Mixes!Q24; p. PDF Table 2, p. 8; Residual Mixes, row ""LV"", column ""CO2 (gCO2/kWh)""; Version 1.0, 2024-05-30 (the original publication)"
aib,AIB 2023,EU_MT,408.22,g CO2/kWh,"AIB European Residual Mixes 2023, Version 1.0, 2024-05-30 (AIB-2023-residual-mix-results.xlsx; AIB-2023-residual-mix-final-results-v1.0.pdf); Residual Mixes!Q26; p. PDF Table 2, p. 8; Residual Mixes, row ""MT"", column ""CO2 (gCO2/kWh)""; Version 1.0, 2024-05-30 (the original publication)"
aib,AIB 2023,EU_NL,379.89,g CO2/kWh,"AIB European Residual Mixes 2023, Version 1.0, 2024-05-30 (AIB-2023-residual-mix-results.xlsx; AIB-2023-residual-mix-final-results-v1.0.pdf); Residual Mixes!Q27; p. PDF Table 2, p. 8; Residual Mixes, row ""NL"", column ""CO2 (gCO2/kWh)""; Version 1.0, 2024-05-30 (the original publication); Table 2 prints 379,89 (p. 8). PDF pp. 1 to 2: the Netherlands have full disclosure regulation but ""residual mixes can still be calculated and are included in the results"" in this edition. Held as printed."
aib,AIB 2023,EU_PL,788.24,g CO2/kWh,"AIB European Residual Mixes 2023, Version 1.0, 2024-05-30 (AIB-2023-residual-mix-results.xlsx; AIB-2023-residual-mix-final-results-v1.0.pdf); Residual Mixes!Q29; p. PDF Table 2, p. 8; Residual Mixes, row ""PL"", column ""CO2 (gCO2/kWh)""; Version 1.0, 2024-05-30 (the original publication)"
aib,AIB 2023,EU_PT,539.01,g CO2/kWh,"AIB European Residual Mixes 2023, Version 1.0, 2024-05-30 (AIB-2023-residual-mix-results.xlsx; AIB-2023-residual-mix-final-results-v1.0.pdf); Residual Mixes!Q30; p. PDF Table 2, p. 8; Residual Mixes, row ""PT"", column ""CO2 (gCO2/kWh)""; Version 1.0, 2024-05-30 (the original publication)"
aib,AIB 2023,EU_RO,212.54,g CO2/kWh,"AIB European Residual Mixes 2023, Version 1.0, 2024-05-30 (AIB-2023-residual-mix-results.xlsx; AIB-2023-residual-mix-final-results-v1.0.pdf); Residual Mixes!Q31; p. PDF Table 2, p. 8; Residual Mixes, row ""RO"", column ""CO2 (gCO2/kWh)""; Version 1.0, 2024-05-30 (the original publication)"
aib,AIB 2023,EU_SE,68.23,g CO2/kWh,"AIB European Residual Mixes 2023, Version 1.0, 2024-05-30 (AIB-2023-residual-mix-results.xlsx; AIB-2023-residual-mix-final-results-v1.0.pdf); Residual Mixes!Q33; p. PDF Table 2, p. 8; Residual Mixes, row ""SE"", column ""CO2 (gCO2/kWh)""; Version 1.0, 2024-05-30 (the original publication)"
aib,AIB 2023,EU_SI,486.76,g CO2/kWh,"AIB European Residual Mixes 2023, Version 1.0, 2024-05-30 (AIB-2023-residual-mix-results.xlsx; AIB-2023-residual-mix-final-results-v1.0.pdf); Residual Mixes!Q34; p. PDF Table 2, p. 8; Residual Mixes, row ""SI"", column ""CO2 (gCO2/kWh)""; Version 1.0, 2024-05-30 (the original publication)"
aib,AIB 2023,EU_SK,357.56,g CO2/kWh,"AIB European Residual Mixes 2023, Version 1.0, 2024-05-30 (AIB-2023-residual-mix-results.xlsx; AIB-2023-residual-mix-final-results-v1.0.pdf); Residual Mixes!Q35; p. PDF Table 2, p. 8; Residual Mixes, row ""SK"", column ""CO2 (gCO2/kWh)""; Version 1.0, 2024-05-30 (the original publication)"
eea_grid,EEA 2023 (revised),EU_SE,0.007,kg CO2e/kWh,"EEA (2025) Greenhouse gas emission intensity of electricity generation, country level, CSV export (EEA-ghg-intensity-electricity-generation-country-level-2024.csv); p. CSV line 14; comma-separated block (1990 to 2024, then the country), row ""Sweden"", column ""2023""; the final 2023 inventory, published 6 Nov 2025 (as modified 10 Jul 2026); supersedes 8 g CO2e/kWh (0.008 kg) from EEA-ghg-intensity-electricity-generation-country-level.csv line 42, which rested on the April 2024 submission and EEA's approximated 2023 estimates; 7 g CO2e/kWh as printed, / 1,000"
eea_grid,EEA 2023 (revised),EU_FI,0.033,kg CO2e/kWh,"EEA (2025) Greenhouse gas emission intensity of electricity generation, country level, CSV export (EEA-ghg-intensity-electricity-generation-country-level-2024.csv); p. CSV line 15; comma-separated block (1990 to 2024, then the country), row ""Finland"", column ""2023""; the final 2023 inventory, published 6 Nov 2025 (as modified 10 Jul 2026); supersedes 40 g CO2e/kWh (0.04 kg) from EEA-ghg-intensity-electricity-generation-country-level.csv line 41, which rested on the April 2024 submission and EEA's approximated 2023 estimates; 33 g CO2e/kWh as printed, / 1,000"
eea_grid,EEA 2023 (revised),EU_LU,0.038,kg CO2e/kWh,"EEA (2025) Greenhouse gas emission intensity of electricity generation, country level, CSV export (EEA-ghg-intensity-electricity-generation-country-level-2024.csv); p. CSV line 16; comma-separated block (1990 to 2024, then the country), row ""Luxembourg"", column ""2023""; the final 2023 inventory, published 6 Nov 2025 (as modified 10 Jul 2026); supersedes 56 g CO2e/kWh (0.056 kg) from EEA-ghg-intensity-electricity-generation-country-level.csv line 39, which rested on the April 2024 submission and EEA's approximated 2023 estimates; 38 g CO2e/kWh as printed, / 1,000"
eea_grid,EEA 2023 (revised),EU_FR,0.047,kg CO2e/kWh,"EEA (2025) Greenhouse gas emission intensity of electricity generation, country level, CSV export (EEA-ghg-intensity-electricity-generation-country-level-2024.csv); p. CSV line 17; comma-separated block (1990 to 2024, then the country), row ""France"", column ""2023""; the final 2023 inventory, published 6 Nov 2025 (as modified 10 Jul 2026); supersedes 50 g CO2e/kWh (0.05 kg) from EEA-ghg-intensity-electricity-generation-country-level.csv line 40, which rested on the April 2024 submission and EEA's approximated 2023 estimates; 47 g CO2e/kWh as printed, / 1,000"
eea_grid,EEA 2023 (revised),EU_AT,0.059,kg CO2e/kWh,"EEA (2025) Greenhouse gas emission intensity of electricity generation, country level, CSV export (EEA-ghg-intensity-electricity-generation-country-level-2024.csv); p. CSV line 18; comma-separated block (1990 to 2024, then the country), row ""Austria"", column ""2023""; the final 2023 inventory, published 6 Nov 2025 (as modified 10 Jul 2026); supersedes 85 g CO2e/kWh (0.085 kg) from EEA-ghg-intensity-electricity-generation-country-level.csv line 36, which rested on the April 2024 submission and EEA's approximated 2023 estimates; 59 g CO2e/kWh as printed, / 1,000"
eea_grid,EEA 2023 (revised),EU_SK,0.083,kg CO2e/kWh,"EEA (2025) Greenhouse gas emission intensity of electricity generation, country level, CSV export (EEA-ghg-intensity-electricity-generation-country-level-2024.csv); p. CSV line 19; comma-separated block (1990 to 2024, then the country), row ""Slovakia"", column ""2023""; the final 2023 inventory, published 6 Nov 2025 (as modified 10 Jul 2026); supersedes 84 g CO2e/kWh (0.084 kg) from EEA-ghg-intensity-electricity-generation-country-level.csv line 37, which rested on the April 2024 submission and EEA's approximated 2023 estimates; 83 g CO2e/kWh as printed, / 1,000"
eea_grid,EEA 2023 (revised),EU_LT,0.078,kg CO2e/kWh,"EEA (2025) Greenhouse gas emission intensity of electricity generation, country level, CSV export (EEA-ghg-intensity-electricity-generation-country-level-2024.csv); p. CSV line 20; comma-separated block (1990 to 2024, then the country), row ""Lithuania"", column ""2023""; the final 2023 inventory, published 6 Nov 2025 (as modified 10 Jul 2026); supersedes 124 g CO2e/kWh (0.124 kg) from EEA-ghg-intensity-electricity-generation-country-level.csv line 33, which rested on the April 2024 submission and EEA's approximated 2023 estimates; 78 g CO2e/kWh as printed, / 1,000"
eea_grid,EEA 2023 (revised),EU_DK,0.083,kg CO2e/kWh,"EEA (2025) Greenhouse gas emission intensity of electricity generation, country level, CSV export (EEA-ghg-intensity-electricity-generation-country-level-2024.csv); p. CSV line 21; comma-separated block (1990 to 2024, then the country), row ""Denmark"", column ""2023""; the final 2023 inventory, published 6 Nov 2025 (as modified 10 Jul 2026); supersedes 94 g CO2e/kWh (0.094 kg) from EEA-ghg-intensity-electricity-generation-country-level.csv line 35, which rested on the April 2024 submission and EEA's approximated 2023 estimates; 83 g CO2e/kWh as printed, / 1,000"
eea_grid,EEA 2023 (revised),EU_LV,0.068,kg CO2e/kWh,"EEA (2025) Greenhouse gas emission intensity of electricity generation, country level, CSV export (EEA-ghg-intensity-electricity-generation-country-level-2024.csv); p. CSV line 22; comma-separated block (1990 to 2024, then the country), row ""Latvia"", column ""2023""; the final 2023 inventory, published 6 Nov 2025 (as modified 10 Jul 2026); supersedes 67 g CO2e/kWh (0.067 kg) from EEA-ghg-intensity-electricity-generation-country-level.csv line 38, which rested on the April 2024 submission and EEA's approximated 2023 estimates; 68 g CO2e/kWh as printed, / 1,000"
eea_grid,EEA 2023 (revised),EU_PT,0.115,kg CO2e/kWh,"EEA (2025) Greenhouse gas emission intensity of electricity generation, country level, CSV export (EEA-ghg-intensity-electricity-generation-country-level-2024.csv); p. CSV line 23; comma-separated block (1990 to 2024, then the country), row ""Portugal"", column ""2023""; the final 2023 inventory, published 6 Nov 2025 (as modified 10 Jul 2026); supersedes 119 g CO2e/kWh (0.119 kg) from EEA-ghg-intensity-electricity-generation-country-level.csv line 34, which rested on the April 2024 submission and EEA's approximated 2023 estimates; 115 g CO2e/kWh as printed, / 1,000"
eea_grid,EEA 2023 (revised),EU_HR,0.139,kg CO2e/kWh,"EEA (2025) Greenhouse gas emission intensity of electricity generation, country level, CSV export (EEA-ghg-intensity-electricity-generation-country-level-2024.csv); p. CSV line 24; comma-separated block (1990 to 2024, then the country), row ""Croatia"", column ""2023""; the final 2023 inventory, published 6 Nov 2025 (as modified 10 Jul 2026); supersedes 134 g CO2e/kWh (0.134 kg) from EEA-ghg-intensity-electricity-generation-country-level.csv line 32, which rested on the April 2024 submission and EEA's approximated 2023 estimates; 139 g CO2e/kWh as printed, / 1,000"
eea_grid,EEA 2023 (revised),EU_ES,0.14,kg CO2e/kWh,"EEA (2025) Greenhouse gas emission intensity of electricity generation, country level, CSV export (EEA-ghg-intensity-electricity-generation-country-level-2024.csv); p. CSV line 25; comma-separated block (1990 to 2024, then the country), row ""Spain"", column ""2023""; the final 2023 inventory, published 6 Nov 2025 (as modified 10 Jul 2026); supersedes 158 g CO2e/kWh (0.158 kg) from EEA-ghg-intensity-electricity-generation-country-level.csv line 29, which rested on the April 2024 submission and EEA's approximated 2023 estimates; 140 g CO2e/kWh as printed, / 1,000"
eea_grid,EEA 2023 (revised),EU_HU,0.147,kg CO2e/kWh,"EEA (2025) Greenhouse gas emission intensity of electricity generation, country level, CSV export (EEA-ghg-intensity-electricity-generation-country-level-2024.csv); p. CSV line 26; comma-separated block (1990 to 2024, then the country), row ""Hungary"", column ""2023""; the final 2023 inventory, published 6 Nov 2025 (as modified 10 Jul 2026); supersedes 154 g CO2e/kWh (0.154 kg) from EEA-ghg-intensity-electricity-generation-country-level.csv line 30, which rested on the April 2024 submission and EEA's approximated 2023 estimates; 147 g CO2e/kWh as printed, / 1,000"
eea_grid,EEA 2023 (revised),EU_BE,0.15,kg CO2e/kWh,"EEA (2025) Greenhouse gas emission intensity of electricity generation, country level, CSV export (EEA-ghg-intensity-electricity-generation-country-level-2024.csv); p. CSV line 27; comma-separated block (1990 to 2024, then the country), row ""Belgium"", column ""2023""; the final 2023 inventory, published 6 Nov 2025 (as modified 10 Jul 2026); supersedes 145 g CO2e/kWh (0.145 kg) from EEA-ghg-intensity-electricity-generation-country-level.csv line 31, which rested on the April 2024 submission and EEA's approximated 2023 estimates; 150 g CO2e/kWh as printed, / 1,000"
eea_grid,EEA 2023 (revised),EU_SI,0.166,kg CO2e/kWh,"EEA (2025) Greenhouse gas emission intensity of electricity generation, country level, CSV export (EEA-ghg-intensity-electricity-generation-country-level-2024.csv); p. CSV line 28; comma-separated block (1990 to 2024, then the country), row ""Slovenia"", column ""2023""; the final 2023 inventory, published 6 Nov 2025 (as modified 10 Jul 2026); supersedes 176 g CO2e/kWh (0.176 kg) from EEA-ghg-intensity-electricity-generation-country-level.csv line 28, which rested on the April 2024 submission and EEA's approximated 2023 estimates; 166 g CO2e/kWh as printed, / 1,000"
eea_grid,EEA 2023 (revised),EU_RO,0.189,kg CO2e/kWh,"EEA (2025) Greenhouse gas emission intensity of electricity generation, country level, CSV export (EEA-ghg-intensity-electricity-generation-country-level-2024.csv); p. CSV line 30; comma-separated block (1990 to 2024, then the country), row ""Romania"", column ""2023""; the final 2023 inventory, published 6 Nov 2025 (as modified 10 Jul 2026); supersedes 234 g CO2e/kWh (0.234 kg) from EEA-ghg-intensity-electricity-generation-country-level.csv line 25, which rested on the April 2024 submission and EEA's approximated 2023 estimates; 189 g CO2e/kWh as printed, / 1,000"
eea_grid,EEA 2023 (revised),EU_IT,0.248,kg CO2e/kWh,"EEA (2025) Greenhouse gas emission intensity of electricity generation, country level, CSV export (EEA-ghg-intensity-electricity-generation-country-level-2024.csv); p. CSV line 31; comma-separated block (1990 to 2024, then the country), row ""Italy"", column ""2023""; the final 2023 inventory, published 6 Nov 2025 (as modified 10 Jul 2026); supersedes 225 g CO2e/kWh (0.225 kg) from EEA-ghg-intensity-electricity-generation-country-level.csv line 26, which rested on the April 2024 submission and EEA's approximated 2023 estimates; 248 g CO2e/kWh as printed, / 1,000"
eea_grid,EEA 2023 (revised),EU_IE,0.255,kg CO2e/kWh,"EEA (2025) Greenhouse gas emission intensity of electricity generation, country level, CSV export (EEA-ghg-intensity-electricity-generation-country-level-2024.csv); p. CSV line 32; comma-separated block (1990 to 2024, then the country), row ""Ireland"", column ""2023""; the final 2023 inventory, published 6 Nov 2025 (as modified 10 Jul 2026); supersedes 260 g CO2e/kWh (0.26 kg) from EEA-ghg-intensity-electricity-generation-country-level.csv line 23, which rested on the April 2024 submission and EEA's approximated 2023 estimates; 255 g CO2e/kWh as printed, / 1,000"
eea_grid,EEA 2023 (revised),EU_NL,0.255,kg CO2e/kWh,"EEA (2025) Greenhouse gas emission intensity of electricity generation, country level, CSV export (EEA-ghg-intensity-electricity-generation-country-level-2024.csv); p. CSV line 33; comma-separated block (1990 to 2024, then the country), row ""Netherlands"", column ""2023""; the final 2023 inventory, published 6 Nov 2025 (as modified 10 Jul 2026); supersedes 263 g CO2e/kWh (0.263 kg) from EEA-ghg-intensity-electricity-generation-country-level.csv line 22, which rested on the April 2024 submission and EEA's approximated 2023 estimates; 255 g CO2e/kWh as printed, / 1,000"
eea_grid,EEA 2023 (revised),EU_BG,0.293,kg CO2e/kWh,"EEA (2025) Greenhouse gas emission intensity of electricity generation, country level, CSV export (EEA-ghg-intensity-electricity-generation-country-level-2024.csv); p. CSV line 34; comma-separated block (1990 to 2024, then the country), row ""Bulgaria"", column ""2023""; the final 2023 inventory, published 6 Nov 2025 (as modified 10 Jul 2026); supersedes 281 g CO2e/kWh (0.281 kg) from EEA-ghg-intensity-electricity-generation-country-level.csv line 21, which rested on the April 2024 submission and EEA's approximated 2023 estimates; 293 g CO2e/kWh as printed, / 1,000"
eea_grid,EEA 2023 (revised),EU_DE,0.316,kg CO2e/kWh,"EEA (2025) Greenhouse gas emission intensity of electricity generation, country level, CSV export (EEA-ghg-intensity-electricity-generation-country-level-2024.csv); p. CSV line 35; comma-separated block (1990 to 2024, then the country), row ""Germany"", column ""2023""; the final 2023 inventory, published 6 Nov 2025 (as modified 10 Jul 2026); supersedes 329 g CO2e/kWh (0.329 kg) from EEA-ghg-intensity-electricity-generation-country-level.csv line 20, which rested on the April 2024 submission and EEA's approximated 2023 estimates; 316 g CO2e/kWh as printed, / 1,000"
eea_grid,EEA 2023 (revised),EU_EL,0.343,kg CO2e/kWh,"EEA (2025) Greenhouse gas emission intensity of electricity generation, country level, CSV export (EEA-ghg-intensity-electricity-generation-country-level-2024.csv); p. CSV line 36; comma-separated block (1990 to 2024, then the country), row ""Greece"", column ""2023""; the final 2023 inventory, published 6 Nov 2025 (as modified 10 Jul 2026); supersedes 258 g CO2e/kWh (0.258 kg) from EEA-ghg-intensity-electricity-generation-country-level.csv line 24, which rested on the April 2024 submission and EEA's approximated 2023 estimates; 343 g CO2e/kWh as printed, / 1,000"
eea_grid,EEA 2023 (revised),EU_MT,0.341,kg CO2e/kWh,"EEA (2025) Greenhouse gas emission intensity of electricity generation, country level, CSV export (EEA-ghg-intensity-electricity-generation-country-level-2024.csv); p. CSV line 37; comma-separated block (1990 to 2024, then the country), row ""Malta"", column ""2023""; the final 2023 inventory, published 6 Nov 2025 (as modified 10 Jul 2026); supersedes 342 g CO2e/kWh (0.342 kg) from EEA-ghg-intensity-electricity-generation-country-level.csv line 19, which rested on the April 2024 submission and EEA's approximated 2023 estimates; 341 g CO2e/kWh as printed, / 1,000"
eea_grid,EEA 2023 (revised),EU_CZ,0.361,kg CO2e/kWh,"EEA (2025) Greenhouse gas emission intensity of electricity generation, country level, CSV export (EEA-ghg-intensity-electricity-generation-country-level-2024.csv); p. CSV line 38; comma-separated block (1990 to 2024, then the country), row ""Czechia"", column ""2023""; the final 2023 inventory, published 6 Nov 2025 (as modified 10 Jul 2026); supersedes 440 g CO2e/kWh (0.44 kg) from EEA-ghg-intensity-electricity-generation-country-level.csv line 18, which rested on the April 2024 submission and EEA's approximated 2023 estimates; 361 g CO2e/kWh as printed, / 1,000"
eea_grid,EEA 2023 (revised),EU_EE,0.543,kg CO2e/kWh,"EEA (2025) Greenhouse gas emission intensity of electricity generation, country level, CSV export (EEA-ghg-intensity-electricity-generation-country-level-2024.csv); p. CSV line 39; comma-separated block (1990 to 2024, then the country), row ""Estonia"", column ""2023""; the final 2023 inventory, published 6 Nov 2025 (as modified 10 Jul 2026); supersedes 690 g CO2e/kWh (0.69 kg) from EEA-ghg-intensity-electricity-generation-country-level.csv line 15, which rested on the April 2024 submission and EEA's approximated 2023 estimates; 543 g CO2e/kWh as printed, / 1,000"
eea_grid,EEA 2023 (revised),EU_CY,0.575,kg CO2e/kWh,"EEA (2025) Greenhouse gas emission intensity of electricity generation, country level, CSV export (EEA-ghg-intensity-electricity-generation-country-level-2024.csv); p. CSV line 40; comma-separated block (1990 to 2024, then the country), row ""Cyprus"", column ""2023""; the final 2023 inventory, published 6 Nov 2025 (as modified 10 Jul 2026); supersedes 585 g CO2e/kWh (0.585 kg) from EEA-ghg-intensity-electricity-generation-country-level.csv line 17, which rested on the April 2024 submission and EEA's approximated 2023 estimates; 575 g CO2e/kWh as printed, / 1,000"
eea_grid,EEA 2023 (revised),EU_PL,0.595,kg CO2e/kWh,"EEA (2025) Greenhouse gas emission intensity of electricity generation, country level, CSV export (EEA-ghg-intensity-electricity-generation-country-level-2024.csv); p. CSV line 41; comma-separated block (1990 to 2024, then the country), row ""Poland"", column ""2023""; the final 2023 inventory, published 6 Nov 2025 (as modified 10 Jul 2026); supersedes 614 g CO2e/kWh (0.614 kg) from EEA-ghg-intensity-electricity-generation-country-level.csv line 16, which rested on the April 2024 submission and EEA's approximated 2023 estimates; 595 g CO2e/kWh as printed, / 1,000"
