dataset,edition,key,value,unit,citation
desnz_travel,DEFRA 2023,air:domestic:average_passenger:with_rf,0.2725767852348993,kg CO2e per passenger.km,UK DEFRA/DESNZ (2023) GHG Conversion Factors for Company Reporting (full set v1.1; ghg-conversion-factors-2023-full-file-update.xlsx); Business travel- air!E23:H23
desnz_travel,DEFRA 2023,air:domestic:average_passenger:without_rf,0.16098678523489934,kg CO2e per passenger.km,UK DEFRA/DESNZ (2023) GHG Conversion Factors for Company Reporting (full set v1.1; ghg-conversion-factors-2023-full-file-update.xlsx); Business travel- air!I23:L23
desnz_travel,DEFRA 2023,air:short_haul:average_passenger:with_rf,0.1859171395973154,kg CO2e per passenger.km,UK DEFRA/DESNZ (2023) GHG Conversion Factors for Company Reporting (full set v1.1; ghg-conversion-factors-2023-full-file-update.xlsx); Business travel- air!E24:H24
desnz_travel,DEFRA 2023,air:short_haul:average_passenger:without_rf,0.10973713959731544,kg CO2e per passenger.km,UK DEFRA/DESNZ (2023) GHG Conversion Factors for Company Reporting (full set v1.1; ghg-conversion-factors-2023-full-file-update.xlsx); Business travel- air!I24:L24
desnz_travel,DEFRA 2023,air:short_haul:economy:with_rf,0.1828693543624161,kg CO2e per passenger.km,UK DEFRA/DESNZ (2023) GHG Conversion Factors for Company Reporting (full set v1.1; ghg-conversion-factors-2023-full-file-update.xlsx); Business travel- air!E25:H25
desnz_travel,DEFRA 2023,air:short_haul:economy:without_rf,0.10793935436241611,kg CO2e per passenger.km,UK DEFRA/DESNZ (2023) GHG Conversion Factors for Company Reporting (full set v1.1; ghg-conversion-factors-2023-full-file-update.xlsx); Business travel- air!I25:L25
desnz_travel,DEFRA 2023,air:short_haul:business:with_rf,0.274302877852349,kg CO2e per passenger.km,UK DEFRA/DESNZ (2023) GHG Conversion Factors for Company Reporting (full set v1.1; ghg-conversion-factors-2023-full-file-update.xlsx); Business travel- air!E26:H26
desnz_travel,DEFRA 2023,air:short_haul:business:without_rf,0.16191287785234898,kg CO2e per passenger.km,UK DEFRA/DESNZ (2023) GHG Conversion Factors for Company Reporting (full set v1.1; ghg-conversion-factors-2023-full-file-update.xlsx); Business travel- air!I26:L26
desnz_travel,DEFRA 2023,air:long_haul:average_passenger:with_rf,0.2612806295302013,kg CO2e per passenger.km,UK DEFRA/DESNZ (2023) GHG Conversion Factors for Company Reporting (full set v1.1; ghg-conversion-factors-2023-full-file-update.xlsx); Business travel- air!E27:H27
desnz_travel,DEFRA 2023,air:long_haul:average_passenger:without_rf,0.15423062953020134,kg CO2e per passenger.km,UK DEFRA/DESNZ (2023) GHG Conversion Factors for Company Reporting (full set v1.1; ghg-conversion-factors-2023-full-file-update.xlsx); Business travel- air!I27:L27
desnz_travel,DEFRA 2023,air:long_haul:economy:with_rf,0.20010828053691276,kg CO2e per passenger.km,UK DEFRA/DESNZ (2023) GHG Conversion Factors for Company Reporting (full set v1.1; ghg-conversion-factors-2023-full-file-update.xlsx); Business travel- air!E28:H28
desnz_travel,DEFRA 2023,air:long_haul:economy:without_rf,0.11811828053691276,kg CO2e per passenger.km,UK DEFRA/DESNZ (2023) GHG Conversion Factors for Company Reporting (full set v1.1; ghg-conversion-factors-2023-full-file-update.xlsx); Business travel- air!I28:L28
desnz_travel,DEFRA 2023,air:long_haul:premium_economy:with_rf,0.3201551932885906,kg CO2e per passenger.km,UK DEFRA/DESNZ (2023) GHG Conversion Factors for Company Reporting (full set v1.1; ghg-conversion-factors-2023-full-file-update.xlsx); Business travel- air!E29:H29
desnz_travel,DEFRA 2023,air:long_haul:premium_economy:without_rf,0.18897519328859058,kg CO2e per passenger.km,UK DEFRA/DESNZ (2023) GHG Conversion Factors for Company Reporting (full set v1.1; ghg-conversion-factors-2023-full-file-update.xlsx); Business travel- air!I29:L29
desnz_travel,DEFRA 2023,air:long_haul:business:with_rf,0.5802869302013423,kg CO2e per passenger.km,UK DEFRA/DESNZ (2023) GHG Conversion Factors for Company Reporting (full set v1.1; ghg-conversion-factors-2023-full-file-update.xlsx); Business travel- air!E30:H30
desnz_travel,DEFRA 2023,air:long_haul:business:without_rf,0.3425269302013423,kg CO2e per passenger.km,UK DEFRA/DESNZ (2023) GHG Conversion Factors for Company Reporting (full set v1.1; ghg-conversion-factors-2023-full-file-update.xlsx); Business travel- air!I30:L30
desnz_travel,DEFRA 2023,air:long_haul:first:with_rf,0.8004030295302013,kg CO2e per passenger.km,UK DEFRA/DESNZ (2023) GHG Conversion Factors for Company Reporting (full set v1.1; ghg-conversion-factors-2023-full-file-update.xlsx); Business travel- air!E31:H31
desnz_travel,DEFRA 2023,air:long_haul:first:without_rf,0.47246302953020136,kg CO2e per passenger.km,UK DEFRA/DESNZ (2023) GHG Conversion Factors for Company Reporting (full set v1.1; ghg-conversion-factors-2023-full-file-update.xlsx); Business travel- air!I31:L31
desnz_travel,DEFRA 2023,air:international_non_uk:average_passenger:with_rf,0.17580378389261744,kg CO2e per passenger.km,UK DEFRA/DESNZ (2023) GHG Conversion Factors for Company Reporting (full set v1.1; ghg-conversion-factors-2023-full-file-update.xlsx); Business travel- air!E32:H32
desnz_travel,DEFRA 2023,air:international_non_uk:average_passenger:without_rf,0.10377378389261746,kg CO2e per passenger.km,UK DEFRA/DESNZ (2023) GHG Conversion Factors for Company Reporting (full set v1.1; ghg-conversion-factors-2023-full-file-update.xlsx); Business travel- air!I32:L32
desnz_travel,DEFRA 2023,air:international_non_uk:economy:with_rf,0.13464333030872483,kg CO2e per passenger.km,UK DEFRA/DESNZ (2023) GHG Conversion Factors for Company Reporting (full set v1.1; ghg-conversion-factors-2023-full-file-update.xlsx); Business travel- air!E33:H33
desnz_travel,DEFRA 2023,air:international_non_uk:economy:without_rf,0.07947333030872483,kg CO2e per passenger.km,UK DEFRA/DESNZ (2023) GHG Conversion Factors for Company Reporting (full set v1.1; ghg-conversion-factors-2023-full-file-update.xlsx); Business travel- air!I33:L33
desnz_travel,DEFRA 2023,air:international_non_uk:premium_economy:with_rf,0.21541942147651008,kg CO2e per passenger.km,UK DEFRA/DESNZ (2023) GHG Conversion Factors for Company Reporting (full set v1.1; ghg-conversion-factors-2023-full-file-update.xlsx); Business travel- air!E34:H34
desnz_travel,DEFRA 2023,air:international_non_uk:premium_economy:without_rf,0.12715942147651008,kg CO2e per passenger.km,UK DEFRA/DESNZ (2023) GHG Conversion Factors for Company Reporting (full set v1.1; ghg-conversion-factors-2023-full-file-update.xlsx); Business travel- air!I34:L34
desnz_travel,DEFRA 2023,air:international_non_uk:business:with_rf,0.3904432053691275,kg CO2e per passenger.km,UK DEFRA/DESNZ (2023) GHG Conversion Factors for Company Reporting (full set v1.1; ghg-conversion-factors-2023-full-file-update.xlsx); Business travel- air!E35:H35
desnz_travel,DEFRA 2023,air:international_non_uk:business:without_rf,0.23047320536912752,kg CO2e per passenger.km,UK DEFRA/DESNZ (2023) GHG Conversion Factors for Company Reporting (full set v1.1; ghg-conversion-factors-2023-full-file-update.xlsx); Business travel- air!I35:L35
desnz_travel,DEFRA 2023,air:international_non_uk:first:with_rf,0.5385424,kg CO2e per passenger.km,UK DEFRA/DESNZ (2023) GHG Conversion Factors for Company Reporting (full set v1.1; ghg-conversion-factors-2023-full-file-update.xlsx); Business travel- air!E36:H36
desnz_travel,DEFRA 2023,air:international_non_uk:first:without_rf,0.31789239999999996,kg CO2e per passenger.km,UK DEFRA/DESNZ (2023) GHG Conversion Factors for Company Reporting (full set v1.1; ghg-conversion-factors-2023-full-file-update.xlsx); Business travel- air!I36:L36
desnz_travel,DEFRA 2023,wtt_air:domestic:average_passenger,0.0335,kg CO2e per passenger.km,UK DEFRA/DESNZ (2023) GHG Conversion Factors for Company Reporting (full set v1.1; ghg-conversion-factors-2023-full-file-update.xlsx); WTT- business travel- air!F20
desnz_travel,DEFRA 2023,wtt_air:short_haul:average_passenger,0.02286,kg CO2e per passenger.km,UK DEFRA/DESNZ (2023) GHG Conversion Factors for Company Reporting (full set v1.1; ghg-conversion-factors-2023-full-file-update.xlsx); WTT- business travel- air!F21
desnz_travel,DEFRA 2023,wtt_air:short_haul:economy,0.02249,kg CO2e per passenger.km,UK DEFRA/DESNZ (2023) GHG Conversion Factors for Company Reporting (full set v1.1; ghg-conversion-factors-2023-full-file-update.xlsx); WTT- business travel- air!F22
desnz_travel,DEFRA 2023,wtt_air:short_haul:business,0.03373,kg CO2e per passenger.km,UK DEFRA/DESNZ (2023) GHG Conversion Factors for Company Reporting (full set v1.1; ghg-conversion-factors-2023-full-file-update.xlsx); WTT- business travel- air!F23
desnz_travel,DEFRA 2023,wtt_air:long_haul:average_passenger,0.03213,kg CO2e per passenger.km,UK DEFRA/DESNZ (2023) GHG Conversion Factors for Company Reporting (full set v1.1; ghg-conversion-factors-2023-full-file-update.xlsx); WTT- business travel- air!F24
desnz_travel,DEFRA 2023,wtt_air:long_haul:economy,0.02461,kg CO2e per passenger.km,UK DEFRA/DESNZ (2023) GHG Conversion Factors for Company Reporting (full set v1.1; ghg-conversion-factors-2023-full-file-update.xlsx); WTT- business travel- air!F25
desnz_travel,DEFRA 2023,wtt_air:long_haul:premium_economy,0.03937,kg CO2e per passenger.km,UK DEFRA/DESNZ (2023) GHG Conversion Factors for Company Reporting (full set v1.1; ghg-conversion-factors-2023-full-file-update.xlsx); WTT- business travel- air!F26
desnz_travel,DEFRA 2023,wtt_air:long_haul:business,0.07137,kg CO2e per passenger.km,UK DEFRA/DESNZ (2023) GHG Conversion Factors for Company Reporting (full set v1.1; ghg-conversion-factors-2023-full-file-update.xlsx); WTT- business travel- air!F27
desnz_travel,DEFRA 2023,wtt_air:long_haul:first,0.09844,kg CO2e per passenger.km,UK DEFRA/DESNZ (2023) GHG Conversion Factors for Company Reporting (full set v1.1; ghg-conversion-factors-2023-full-file-update.xlsx); WTT- business travel- air!F28
desnz_travel,DEFRA 2023,wtt_air:international_non_uk:average_passenger,0.02162,kg CO2e per passenger.km,UK DEFRA/DESNZ (2023) GHG Conversion Factors for Company Reporting (full set v1.1; ghg-conversion-factors-2023-full-file-update.xlsx); WTT- business travel- air!F29
desnz_travel,DEFRA 2023,wtt_air:international_non_uk:economy,0.01656,kg CO2e per passenger.km,UK DEFRA/DESNZ (2023) GHG Conversion Factors for Company Reporting (full set v1.1; ghg-conversion-factors-2023-full-file-update.xlsx); WTT- business travel- air!F30
desnz_travel,DEFRA 2023,wtt_air:international_non_uk:premium_economy,0.02649,kg CO2e per passenger.km,UK DEFRA/DESNZ (2023) GHG Conversion Factors for Company Reporting (full set v1.1; ghg-conversion-factors-2023-full-file-update.xlsx); WTT- business travel- air!F31
desnz_travel,DEFRA 2023,wtt_air:international_non_uk:business,0.04802,kg CO2e per passenger.km,UK DEFRA/DESNZ (2023) GHG Conversion Factors for Company Reporting (full set v1.1; ghg-conversion-factors-2023-full-file-update.xlsx); WTT- business travel- air!F32
desnz_travel,DEFRA 2023,wtt_air:international_non_uk:first,0.06623,kg CO2e per passenger.km,UK DEFRA/DESNZ (2023) GHG Conversion Factors for Company Reporting (full set v1.1; ghg-conversion-factors-2023-full-file-update.xlsx); WTT- business travel- air!F33
desnz_travel,DEFRA 2023,haul:GGY,domestic,haul,UK DEFRA/DESNZ (2023) GHG Conversion Factors for Company Reporting (full set v1.1; ghg-conversion-factors-2023-full-file-update.xlsx); Haul definition!A6:C6
desnz_travel,DEFRA 2023,haul:IMN,domestic,haul,UK DEFRA/DESNZ (2023) GHG Conversion Factors for Company Reporting (full set v1.1; ghg-conversion-factors-2023-full-file-update.xlsx); Haul definition!A7:C7
desnz_travel,DEFRA 2023,haul:JEY,domestic,haul,UK DEFRA/DESNZ (2023) GHG Conversion Factors for Company Reporting (full set v1.1; ghg-conversion-factors-2023-full-file-update.xlsx); Haul definition!A8:C8
desnz_travel,DEFRA 2023,haul:GBR,domestic,haul,UK DEFRA/DESNZ (2023) GHG Conversion Factors for Company Reporting (full set v1.1; ghg-conversion-factors-2023-full-file-update.xlsx); Haul definition!A9:C9
desnz_travel,DEFRA 2023,haul:AFG,long_haul,haul,UK DEFRA/DESNZ (2023) GHG Conversion Factors for Company Reporting (full set v1.1; ghg-conversion-factors-2023-full-file-update.xlsx); Haul definition!A10:C10
desnz_travel,DEFRA 2023,haul:ASM,long_haul,haul,UK DEFRA/DESNZ (2023) GHG Conversion Factors for Company Reporting (full set v1.1; ghg-conversion-factors-2023-full-file-update.xlsx); Haul definition!A11:C11
desnz_travel,DEFRA 2023,haul:AGO,long_haul,haul,UK DEFRA/DESNZ (2023) GHG Conversion Factors for Company Reporting (full set v1.1; ghg-conversion-factors-2023-full-file-update.xlsx); Haul definition!A12:C12
desnz_travel,DEFRA 2023,haul:AIA,long_haul,haul,UK DEFRA/DESNZ (2023) GHG Conversion Factors for Company Reporting (full set v1.1; ghg-conversion-factors-2023-full-file-update.xlsx); Haul definition!A13:C13
desnz_travel,DEFRA 2023,haul:ATG,long_haul,haul,UK DEFRA/DESNZ (2023) GHG Conversion Factors for Company Reporting (full set v1.1; ghg-conversion-factors-2023-full-file-update.xlsx); Haul definition!A14:C14
desnz_travel,DEFRA 2023,haul:ARG,long_haul,haul,UK DEFRA/DESNZ (2023) GHG Conversion Factors for Company Reporting (full set v1.1; ghg-conversion-factors-2023-full-file-update.xlsx); Haul definition!A15:C15
desnz_travel,DEFRA 2023,haul:ARM,long_haul,haul,UK DEFRA/DESNZ (2023) GHG Conversion Factors for Company Reporting (full set v1.1; ghg-conversion-factors-2023-full-file-update.xlsx); Haul definition!A16:C16
desnz_travel,DEFRA 2023,haul:ABW,long_haul,haul,UK DEFRA/DESNZ (2023) GHG Conversion Factors for Company Reporting (full set v1.1; ghg-conversion-factors-2023-full-file-update.xlsx); Haul definition!A17:C17
desnz_travel,DEFRA 2023,haul:SHN,long_haul,haul,UK DEFRA/DESNZ (2023) GHG Conversion Factors for Company Reporting (full set v1.1; ghg-conversion-factors-2023-full-file-update.xlsx); Haul definition!A18:C18
desnz_travel,DEFRA 2023,haul:AUS,long_haul,haul,UK DEFRA/DESNZ (2023) GHG Conversion Factors for Company Reporting (full set v1.1; ghg-conversion-factors-2023-full-file-update.xlsx); Haul definition!A19:C19
desnz_travel,DEFRA 2023,haul:AZE,long_haul,haul,UK DEFRA/DESNZ (2023) GHG Conversion Factors for Company Reporting (full set v1.1; ghg-conversion-factors-2023-full-file-update.xlsx); Haul definition!A20:C20
desnz_travel,DEFRA 2023,haul:BHS,long_haul,haul,UK DEFRA/DESNZ (2023) GHG Conversion Factors for Company Reporting (full set v1.1; ghg-conversion-factors-2023-full-file-update.xlsx); Haul definition!A21:C21
desnz_travel,DEFRA 2023,haul:BHR,long_haul,haul,UK DEFRA/DESNZ (2023) GHG Conversion Factors for Company Reporting (full set v1.1; ghg-conversion-factors-2023-full-file-update.xlsx); Haul definition!A22:C22
desnz_travel,DEFRA 2023,haul:BGD,long_haul,haul,UK DEFRA/DESNZ (2023) GHG Conversion Factors for Company Reporting (full set v1.1; ghg-conversion-factors-2023-full-file-update.xlsx); Haul definition!A23:C23
desnz_travel,DEFRA 2023,haul:BRB,long_haul,haul,UK DEFRA/DESNZ (2023) GHG Conversion Factors for Company Reporting (full set v1.1; ghg-conversion-factors-2023-full-file-update.xlsx); Haul definition!A24:C24
desnz_travel,DEFRA 2023,haul:BLZ,long_haul,haul,UK DEFRA/DESNZ (2023) GHG Conversion Factors for Company Reporting (full set v1.1; ghg-conversion-factors-2023-full-file-update.xlsx); Haul definition!A25:C25
desnz_travel,DEFRA 2023,haul:BEN,long_haul,haul,UK DEFRA/DESNZ (2023) GHG Conversion Factors for Company Reporting (full set v1.1; ghg-conversion-factors-2023-full-file-update.xlsx); Haul definition!A26:C26
desnz_travel,DEFRA 2023,haul:BMU,long_haul,haul,UK DEFRA/DESNZ (2023) GHG Conversion Factors for Company Reporting (full set v1.1; ghg-conversion-factors-2023-full-file-update.xlsx); Haul definition!A27:C27
desnz_travel,DEFRA 2023,haul:BOL,long_haul,haul,UK DEFRA/DESNZ (2023) GHG Conversion Factors for Company Reporting (full set v1.1; ghg-conversion-factors-2023-full-file-update.xlsx); Haul definition!A28:C28
desnz_travel,DEFRA 2023,haul:BWA,long_haul,haul,UK DEFRA/DESNZ (2023) GHG Conversion Factors for Company Reporting (full set v1.1; ghg-conversion-factors-2023-full-file-update.xlsx); Haul definition!A29:C29
desnz_travel,DEFRA 2023,haul:BRA,long_haul,haul,UK DEFRA/DESNZ (2023) GHG Conversion Factors for Company Reporting (full set v1.1; ghg-conversion-factors-2023-full-file-update.xlsx); Haul definition!A30:C30
desnz_travel,DEFRA 2023,haul:VGB,long_haul,haul,UK DEFRA/DESNZ (2023) GHG Conversion Factors for Company Reporting (full set v1.1; ghg-conversion-factors-2023-full-file-update.xlsx); Haul definition!A31:C31
desnz_travel,DEFRA 2023,haul:BRN,long_haul,haul,UK DEFRA/DESNZ (2023) GHG Conversion Factors for Company Reporting (full set v1.1; ghg-conversion-factors-2023-full-file-update.xlsx); Haul definition!A32:C32
desnz_travel,DEFRA 2023,haul:BFA,long_haul,haul,UK DEFRA/DESNZ (2023) GHG Conversion Factors for Company Reporting (full set v1.1; ghg-conversion-factors-2023-full-file-update.xlsx); Haul definition!A33:C33
desnz_travel,DEFRA 2023,haul:BDI,long_haul,haul,UK DEFRA/DESNZ (2023) GHG Conversion Factors for Company Reporting (full set v1.1; ghg-conversion-factors-2023-full-file-update.xlsx); Haul definition!A34:C34
desnz_travel,DEFRA 2023,haul:KHM,long_haul,haul,UK DEFRA/DESNZ (2023) GHG Conversion Factors for Company Reporting (full set v1.1; ghg-conversion-factors-2023-full-file-update.xlsx); Haul definition!A35:C35
desnz_travel,DEFRA 2023,haul:CMR,long_haul,haul,UK DEFRA/DESNZ (2023) GHG Conversion Factors for Company Reporting (full set v1.1; ghg-conversion-factors-2023-full-file-update.xlsx); Haul definition!A36:C36
desnz_travel,DEFRA 2023,haul:CAN,long_haul,haul,UK DEFRA/DESNZ (2023) GHG Conversion Factors for Company Reporting (full set v1.1; ghg-conversion-factors-2023-full-file-update.xlsx); Haul definition!A37:C37
desnz_travel,DEFRA 2023,haul:CPV,long_haul,haul,UK DEFRA/DESNZ (2023) GHG Conversion Factors for Company Reporting (full set v1.1; ghg-conversion-factors-2023-full-file-update.xlsx); Haul definition!A38:C38
desnz_travel,DEFRA 2023,haul:CYM,long_haul,haul,UK DEFRA/DESNZ (2023) GHG Conversion Factors for Company Reporting (full set v1.1; ghg-conversion-factors-2023-full-file-update.xlsx); Haul definition!A39:C39
desnz_travel,DEFRA 2023,haul:CAF,long_haul,haul,UK DEFRA/DESNZ (2023) GHG Conversion Factors for Company Reporting (full set v1.1; ghg-conversion-factors-2023-full-file-update.xlsx); Haul definition!A40:C40
desnz_travel,DEFRA 2023,haul:TCD,long_haul,haul,UK DEFRA/DESNZ (2023) GHG Conversion Factors for Company Reporting (full set v1.1; ghg-conversion-factors-2023-full-file-update.xlsx); Haul definition!A41:C41
desnz_travel,DEFRA 2023,haul:CHL,long_haul,haul,UK DEFRA/DESNZ (2023) GHG Conversion Factors for Company Reporting (full set v1.1; ghg-conversion-factors-2023-full-file-update.xlsx); Haul definition!A42:C42
desnz_travel,DEFRA 2023,haul:CHN,long_haul,haul,UK DEFRA/DESNZ (2023) GHG Conversion Factors for Company Reporting (full set v1.1; ghg-conversion-factors-2023-full-file-update.xlsx); Haul definition!A43:C43
desnz_travel,DEFRA 2023,haul:COL,long_haul,haul,UK DEFRA/DESNZ (2023) GHG Conversion Factors for Company Reporting (full set v1.1; ghg-conversion-factors-2023-full-file-update.xlsx); Haul definition!A44:C44
desnz_travel,DEFRA 2023,haul:COM,long_haul,haul,UK DEFRA/DESNZ (2023) GHG Conversion Factors for Company Reporting (full set v1.1; ghg-conversion-factors-2023-full-file-update.xlsx); Haul definition!A45:C45
desnz_travel,DEFRA 2023,haul:COG,long_haul,haul,UK DEFRA/DESNZ (2023) GHG Conversion Factors for Company Reporting (full set v1.1; ghg-conversion-factors-2023-full-file-update.xlsx); Haul definition!A46:C46
desnz_travel,DEFRA 2023,haul:COK,long_haul,haul,UK DEFRA/DESNZ (2023) GHG Conversion Factors for Company Reporting (full set v1.1; ghg-conversion-factors-2023-full-file-update.xlsx); Haul definition!A47:C47
desnz_travel,DEFRA 2023,haul:CRI,long_haul,haul,UK DEFRA/DESNZ (2023) GHG Conversion Factors for Company Reporting (full set v1.1; ghg-conversion-factors-2023-full-file-update.xlsx); Haul definition!A48:C48
desnz_travel,DEFRA 2023,haul:CUB,long_haul,haul,UK DEFRA/DESNZ (2023) GHG Conversion Factors for Company Reporting (full set v1.1; ghg-conversion-factors-2023-full-file-update.xlsx); Haul definition!A49:C49
desnz_travel,DEFRA 2023,haul:CUW,long_haul,haul,UK DEFRA/DESNZ (2023) GHG Conversion Factors for Company Reporting (full set v1.1; ghg-conversion-factors-2023-full-file-update.xlsx); Haul definition!A50:C50
desnz_travel,DEFRA 2023,haul:DJI,long_haul,haul,UK DEFRA/DESNZ (2023) GHG Conversion Factors for Company Reporting (full set v1.1; ghg-conversion-factors-2023-full-file-update.xlsx); Haul definition!A51:C51
desnz_travel,DEFRA 2023,haul:DMA,long_haul,haul,UK DEFRA/DESNZ (2023) GHG Conversion Factors for Company Reporting (full set v1.1; ghg-conversion-factors-2023-full-file-update.xlsx); Haul definition!A52:C52
desnz_travel,DEFRA 2023,haul:DOM,long_haul,haul,UK DEFRA/DESNZ (2023) GHG Conversion Factors for Company Reporting (full set v1.1; ghg-conversion-factors-2023-full-file-update.xlsx); Haul definition!A53:C53
desnz_travel,DEFRA 2023,haul:COD,long_haul,haul,UK DEFRA/DESNZ (2023) GHG Conversion Factors for Company Reporting (full set v1.1; ghg-conversion-factors-2023-full-file-update.xlsx); Haul definition!A54:C54
desnz_travel,DEFRA 2023,haul:ECU,long_haul,haul,UK DEFRA/DESNZ (2023) GHG Conversion Factors for Company Reporting (full set v1.1; ghg-conversion-factors-2023-full-file-update.xlsx); Haul definition!A55:C55
desnz_travel,DEFRA 2023,haul:SLV,long_haul,haul,UK DEFRA/DESNZ (2023) GHG Conversion Factors for Company Reporting (full set v1.1; ghg-conversion-factors-2023-full-file-update.xlsx); Haul definition!A56:C56
desnz_travel,DEFRA 2023,haul:GNQ,long_haul,haul,UK DEFRA/DESNZ (2023) GHG Conversion Factors for Company Reporting (full set v1.1; ghg-conversion-factors-2023-full-file-update.xlsx); Haul definition!A57:C57
desnz_travel,DEFRA 2023,haul:ERI,long_haul,haul,UK DEFRA/DESNZ (2023) GHG Conversion Factors for Company Reporting (full set v1.1; ghg-conversion-factors-2023-full-file-update.xlsx); Haul definition!A58:C58
desnz_travel,DEFRA 2023,haul:ETH,long_haul,haul,UK DEFRA/DESNZ (2023) GHG Conversion Factors for Company Reporting (full set v1.1; ghg-conversion-factors-2023-full-file-update.xlsx); Haul definition!A59:C59
desnz_travel,DEFRA 2023,haul:FLK,long_haul,haul,UK DEFRA/DESNZ (2023) GHG Conversion Factors for Company Reporting (full set v1.1; ghg-conversion-factors-2023-full-file-update.xlsx); Haul definition!A60:C60
desnz_travel,DEFRA 2023,haul:FJI,long_haul,haul,UK DEFRA/DESNZ (2023) GHG Conversion Factors for Company Reporting (full set v1.1; ghg-conversion-factors-2023-full-file-update.xlsx); Haul definition!A61:C61
desnz_travel,DEFRA 2023,haul:GUF,long_haul,haul,UK DEFRA/DESNZ (2023) GHG Conversion Factors for Company Reporting (full set v1.1; ghg-conversion-factors-2023-full-file-update.xlsx); Haul definition!A62:C62
desnz_travel,DEFRA 2023,haul:GAB,long_haul,haul,UK DEFRA/DESNZ (2023) GHG Conversion Factors for Company Reporting (full set v1.1; ghg-conversion-factors-2023-full-file-update.xlsx); Haul definition!A63:C63
desnz_travel,DEFRA 2023,haul:GMB,long_haul,haul,UK DEFRA/DESNZ (2023) GHG Conversion Factors for Company Reporting (full set v1.1; ghg-conversion-factors-2023-full-file-update.xlsx); Haul definition!A64:C64
desnz_travel,DEFRA 2023,haul:GEO,long_haul,haul,UK DEFRA/DESNZ (2023) GHG Conversion Factors for Company Reporting (full set v1.1; ghg-conversion-factors-2023-full-file-update.xlsx); Haul definition!A65:C65
desnz_travel,DEFRA 2023,haul:GHA,long_haul,haul,UK DEFRA/DESNZ (2023) GHG Conversion Factors for Company Reporting (full set v1.1; ghg-conversion-factors-2023-full-file-update.xlsx); Haul definition!A66:C66
desnz_travel,DEFRA 2023,haul:GRD,long_haul,haul,UK DEFRA/DESNZ (2023) GHG Conversion Factors for Company Reporting (full set v1.1; ghg-conversion-factors-2023-full-file-update.xlsx); Haul definition!A67:C67
desnz_travel,DEFRA 2023,haul:GLP,long_haul,haul,UK DEFRA/DESNZ (2023) GHG Conversion Factors for Company Reporting (full set v1.1; ghg-conversion-factors-2023-full-file-update.xlsx); Haul definition!A68:C68
desnz_travel,DEFRA 2023,haul:GUM,long_haul,haul,UK DEFRA/DESNZ (2023) GHG Conversion Factors for Company Reporting (full set v1.1; ghg-conversion-factors-2023-full-file-update.xlsx); Haul definition!A69:C69
desnz_travel,DEFRA 2023,haul:GTM,long_haul,haul,UK DEFRA/DESNZ (2023) GHG Conversion Factors for Company Reporting (full set v1.1; ghg-conversion-factors-2023-full-file-update.xlsx); Haul definition!A70:C70
desnz_travel,DEFRA 2023,haul:GIN,long_haul,haul,UK DEFRA/DESNZ (2023) GHG Conversion Factors for Company Reporting (full set v1.1; ghg-conversion-factors-2023-full-file-update.xlsx); Haul definition!A71:C71
desnz_travel,DEFRA 2023,haul:GNB,long_haul,haul,UK DEFRA/DESNZ (2023) GHG Conversion Factors for Company Reporting (full set v1.1; ghg-conversion-factors-2023-full-file-update.xlsx); Haul definition!A72:C72
desnz_travel,DEFRA 2023,haul:GUY,long_haul,haul,UK DEFRA/DESNZ (2023) GHG Conversion Factors for Company Reporting (full set v1.1; ghg-conversion-factors-2023-full-file-update.xlsx); Haul definition!A73:C73
desnz_travel,DEFRA 2023,haul:HTI,long_haul,haul,UK DEFRA/DESNZ (2023) GHG Conversion Factors for Company Reporting (full set v1.1; ghg-conversion-factors-2023-full-file-update.xlsx); Haul definition!A74:C74
desnz_travel,DEFRA 2023,haul:HND,long_haul,haul,UK DEFRA/DESNZ (2023) GHG Conversion Factors for Company Reporting (full set v1.1; ghg-conversion-factors-2023-full-file-update.xlsx); Haul definition!A75:C75
desnz_travel,DEFRA 2023,haul:HKG,long_haul,haul,UK DEFRA/DESNZ (2023) GHG Conversion Factors for Company Reporting (full set v1.1; ghg-conversion-factors-2023-full-file-update.xlsx); Haul definition!A76:C76
desnz_travel,DEFRA 2023,haul:IND,long_haul,haul,UK DEFRA/DESNZ (2023) GHG Conversion Factors for Company Reporting (full set v1.1; ghg-conversion-factors-2023-full-file-update.xlsx); Haul definition!A77:C77
desnz_travel,DEFRA 2023,haul:IDN,long_haul,haul,UK DEFRA/DESNZ (2023) GHG Conversion Factors for Company Reporting (full set v1.1; ghg-conversion-factors-2023-full-file-update.xlsx); Haul definition!A78:C78
desnz_travel,DEFRA 2023,haul:IRN,long_haul,haul,UK DEFRA/DESNZ (2023) GHG Conversion Factors for Company Reporting (full set v1.1; ghg-conversion-factors-2023-full-file-update.xlsx); Haul definition!A79:C79
desnz_travel,DEFRA 2023,haul:IRQ,long_haul,haul,UK DEFRA/DESNZ (2023) GHG Conversion Factors for Company Reporting (full set v1.1; ghg-conversion-factors-2023-full-file-update.xlsx); Haul definition!A80:C80
desnz_travel,DEFRA 2023,haul:ISR,long_haul,haul,UK DEFRA/DESNZ (2023) GHG Conversion Factors for Company Reporting (full set v1.1; ghg-conversion-factors-2023-full-file-update.xlsx); Haul definition!A81:C81
desnz_travel,DEFRA 2023,haul:CIV,long_haul,haul,UK DEFRA/DESNZ (2023) GHG Conversion Factors for Company Reporting (full set v1.1; ghg-conversion-factors-2023-full-file-update.xlsx); Haul definition!A82:C82
desnz_travel,DEFRA 2023,haul:JAM,long_haul,haul,UK DEFRA/DESNZ (2023) GHG Conversion Factors for Company Reporting (full set v1.1; ghg-conversion-factors-2023-full-file-update.xlsx); Haul definition!A83:C83
desnz_travel,DEFRA 2023,haul:JPN,long_haul,haul,UK DEFRA/DESNZ (2023) GHG Conversion Factors for Company Reporting (full set v1.1; ghg-conversion-factors-2023-full-file-update.xlsx); Haul definition!A84:C84
desnz_travel,DEFRA 2023,haul:JOR,long_haul,haul,UK DEFRA/DESNZ (2023) GHG Conversion Factors for Company Reporting (full set v1.1; ghg-conversion-factors-2023-full-file-update.xlsx); Haul definition!A85:C85
desnz_travel,DEFRA 2023,haul:KAZ,long_haul,haul,UK DEFRA/DESNZ (2023) GHG Conversion Factors for Company Reporting (full set v1.1; ghg-conversion-factors-2023-full-file-update.xlsx); Haul definition!A86:C86
desnz_travel,DEFRA 2023,haul:KEN,long_haul,haul,UK DEFRA/DESNZ (2023) GHG Conversion Factors for Company Reporting (full set v1.1; ghg-conversion-factors-2023-full-file-update.xlsx); Haul definition!A87:C87
desnz_travel,DEFRA 2023,haul:KWT,long_haul,haul,UK DEFRA/DESNZ (2023) GHG Conversion Factors for Company Reporting (full set v1.1; ghg-conversion-factors-2023-full-file-update.xlsx); Haul definition!A88:C88
desnz_travel,DEFRA 2023,haul:KGZ,long_haul,haul,UK DEFRA/DESNZ (2023) GHG Conversion Factors for Company Reporting (full set v1.1; ghg-conversion-factors-2023-full-file-update.xlsx); Haul definition!A89:C89
desnz_travel,DEFRA 2023,haul:LAO,long_haul,haul,UK DEFRA/DESNZ (2023) GHG Conversion Factors for Company Reporting (full set v1.1; ghg-conversion-factors-2023-full-file-update.xlsx); Haul definition!A90:C90
desnz_travel,DEFRA 2023,haul:LBN,long_haul,haul,UK DEFRA/DESNZ (2023) GHG Conversion Factors for Company Reporting (full set v1.1; ghg-conversion-factors-2023-full-file-update.xlsx); Haul definition!A91:C91
desnz_travel,DEFRA 2023,haul:LSO,long_haul,haul,UK DEFRA/DESNZ (2023) GHG Conversion Factors for Company Reporting (full set v1.1; ghg-conversion-factors-2023-full-file-update.xlsx); Haul definition!A92:C92
desnz_travel,DEFRA 2023,haul:LBR,long_haul,haul,UK DEFRA/DESNZ (2023) GHG Conversion Factors for Company Reporting (full set v1.1; ghg-conversion-factors-2023-full-file-update.xlsx); Haul definition!A93:C93
desnz_travel,DEFRA 2023,haul:MAC,long_haul,haul,UK DEFRA/DESNZ (2023) GHG Conversion Factors for Company Reporting (full set v1.1; ghg-conversion-factors-2023-full-file-update.xlsx); Haul definition!A94:C94
desnz_travel,DEFRA 2023,haul:MDG,long_haul,haul,UK DEFRA/DESNZ (2023) GHG Conversion Factors for Company Reporting (full set v1.1; ghg-conversion-factors-2023-full-file-update.xlsx); Haul definition!A95:C95
desnz_travel,DEFRA 2023,haul:MWI,long_haul,haul,UK DEFRA/DESNZ (2023) GHG Conversion Factors for Company Reporting (full set v1.1; ghg-conversion-factors-2023-full-file-update.xlsx); Haul definition!A96:C96
desnz_travel,DEFRA 2023,haul:MYS,long_haul,haul,UK DEFRA/DESNZ (2023) GHG Conversion Factors for Company Reporting (full set v1.1; ghg-conversion-factors-2023-full-file-update.xlsx); Haul definition!A97:C97
desnz_travel,DEFRA 2023,haul:MDV,long_haul,haul,UK DEFRA/DESNZ (2023) GHG Conversion Factors for Company Reporting (full set v1.1; ghg-conversion-factors-2023-full-file-update.xlsx); Haul definition!A98:C98
desnz_travel,DEFRA 2023,haul:MLI,long_haul,haul,UK DEFRA/DESNZ (2023) GHG Conversion Factors for Company Reporting (full set v1.1; ghg-conversion-factors-2023-full-file-update.xlsx); Haul definition!A99:C99
desnz_travel,DEFRA 2023,haul:MHL,long_haul,haul,UK DEFRA/DESNZ (2023) GHG Conversion Factors for Company Reporting (full set v1.1; ghg-conversion-factors-2023-full-file-update.xlsx); Haul definition!A100:C100
desnz_travel,DEFRA 2023,haul:MTQ,long_haul,haul,UK DEFRA/DESNZ (2023) GHG Conversion Factors for Company Reporting (full set v1.1; ghg-conversion-factors-2023-full-file-update.xlsx); Haul definition!A101:C101
desnz_travel,DEFRA 2023,haul:MRT,long_haul,haul,UK DEFRA/DESNZ (2023) GHG Conversion Factors for Company Reporting (full set v1.1; ghg-conversion-factors-2023-full-file-update.xlsx); Haul definition!A102:C102
desnz_travel,DEFRA 2023,haul:MUS,long_haul,haul,UK DEFRA/DESNZ (2023) GHG Conversion Factors for Company Reporting (full set v1.1; ghg-conversion-factors-2023-full-file-update.xlsx); Haul definition!A103:C103
desnz_travel,DEFRA 2023,haul:MEX,long_haul,haul,UK DEFRA/DESNZ (2023) GHG Conversion Factors for Company Reporting (full set v1.1; ghg-conversion-factors-2023-full-file-update.xlsx); Haul definition!A104:C104
desnz_travel,DEFRA 2023,haul:MDA,long_haul,haul,UK DEFRA/DESNZ (2023) GHG Conversion Factors for Company Reporting (full set v1.1; ghg-conversion-factors-2023-full-file-update.xlsx); Haul definition!A105:C105
desnz_travel,DEFRA 2023,haul:MNG,long_haul,haul,UK DEFRA/DESNZ (2023) GHG Conversion Factors for Company Reporting (full set v1.1; ghg-conversion-factors-2023-full-file-update.xlsx); Haul definition!A106:C106
desnz_travel,DEFRA 2023,haul:MOZ,long_haul,haul,UK DEFRA/DESNZ (2023) GHG Conversion Factors for Company Reporting (full set v1.1; ghg-conversion-factors-2023-full-file-update.xlsx); Haul definition!A107:C107
desnz_travel,DEFRA 2023,haul:MMR,long_haul,haul,UK DEFRA/DESNZ (2023) GHG Conversion Factors for Company Reporting (full set v1.1; ghg-conversion-factors-2023-full-file-update.xlsx); Haul definition!A108:C108
desnz_travel,DEFRA 2023,haul:NAM,long_haul,haul,UK DEFRA/DESNZ (2023) GHG Conversion Factors for Company Reporting (full set v1.1; ghg-conversion-factors-2023-full-file-update.xlsx); Haul definition!A109:C109
desnz_travel,DEFRA 2023,haul:NPL,long_haul,haul,UK DEFRA/DESNZ (2023) GHG Conversion Factors for Company Reporting (full set v1.1; ghg-conversion-factors-2023-full-file-update.xlsx); Haul definition!A110:C110
desnz_travel,DEFRA 2023,haul:NCL,long_haul,haul,UK DEFRA/DESNZ (2023) GHG Conversion Factors for Company Reporting (full set v1.1; ghg-conversion-factors-2023-full-file-update.xlsx); Haul definition!A111:C111
desnz_travel,DEFRA 2023,haul:NZL,long_haul,haul,UK DEFRA/DESNZ (2023) GHG Conversion Factors for Company Reporting (full set v1.1; ghg-conversion-factors-2023-full-file-update.xlsx); Haul definition!A112:C112
desnz_travel,DEFRA 2023,haul:NIC,long_haul,haul,UK DEFRA/DESNZ (2023) GHG Conversion Factors for Company Reporting (full set v1.1; ghg-conversion-factors-2023-full-file-update.xlsx); Haul definition!A113:C113
desnz_travel,DEFRA 2023,haul:NER,long_haul,haul,UK DEFRA/DESNZ (2023) GHG Conversion Factors for Company Reporting (full set v1.1; ghg-conversion-factors-2023-full-file-update.xlsx); Haul definition!A114:C114
desnz_travel,DEFRA 2023,haul:NGA,long_haul,haul,UK DEFRA/DESNZ (2023) GHG Conversion Factors for Company Reporting (full set v1.1; ghg-conversion-factors-2023-full-file-update.xlsx); Haul definition!A115:C115
desnz_travel,DEFRA 2023,haul:PRK,long_haul,haul,UK DEFRA/DESNZ (2023) GHG Conversion Factors for Company Reporting (full set v1.1; ghg-conversion-factors-2023-full-file-update.xlsx); Haul definition!A116:C116
desnz_travel,DEFRA 2023,haul:OMN,long_haul,haul,UK DEFRA/DESNZ (2023) GHG Conversion Factors for Company Reporting (full set v1.1; ghg-conversion-factors-2023-full-file-update.xlsx); Haul definition!A117:C117
desnz_travel,DEFRA 2023,haul:PAK,long_haul,haul,UK DEFRA/DESNZ (2023) GHG Conversion Factors for Company Reporting (full set v1.1; ghg-conversion-factors-2023-full-file-update.xlsx); Haul definition!A118:C118
desnz_travel,DEFRA 2023,haul:PLW,long_haul,haul,UK DEFRA/DESNZ (2023) GHG Conversion Factors for Company Reporting (full set v1.1; ghg-conversion-factors-2023-full-file-update.xlsx); Haul definition!A119:C119
desnz_travel,DEFRA 2023,haul:PAN,long_haul,haul,UK DEFRA/DESNZ (2023) GHG Conversion Factors for Company Reporting (full set v1.1; ghg-conversion-factors-2023-full-file-update.xlsx); Haul definition!A120:C120
desnz_travel,DEFRA 2023,haul:PNG,long_haul,haul,UK DEFRA/DESNZ (2023) GHG Conversion Factors for Company Reporting (full set v1.1; ghg-conversion-factors-2023-full-file-update.xlsx); Haul definition!A121:C121
desnz_travel,DEFRA 2023,haul:PRY,long_haul,haul,UK DEFRA/DESNZ (2023) GHG Conversion Factors for Company Reporting (full set v1.1; ghg-conversion-factors-2023-full-file-update.xlsx); Haul definition!A122:C122
desnz_travel,DEFRA 2023,haul:PER,long_haul,haul,UK DEFRA/DESNZ (2023) GHG Conversion Factors for Company Reporting (full set v1.1; ghg-conversion-factors-2023-full-file-update.xlsx); Haul definition!A123:C123
desnz_travel,DEFRA 2023,haul:PHL,long_haul,haul,UK DEFRA/DESNZ (2023) GHG Conversion Factors for Company Reporting (full set v1.1; ghg-conversion-factors-2023-full-file-update.xlsx); Haul definition!A124:C124
desnz_travel,DEFRA 2023,haul:PRI,long_haul,haul,UK DEFRA/DESNZ (2023) GHG Conversion Factors for Company Reporting (full set v1.1; ghg-conversion-factors-2023-full-file-update.xlsx); Haul definition!A125:C125
desnz_travel,DEFRA 2023,haul:QAT,long_haul,haul,UK DEFRA/DESNZ (2023) GHG Conversion Factors for Company Reporting (full set v1.1; ghg-conversion-factors-2023-full-file-update.xlsx); Haul definition!A126:C126
desnz_travel,DEFRA 2023,haul:REU,long_haul,haul,UK DEFRA/DESNZ (2023) GHG Conversion Factors for Company Reporting (full set v1.1; ghg-conversion-factors-2023-full-file-update.xlsx); Haul definition!A127:C127
desnz_travel,DEFRA 2023,haul:RUS,long_haul,haul,UK DEFRA/DESNZ (2023) GHG Conversion Factors for Company Reporting (full set v1.1; ghg-conversion-factors-2023-full-file-update.xlsx); Haul definition!A128:C128
desnz_travel,DEFRA 2023,haul:RWA,long_haul,haul,UK DEFRA/DESNZ (2023) GHG Conversion Factors for Company Reporting (full set v1.1; ghg-conversion-factors-2023-full-file-update.xlsx); Haul definition!A129:C129
desnz_travel,DEFRA 2023,haul:STP,long_haul,haul,UK DEFRA/DESNZ (2023) GHG Conversion Factors for Company Reporting (full set v1.1; ghg-conversion-factors-2023-full-file-update.xlsx); Haul definition!A130:C130
desnz_travel,DEFRA 2023,haul:SAU,long_haul,haul,UK DEFRA/DESNZ (2023) GHG Conversion Factors for Company Reporting (full set v1.1; ghg-conversion-factors-2023-full-file-update.xlsx); Haul definition!A131:C131
desnz_travel,DEFRA 2023,haul:SEN,long_haul,haul,UK DEFRA/DESNZ (2023) GHG Conversion Factors for Company Reporting (full set v1.1; ghg-conversion-factors-2023-full-file-update.xlsx); Haul definition!A132:C132
desnz_travel,DEFRA 2023,haul:SYC,long_haul,haul,UK DEFRA/DESNZ (2023) GHG Conversion Factors for Company Reporting (full set v1.1; ghg-conversion-factors-2023-full-file-update.xlsx); Haul definition!A133:C133
desnz_travel,DEFRA 2023,haul:SLE,long_haul,haul,UK DEFRA/DESNZ (2023) GHG Conversion Factors for Company Reporting (full set v1.1; ghg-conversion-factors-2023-full-file-update.xlsx); Haul definition!A134:C134
desnz_travel,DEFRA 2023,haul:SGP,long_haul,haul,UK DEFRA/DESNZ (2023) GHG Conversion Factors for Company Reporting (full set v1.1; ghg-conversion-factors-2023-full-file-update.xlsx); Haul definition!A135:C135
desnz_travel,DEFRA 2023,haul:SLB,long_haul,haul,UK DEFRA/DESNZ (2023) GHG Conversion Factors for Company Reporting (full set v1.1; ghg-conversion-factors-2023-full-file-update.xlsx); Haul definition!A136:C136
desnz_travel,DEFRA 2023,haul:SOM,long_haul,haul,UK DEFRA/DESNZ (2023) GHG Conversion Factors for Company Reporting (full set v1.1; ghg-conversion-factors-2023-full-file-update.xlsx); Haul definition!A137:C137
desnz_travel,DEFRA 2023,haul:ZAF,long_haul,haul,UK DEFRA/DESNZ (2023) GHG Conversion Factors for Company Reporting (full set v1.1; ghg-conversion-factors-2023-full-file-update.xlsx); Haul definition!A138:C138
desnz_travel,DEFRA 2023,haul:KOR,long_haul,haul,UK DEFRA/DESNZ (2023) GHG Conversion Factors for Company Reporting (full set v1.1; ghg-conversion-factors-2023-full-file-update.xlsx); Haul definition!A139:C139
desnz_travel,DEFRA 2023,haul:SSD,long_haul,haul,UK DEFRA/DESNZ (2023) GHG Conversion Factors for Company Reporting (full set v1.1; ghg-conversion-factors-2023-full-file-update.xlsx); Haul definition!A140:C140
desnz_travel,DEFRA 2023,haul:LKA,long_haul,haul,UK DEFRA/DESNZ (2023) GHG Conversion Factors for Company Reporting (full set v1.1; ghg-conversion-factors-2023-full-file-update.xlsx); Haul definition!A141:C141
desnz_travel,DEFRA 2023,haul:KNA,long_haul,haul,UK DEFRA/DESNZ (2023) GHG Conversion Factors for Company Reporting (full set v1.1; ghg-conversion-factors-2023-full-file-update.xlsx); Haul definition!A142:C142
desnz_travel,DEFRA 2023,haul:LCA,long_haul,haul,UK DEFRA/DESNZ (2023) GHG Conversion Factors for Company Reporting (full set v1.1; ghg-conversion-factors-2023-full-file-update.xlsx); Haul definition!A143:C143
desnz_travel,DEFRA 2023,haul:VCT,long_haul,haul,UK DEFRA/DESNZ (2023) GHG Conversion Factors for Company Reporting (full set v1.1; ghg-conversion-factors-2023-full-file-update.xlsx); Haul definition!A144:C144
desnz_travel,DEFRA 2023,haul:SDN,long_haul,haul,UK DEFRA/DESNZ (2023) GHG Conversion Factors for Company Reporting (full set v1.1; ghg-conversion-factors-2023-full-file-update.xlsx); Haul definition!A145:C145
desnz_travel,DEFRA 2023,haul:SUR,long_haul,haul,UK DEFRA/DESNZ (2023) GHG Conversion Factors for Company Reporting (full set v1.1; ghg-conversion-factors-2023-full-file-update.xlsx); Haul definition!A146:C146
desnz_travel,DEFRA 2023,haul:SWZ,long_haul,haul,UK DEFRA/DESNZ (2023) GHG Conversion Factors for Company Reporting (full set v1.1; ghg-conversion-factors-2023-full-file-update.xlsx); Haul definition!A147:C147
desnz_travel,DEFRA 2023,haul:SYR,long_haul,haul,UK DEFRA/DESNZ (2023) GHG Conversion Factors for Company Reporting (full set v1.1; ghg-conversion-factors-2023-full-file-update.xlsx); Haul definition!A148:C148
desnz_travel,DEFRA 2023,haul:PYF,long_haul,haul,UK DEFRA/DESNZ (2023) GHG Conversion Factors for Company Reporting (full set v1.1; ghg-conversion-factors-2023-full-file-update.xlsx); Haul definition!A149:C149
desnz_travel,DEFRA 2023,haul:TWN,long_haul,haul,UK DEFRA/DESNZ (2023) GHG Conversion Factors for Company Reporting (full set v1.1; ghg-conversion-factors-2023-full-file-update.xlsx); Haul definition!A150:C150
desnz_travel,DEFRA 2023,haul:TJK,long_haul,haul,UK DEFRA/DESNZ (2023) GHG Conversion Factors for Company Reporting (full set v1.1; ghg-conversion-factors-2023-full-file-update.xlsx); Haul definition!A151:C151
desnz_travel,DEFRA 2023,haul:TZA,long_haul,haul,UK DEFRA/DESNZ (2023) GHG Conversion Factors for Company Reporting (full set v1.1; ghg-conversion-factors-2023-full-file-update.xlsx); Haul definition!A152:C152
desnz_travel,DEFRA 2023,haul:THA,long_haul,haul,UK DEFRA/DESNZ (2023) GHG Conversion Factors for Company Reporting (full set v1.1; ghg-conversion-factors-2023-full-file-update.xlsx); Haul definition!A153:C153
desnz_travel,DEFRA 2023,haul:TLS,long_haul,haul,UK DEFRA/DESNZ (2023) GHG Conversion Factors for Company Reporting (full set v1.1; ghg-conversion-factors-2023-full-file-update.xlsx); Haul definition!A154:C154
desnz_travel,DEFRA 2023,haul:TGO,long_haul,haul,UK DEFRA/DESNZ (2023) GHG Conversion Factors for Company Reporting (full set v1.1; ghg-conversion-factors-2023-full-file-update.xlsx); Haul definition!A155:C155
desnz_travel,DEFRA 2023,haul:TON,long_haul,haul,UK DEFRA/DESNZ (2023) GHG Conversion Factors for Company Reporting (full set v1.1; ghg-conversion-factors-2023-full-file-update.xlsx); Haul definition!A156:C156
desnz_travel,DEFRA 2023,haul:TTO,long_haul,haul,UK DEFRA/DESNZ (2023) GHG Conversion Factors for Company Reporting (full set v1.1; ghg-conversion-factors-2023-full-file-update.xlsx); Haul definition!A157:C157
desnz_travel,DEFRA 2023,haul:TKM,long_haul,haul,UK DEFRA/DESNZ (2023) GHG Conversion Factors for Company Reporting (full set v1.1; ghg-conversion-factors-2023-full-file-update.xlsx); Haul definition!A158:C158
desnz_travel,DEFRA 2023,haul:TCA,long_haul,haul,UK DEFRA/DESNZ (2023) GHG Conversion Factors for Company Reporting (full set v1.1; ghg-conversion-factors-2023-full-file-update.xlsx); Haul definition!A159:C159
desnz_travel,DEFRA 2023,haul:UGA,long_haul,haul,UK DEFRA/DESNZ (2023) GHG Conversion Factors for Company Reporting (full set v1.1; ghg-conversion-factors-2023-full-file-update.xlsx); Haul definition!A160:C160
desnz_travel,DEFRA 2023,haul:UKR,long_haul,haul,UK DEFRA/DESNZ (2023) GHG Conversion Factors for Company Reporting (full set v1.1; ghg-conversion-factors-2023-full-file-update.xlsx); Haul definition!A161:C161
desnz_travel,DEFRA 2023,haul:ARE,long_haul,haul,UK DEFRA/DESNZ (2023) GHG Conversion Factors for Company Reporting (full set v1.1; ghg-conversion-factors-2023-full-file-update.xlsx); Haul definition!A162:C162
desnz_travel,DEFRA 2023,haul:USA,long_haul,haul,UK DEFRA/DESNZ (2023) GHG Conversion Factors for Company Reporting (full set v1.1; ghg-conversion-factors-2023-full-file-update.xlsx); Haul definition!A163:C163
desnz_travel,DEFRA 2023,haul:URY,long_haul,haul,UK DEFRA/DESNZ (2023) GHG Conversion Factors for Company Reporting (full set v1.1; ghg-conversion-factors-2023-full-file-update.xlsx); Haul definition!A164:C164
desnz_travel,DEFRA 2023,haul:UZB,long_haul,haul,UK DEFRA/DESNZ (2023) GHG Conversion Factors for Company Reporting (full set v1.1; ghg-conversion-factors-2023-full-file-update.xlsx); Haul definition!A165:C165
desnz_travel,DEFRA 2023,haul:VUT,long_haul,haul,UK DEFRA/DESNZ (2023) GHG Conversion Factors for Company Reporting (full set v1.1; ghg-conversion-factors-2023-full-file-update.xlsx); Haul definition!A166:C166
desnz_travel,DEFRA 2023,haul:VEN,long_haul,haul,UK DEFRA/DESNZ (2023) GHG Conversion Factors for Company Reporting (full set v1.1; ghg-conversion-factors-2023-full-file-update.xlsx); Haul definition!A167:C167
desnz_travel,DEFRA 2023,haul:VNM,long_haul,haul,UK DEFRA/DESNZ (2023) GHG Conversion Factors for Company Reporting (full set v1.1; ghg-conversion-factors-2023-full-file-update.xlsx); Haul definition!A168:C168
desnz_travel,DEFRA 2023,haul:VIR,long_haul,haul,UK DEFRA/DESNZ (2023) GHG Conversion Factors for Company Reporting (full set v1.1; ghg-conversion-factors-2023-full-file-update.xlsx); Haul definition!A169:C169
desnz_travel,DEFRA 2023,haul:UMI,long_haul,haul,UK DEFRA/DESNZ (2023) GHG Conversion Factors for Company Reporting (full set v1.1; ghg-conversion-factors-2023-full-file-update.xlsx); Haul definition!A170:C170
desnz_travel,DEFRA 2023,haul:YEM,long_haul,haul,UK DEFRA/DESNZ (2023) GHG Conversion Factors for Company Reporting (full set v1.1; ghg-conversion-factors-2023-full-file-update.xlsx); Haul definition!A171:C171
desnz_travel,DEFRA 2023,haul:ZMB,long_haul,haul,UK DEFRA/DESNZ (2023) GHG Conversion Factors for Company Reporting (full set v1.1; ghg-conversion-factors-2023-full-file-update.xlsx); Haul definition!A172:C172
desnz_travel,DEFRA 2023,haul:ZWE,long_haul,haul,UK DEFRA/DESNZ (2023) GHG Conversion Factors for Company Reporting (full set v1.1; ghg-conversion-factors-2023-full-file-update.xlsx); Haul definition!A173:C173
desnz_travel,DEFRA 2023,haul:ALB,short_haul,haul,UK DEFRA/DESNZ (2023) GHG Conversion Factors for Company Reporting (full set v1.1; ghg-conversion-factors-2023-full-file-update.xlsx); Haul definition!A174:C174
desnz_travel,DEFRA 2023,haul:DZA,short_haul,haul,UK DEFRA/DESNZ (2023) GHG Conversion Factors for Company Reporting (full set v1.1; ghg-conversion-factors-2023-full-file-update.xlsx); Haul definition!A175:C175
desnz_travel,DEFRA 2023,haul:AUT,short_haul,haul,UK DEFRA/DESNZ (2023) GHG Conversion Factors for Company Reporting (full set v1.1; ghg-conversion-factors-2023-full-file-update.xlsx); Haul definition!A176:C176
desnz_travel,DEFRA 2023,haul:BLR,short_haul,haul,UK DEFRA/DESNZ (2023) GHG Conversion Factors for Company Reporting (full set v1.1; ghg-conversion-factors-2023-full-file-update.xlsx); Haul definition!A177:C177
desnz_travel,DEFRA 2023,haul:BEL,short_haul,haul,UK DEFRA/DESNZ (2023) GHG Conversion Factors for Company Reporting (full set v1.1; ghg-conversion-factors-2023-full-file-update.xlsx); Haul definition!A178:C178
desnz_travel,DEFRA 2023,haul:BIH,short_haul,haul,UK DEFRA/DESNZ (2023) GHG Conversion Factors for Company Reporting (full set v1.1; ghg-conversion-factors-2023-full-file-update.xlsx); Haul definition!A179:C179
desnz_travel,DEFRA 2023,haul:BGR,short_haul,haul,UK DEFRA/DESNZ (2023) GHG Conversion Factors for Company Reporting (full set v1.1; ghg-conversion-factors-2023-full-file-update.xlsx); Haul definition!A180:C180
desnz_travel,DEFRA 2023,haul:HRV,short_haul,haul,UK DEFRA/DESNZ (2023) GHG Conversion Factors for Company Reporting (full set v1.1; ghg-conversion-factors-2023-full-file-update.xlsx); Haul definition!A181:C181
desnz_travel,DEFRA 2023,haul:CYP,short_haul,haul,UK DEFRA/DESNZ (2023) GHG Conversion Factors for Company Reporting (full set v1.1; ghg-conversion-factors-2023-full-file-update.xlsx); Haul definition!A182:C182
desnz_travel,DEFRA 2023,haul:CZE,short_haul,haul,UK DEFRA/DESNZ (2023) GHG Conversion Factors for Company Reporting (full set v1.1; ghg-conversion-factors-2023-full-file-update.xlsx); Haul definition!A183:C183
desnz_travel,DEFRA 2023,haul:DNK,short_haul,haul,UK DEFRA/DESNZ (2023) GHG Conversion Factors for Company Reporting (full set v1.1; ghg-conversion-factors-2023-full-file-update.xlsx); Haul definition!A184:C184
desnz_travel,DEFRA 2023,haul:EGY,short_haul,haul,UK DEFRA/DESNZ (2023) GHG Conversion Factors for Company Reporting (full set v1.1; ghg-conversion-factors-2023-full-file-update.xlsx); Haul definition!A185:C185
desnz_travel,DEFRA 2023,haul:EST,short_haul,haul,UK DEFRA/DESNZ (2023) GHG Conversion Factors for Company Reporting (full set v1.1; ghg-conversion-factors-2023-full-file-update.xlsx); Haul definition!A186:C186
desnz_travel,DEFRA 2023,haul:FRO,short_haul,haul,UK DEFRA/DESNZ (2023) GHG Conversion Factors for Company Reporting (full set v1.1; ghg-conversion-factors-2023-full-file-update.xlsx); Haul definition!A187:C187
desnz_travel,DEFRA 2023,haul:FIN,short_haul,haul,UK DEFRA/DESNZ (2023) GHG Conversion Factors for Company Reporting (full set v1.1; ghg-conversion-factors-2023-full-file-update.xlsx); Haul definition!A188:C188
desnz_travel,DEFRA 2023,haul:FRA,short_haul,haul,UK DEFRA/DESNZ (2023) GHG Conversion Factors for Company Reporting (full set v1.1; ghg-conversion-factors-2023-full-file-update.xlsx); Haul definition!A189:C189
desnz_travel,DEFRA 2023,haul:DEU,short_haul,haul,UK DEFRA/DESNZ (2023) GHG Conversion Factors for Company Reporting (full set v1.1; ghg-conversion-factors-2023-full-file-update.xlsx); Haul definition!A190:C190
desnz_travel,DEFRA 2023,haul:GIB,short_haul,haul,UK DEFRA/DESNZ (2023) GHG Conversion Factors for Company Reporting (full set v1.1; ghg-conversion-factors-2023-full-file-update.xlsx); Haul definition!A191:C191
desnz_travel,DEFRA 2023,haul:GRC,short_haul,haul,UK DEFRA/DESNZ (2023) GHG Conversion Factors for Company Reporting (full set v1.1; ghg-conversion-factors-2023-full-file-update.xlsx); Haul definition!A192:C192
desnz_travel,DEFRA 2023,haul:GRL,short_haul,haul,UK DEFRA/DESNZ (2023) GHG Conversion Factors for Company Reporting (full set v1.1; ghg-conversion-factors-2023-full-file-update.xlsx); Haul definition!A193:C193
desnz_travel,DEFRA 2023,haul:HUN,short_haul,haul,UK DEFRA/DESNZ (2023) GHG Conversion Factors for Company Reporting (full set v1.1; ghg-conversion-factors-2023-full-file-update.xlsx); Haul definition!A194:C194
desnz_travel,DEFRA 2023,haul:ISL,short_haul,haul,UK DEFRA/DESNZ (2023) GHG Conversion Factors for Company Reporting (full set v1.1; ghg-conversion-factors-2023-full-file-update.xlsx); Haul definition!A195:C195
desnz_travel,DEFRA 2023,haul:IRL,short_haul,haul,UK DEFRA/DESNZ (2023) GHG Conversion Factors for Company Reporting (full set v1.1; ghg-conversion-factors-2023-full-file-update.xlsx); Haul definition!A196:C196
desnz_travel,DEFRA 2023,haul:ITA,short_haul,haul,UK DEFRA/DESNZ (2023) GHG Conversion Factors for Company Reporting (full set v1.1; ghg-conversion-factors-2023-full-file-update.xlsx); Haul definition!A197:C197
desnz_travel,DEFRA 2023,haul:XKX,short_haul,haul,UK DEFRA/DESNZ (2023) GHG Conversion Factors for Company Reporting (full set v1.1; ghg-conversion-factors-2023-full-file-update.xlsx); Haul definition!A198:C198
desnz_travel,DEFRA 2023,haul:LVA,short_haul,haul,UK DEFRA/DESNZ (2023) GHG Conversion Factors for Company Reporting (full set v1.1; ghg-conversion-factors-2023-full-file-update.xlsx); Haul definition!A199:C199
desnz_travel,DEFRA 2023,haul:LBY,short_haul,haul,UK DEFRA/DESNZ (2023) GHG Conversion Factors for Company Reporting (full set v1.1; ghg-conversion-factors-2023-full-file-update.xlsx); Haul definition!A200:C200
desnz_travel,DEFRA 2023,haul:LTU,short_haul,haul,UK DEFRA/DESNZ (2023) GHG Conversion Factors for Company Reporting (full set v1.1; ghg-conversion-factors-2023-full-file-update.xlsx); Haul definition!A201:C201
desnz_travel,DEFRA 2023,haul:LUX,short_haul,haul,UK DEFRA/DESNZ (2023) GHG Conversion Factors for Company Reporting (full set v1.1; ghg-conversion-factors-2023-full-file-update.xlsx); Haul definition!A202:C202
desnz_travel,DEFRA 2023,haul:MKD,short_haul,haul,UK DEFRA/DESNZ (2023) GHG Conversion Factors for Company Reporting (full set v1.1; ghg-conversion-factors-2023-full-file-update.xlsx); Haul definition!A203:C203
desnz_travel,DEFRA 2023,haul:MLT,short_haul,haul,UK DEFRA/DESNZ (2023) GHG Conversion Factors for Company Reporting (full set v1.1; ghg-conversion-factors-2023-full-file-update.xlsx); Haul definition!A204:C204
desnz_travel,DEFRA 2023,haul:MNE,short_haul,haul,UK DEFRA/DESNZ (2023) GHG Conversion Factors for Company Reporting (full set v1.1; ghg-conversion-factors-2023-full-file-update.xlsx); Haul definition!A205:C205
desnz_travel,DEFRA 2023,haul:MAR,short_haul,haul,UK DEFRA/DESNZ (2023) GHG Conversion Factors for Company Reporting (full set v1.1; ghg-conversion-factors-2023-full-file-update.xlsx); Haul definition!A206:C206
desnz_travel,DEFRA 2023,haul:NLD,short_haul,haul,UK DEFRA/DESNZ (2023) GHG Conversion Factors for Company Reporting (full set v1.1; ghg-conversion-factors-2023-full-file-update.xlsx); Haul definition!A207:C207
desnz_travel,DEFRA 2023,haul:NOR,short_haul,haul,UK DEFRA/DESNZ (2023) GHG Conversion Factors for Company Reporting (full set v1.1; ghg-conversion-factors-2023-full-file-update.xlsx); Haul definition!A208:C208
desnz_travel,DEFRA 2023,haul:POL,short_haul,haul,UK DEFRA/DESNZ (2023) GHG Conversion Factors for Company Reporting (full set v1.1; ghg-conversion-factors-2023-full-file-update.xlsx); Haul definition!A209:C209
desnz_travel,DEFRA 2023,haul:PRT,short_haul,haul,UK DEFRA/DESNZ (2023) GHG Conversion Factors for Company Reporting (full set v1.1; ghg-conversion-factors-2023-full-file-update.xlsx); Haul definition!A210:C210
desnz_travel,DEFRA 2023,haul:ROU,short_haul,haul,UK DEFRA/DESNZ (2023) GHG Conversion Factors for Company Reporting (full set v1.1; ghg-conversion-factors-2023-full-file-update.xlsx); Haul definition!A211:C211
desnz_travel,DEFRA 2023,haul:SRB,short_haul,haul,UK DEFRA/DESNZ (2023) GHG Conversion Factors for Company Reporting (full set v1.1; ghg-conversion-factors-2023-full-file-update.xlsx); Haul definition!A212:C212
desnz_travel,DEFRA 2023,haul:SVK,short_haul,haul,UK DEFRA/DESNZ (2023) GHG Conversion Factors for Company Reporting (full set v1.1; ghg-conversion-factors-2023-full-file-update.xlsx); Haul definition!A213:C213
desnz_travel,DEFRA 2023,haul:SVN,short_haul,haul,UK DEFRA/DESNZ (2023) GHG Conversion Factors for Company Reporting (full set v1.1; ghg-conversion-factors-2023-full-file-update.xlsx); Haul definition!A214:C214
desnz_travel,DEFRA 2023,haul:ESP,short_haul,haul,UK DEFRA/DESNZ (2023) GHG Conversion Factors for Company Reporting (full set v1.1; ghg-conversion-factors-2023-full-file-update.xlsx); Haul definition!A215:C215
desnz_travel,DEFRA 2023,haul:SWE,short_haul,haul,UK DEFRA/DESNZ (2023) GHG Conversion Factors for Company Reporting (full set v1.1; ghg-conversion-factors-2023-full-file-update.xlsx); Haul definition!A216:C216
desnz_travel,DEFRA 2023,haul:CHE,short_haul,haul,UK DEFRA/DESNZ (2023) GHG Conversion Factors for Company Reporting (full set v1.1; ghg-conversion-factors-2023-full-file-update.xlsx); Haul definition!A217:C217
desnz_travel,DEFRA 2023,haul:TUN,short_haul,haul,UK DEFRA/DESNZ (2023) GHG Conversion Factors for Company Reporting (full set v1.1; ghg-conversion-factors-2023-full-file-update.xlsx); Haul definition!A218:C218
desnz_travel,DEFRA 2023,haul:TUR,short_haul,haul,UK DEFRA/DESNZ (2023) GHG Conversion Factors for Company Reporting (full set v1.1; ghg-conversion-factors-2023-full-file-update.xlsx); Haul definition!A219:C219
desnz_travel,DEFRA 2023,haul:ESH,short_haul,haul,UK DEFRA/DESNZ (2023) GHG Conversion Factors for Company Reporting (full set v1.1; ghg-conversion-factors-2023-full-file-update.xlsx); Haul definition!A220:C220
desnz_travel,DEFRA 2023,rail:National rail,0.03546296375838926,kg CO2e per passenger.km,UK DEFRA/DESNZ (2023) GHG Conversion Factors for Company Reporting (full set v1.1; ghg-conversion-factors-2023-full-file-update.xlsx); Business travel- land!D87:G87
desnz_travel,DEFRA 2023,rail:International rail,0.004459077852348993,kg CO2e per passenger.km,UK DEFRA/DESNZ (2023) GHG Conversion Factors for Company Reporting (full set v1.1; ghg-conversion-factors-2023-full-file-update.xlsx); Business travel- land!D88:G88
desnz_travel,DEFRA 2023,rail:Light rail and tram,0.02860326711409396,kg CO2e per passenger.km,UK DEFRA/DESNZ (2023) GHG Conversion Factors for Company Reporting (full set v1.1; ghg-conversion-factors-2023-full-file-update.xlsx); Business travel- land!D89:G89
desnz_travel,DEFRA 2023,rail:London Underground,0.02780206711409396,kg CO2e per passenger.km,UK DEFRA/DESNZ (2023) GHG Conversion Factors for Company Reporting (full set v1.1; ghg-conversion-factors-2023-full-file-update.xlsx); Business travel- land!D90:G90
desnz_travel,DEFRA 2023,wtt_rail:National rail,0.008966173915660059,kg CO2e per passenger.km,UK DEFRA/DESNZ (2023) GHG Conversion Factors for Company Reporting (full set v1.1; ghg-conversion-factors-2023-full-file-update.xlsx); WTT- pass vehs & travel- land!D83
desnz_travel,DEFRA 2023,wtt_rail:International rail,0.0011660046796149852,kg CO2e per passenger.km,UK DEFRA/DESNZ (2023) GHG Conversion Factors for Company Reporting (full set v1.1; ghg-conversion-factors-2023-full-file-update.xlsx); WTT- pass vehs & travel- land!D84
desnz_travel,DEFRA 2023,wtt_rail:Light rail and tram,0.0074885645371824475,kg CO2e per passenger.km,UK DEFRA/DESNZ (2023) GHG Conversion Factors for Company Reporting (full set v1.1; ghg-conversion-factors-2023-full-file-update.xlsx); WTT- pass vehs & travel- land!D85
desnz_travel,DEFRA 2023,wtt_rail:London Underground,0.007277477483114217,kg CO2e per passenger.km,UK DEFRA/DESNZ (2023) GHG Conversion Factors for Company Reporting (full set v1.1; ghg-conversion-factors-2023-full-file-update.xlsx); WTT- pass vehs & travel- land!D86
desnz_travel,DEFRA 2023,car:small:diesel,0.13930644888053692,kg CO2e per km (vehicle),UK DEFRA/DESNZ (2023) GHG Conversion Factors for Company Reporting (full set v1.1; ghg-conversion-factors-2023-full-file-update.xlsx); Business travel- land!D47:G47
desnz_travel,DEFRA 2023,car:small:petrol,0.14079853422818792,kg CO2e per km (vehicle),UK DEFRA/DESNZ (2023) GHG Conversion Factors for Company Reporting (full set v1.1; ghg-conversion-factors-2023-full-file-update.xlsx); Business travel- land!H47:K47
desnz_travel,DEFRA 2023,car:small:hybrid,0.10149885771812081,kg CO2e per km (vehicle),UK DEFRA/DESNZ (2023) GHG Conversion Factors for Company Reporting (full set v1.1; ghg-conversion-factors-2023-full-file-update.xlsx); Business travel- land!L47:O47
desnz_travel,DEFRA 2023,car:small:unknown,0.1403688577181208,kg CO2e per km (vehicle),UK DEFRA/DESNZ (2023) GHG Conversion Factors for Company Reporting (full set v1.1; ghg-conversion-factors-2023-full-file-update.xlsx); Business travel- land!X47:AA47
desnz_travel,DEFRA 2023,car:small:plug_in_hybrid,0.05402299328859061,kg CO2e per km (vehicle),UK DEFRA/DESNZ (2023) GHG Conversion Factors for Company Reporting (full set v1.1; ghg-conversion-factors-2023-full-file-update.xlsx); Business travel- land!AB47:AE47
desnz_travel,DEFRA 2023,car:small:battery_electric,0.04822828590604027,kg CO2e per km (vehicle),UK DEFRA/DESNZ (2023) GHG Conversion Factors for Company Reporting (full set v1.1; ghg-conversion-factors-2023-full-file-update.xlsx); Business travel- land!AF47:AI47
desnz_travel,DEFRA 2023,car:medium:diesel,0.1671564488805369,kg CO2e per km (vehicle),UK DEFRA/DESNZ (2023) GHG Conversion Factors for Company Reporting (full set v1.1; ghg-conversion-factors-2023-full-file-update.xlsx); Business travel- land!D49:G49
desnz_travel,DEFRA 2023,car:medium:petrol,0.17818853422818792,kg CO2e per km (vehicle),UK DEFRA/DESNZ (2023) GHG Conversion Factors for Company Reporting (full set v1.1; ghg-conversion-factors-2023-full-file-update.xlsx); Business travel- land!H49:K49
desnz_travel,DEFRA 2023,car:medium:hybrid,0.10903843624161073,kg CO2e per km (vehicle),UK DEFRA/DESNZ (2023) GHG Conversion Factors for Company Reporting (full set v1.1; ghg-conversion-factors-2023-full-file-update.xlsx); Business travel- land!L49:O49
desnz_travel,DEFRA 2023,car:medium:cng,0.15660419731543626,kg CO2e per km (vehicle),UK DEFRA/DESNZ (2023) GHG Conversion Factors for Company Reporting (full set v1.1; ghg-conversion-factors-2023-full-file-update.xlsx); Business travel- land!P49:S49
desnz_travel,DEFRA 2023,car:medium:lpg,0.17607059731543626,kg CO2e per km (vehicle),UK DEFRA/DESNZ (2023) GHG Conversion Factors for Company Reporting (full set v1.1; ghg-conversion-factors-2023-full-file-update.xlsx); Business travel- land!T49:W49
desnz_travel,DEFRA 2023,car:medium:unknown,0.17245843624161075,kg CO2e per km (vehicle),UK DEFRA/DESNZ (2023) GHG Conversion Factors for Company Reporting (full set v1.1; ghg-conversion-factors-2023-full-file-update.xlsx); Business travel- land!X49:AA49
desnz_travel,DEFRA 2023,car:medium:plug_in_hybrid,0.08500733422818792,kg CO2e per km (vehicle),UK DEFRA/DESNZ (2023) GHG Conversion Factors for Company Reporting (full set v1.1; ghg-conversion-factors-2023-full-file-update.xlsx); Business travel- land!AB49:AE49
desnz_travel,DEFRA 2023,car:medium:battery_electric,0.05266634899328859,kg CO2e per km (vehicle),UK DEFRA/DESNZ (2023) GHG Conversion Factors for Company Reporting (full set v1.1; ghg-conversion-factors-2023-full-file-update.xlsx); Business travel- land!AF49:AI49
desnz_travel,DEFRA 2023,car:large:diesel,0.20858644888053693,kg CO2e per km (vehicle),UK DEFRA/DESNZ (2023) GHG Conversion Factors for Company Reporting (full set v1.1; ghg-conversion-factors-2023-full-file-update.xlsx); Business travel- land!D51:G51
desnz_travel,DEFRA 2023,car:large:petrol,0.27223853422818795,kg CO2e per km (vehicle),UK DEFRA/DESNZ (2023) GHG Conversion Factors for Company Reporting (full set v1.1; ghg-conversion-factors-2023-full-file-update.xlsx); Business travel- land!H51:K51
desnz_travel,DEFRA 2023,car:large:hybrid,0.1524358,kg CO2e per km (vehicle),UK DEFRA/DESNZ (2023) GHG Conversion Factors for Company Reporting (full set v1.1; ghg-conversion-factors-2023-full-file-update.xlsx); Business travel- land!L51:O51
desnz_travel,DEFRA 2023,car:large:cng,0.23845419731543627,kg CO2e per km (vehicle),UK DEFRA/DESNZ (2023) GHG Conversion Factors for Company Reporting (full set v1.1; ghg-conversion-factors-2023-full-file-update.xlsx); Business travel- land!P51:S51
desnz_travel,DEFRA 2023,car:large:lpg,0.26914059731543627,kg CO2e per km (vehicle),UK DEFRA/DESNZ (2023) GHG Conversion Factors for Company Reporting (full set v1.1; ghg-conversion-factors-2023-full-file-update.xlsx); Business travel- land!T51:W51
desnz_travel,DEFRA 2023,car:large:unknown,0.2261158,kg CO2e per km (vehicle),UK DEFRA/DESNZ (2023) GHG Conversion Factors for Company Reporting (full set v1.1; ghg-conversion-factors-2023-full-file-update.xlsx); Business travel- land!X51:AA51
desnz_travel,DEFRA 2023,car:large:plug_in_hybrid,0.10158438255033557,kg CO2e per km (vehicle),UK DEFRA/DESNZ (2023) GHG Conversion Factors for Company Reporting (full set v1.1; ghg-conversion-factors-2023-full-file-update.xlsx); Business travel- land!AB51:AE51
desnz_travel,DEFRA 2023,car:large:battery_electric,0.057974412080536906,kg CO2e per km (vehicle),UK DEFRA/DESNZ (2023) GHG Conversion Factors for Company Reporting (full set v1.1; ghg-conversion-factors-2023-full-file-update.xlsx); Business travel- land!AF51:AI51
desnz_travel,DEFRA 2023,car:average:diesel,0.1698264488805369,kg CO2e per km (vehicle),UK DEFRA/DESNZ (2023) GHG Conversion Factors for Company Reporting (full set v1.1; ghg-conversion-factors-2023-full-file-update.xlsx); Business travel- land!D53:G53
desnz_travel,DEFRA 2023,car:average:petrol,0.1639085342281879,kg CO2e per km (vehicle),UK DEFRA/DESNZ (2023) GHG Conversion Factors for Company Reporting (full set v1.1; ghg-conversion-factors-2023-full-file-update.xlsx); Business travel- land!H53:K53
desnz_travel,DEFRA 2023,car:average:hybrid,0.11897858791946307,kg CO2e per km (vehicle),UK DEFRA/DESNZ (2023) GHG Conversion Factors for Company Reporting (full set v1.1; ghg-conversion-factors-2023-full-file-update.xlsx); Business travel- land!L53:O53
desnz_travel,DEFRA 2023,car:average:cng,0.17504419731543627,kg CO2e per km (vehicle),UK DEFRA/DESNZ (2023) GHG Conversion Factors for Company Reporting (full set v1.1; ghg-conversion-factors-2023-full-file-update.xlsx); Business travel- land!P53:S53
desnz_travel,DEFRA 2023,car:average:lpg,0.19704059731543624,kg CO2e per km (vehicle),UK DEFRA/DESNZ (2023) GHG Conversion Factors for Company Reporting (full set v1.1; ghg-conversion-factors-2023-full-file-update.xlsx); Business travel- land!T53:W53
desnz_travel,DEFRA 2023,car:average:unknown,0.1666385879194631,kg CO2e per km (vehicle),UK DEFRA/DESNZ (2023) GHG Conversion Factors for Company Reporting (full set v1.1; ghg-conversion-factors-2023-full-file-update.xlsx); Business travel- land!X53:AA53
desnz_travel,DEFRA 2023,car:average:plug_in_hybrid,0.09391641208053692,kg CO2e per km (vehicle),UK DEFRA/DESNZ (2023) GHG Conversion Factors for Company Reporting (full set v1.1; ghg-conversion-factors-2023-full-file-update.xlsx); Business travel- land!AB53:AE53
desnz_travel,DEFRA 2023,car:average:battery_electric,0.05479644161073825,kg CO2e per km (vehicle),UK DEFRA/DESNZ (2023) GHG Conversion Factors for Company Reporting (full set v1.1; ghg-conversion-factors-2023-full-file-update.xlsx); Business travel- land!AF53:AI53
desnz_travel,DEFRA 2023,wtt_car:small:diesel,0.03392,kg CO2e per km (vehicle),UK DEFRA/DESNZ (2023) GHG Conversion Factors for Company Reporting (full set v1.1; ghg-conversion-factors-2023-full-file-update.xlsx); WTT- pass vehs & travel- land!D43
desnz_travel,DEFRA 2023,wtt_car:small:petrol,0.03907,kg CO2e per km (vehicle),UK DEFRA/DESNZ (2023) GHG Conversion Factors for Company Reporting (full set v1.1; ghg-conversion-factors-2023-full-file-update.xlsx); WTT- pass vehs & travel- land!E43
desnz_travel,DEFRA 2023,wtt_car:small:hybrid,0.02703,kg CO2e per km (vehicle),UK DEFRA/DESNZ (2023) GHG Conversion Factors for Company Reporting (full set v1.1; ghg-conversion-factors-2023-full-file-update.xlsx); WTT- pass vehs & travel- land!F43
desnz_travel,DEFRA 2023,wtt_car:small:unknown,0.03749,kg CO2e per km (vehicle),UK DEFRA/DESNZ (2023) GHG Conversion Factors for Company Reporting (full set v1.1; ghg-conversion-factors-2023-full-file-update.xlsx); WTT- pass vehs & travel- land!I43
desnz_travel,DEFRA 2023,wtt_car:small:plug_in_hybrid,0.01317,kg CO2e per km (vehicle),UK DEFRA/DESNZ (2023) GHG Conversion Factors for Company Reporting (full set v1.1; ghg-conversion-factors-2023-full-file-update.xlsx); WTT- pass vehs & travel- land!J43
desnz_travel,DEFRA 2023,wtt_car:small:battery_electric,0.0107,kg CO2e per km (vehicle),UK DEFRA/DESNZ (2023) GHG Conversion Factors for Company Reporting (full set v1.1; ghg-conversion-factors-2023-full-file-update.xlsx); WTT- pass vehs & travel- land!K43
desnz_travel,DEFRA 2023,wtt_car:medium:diesel,0.04079,kg CO2e per km (vehicle),UK DEFRA/DESNZ (2023) GHG Conversion Factors for Company Reporting (full set v1.1; ghg-conversion-factors-2023-full-file-update.xlsx); WTT- pass vehs & travel- land!D45
desnz_travel,DEFRA 2023,wtt_car:medium:petrol,0.04949,kg CO2e per km (vehicle),UK DEFRA/DESNZ (2023) GHG Conversion Factors for Company Reporting (full set v1.1; ghg-conversion-factors-2023-full-file-update.xlsx); WTT- pass vehs & travel- land!E45
desnz_travel,DEFRA 2023,wtt_car:medium:hybrid,0.02831,kg CO2e per km (vehicle),UK DEFRA/DESNZ (2023) GHG Conversion Factors for Company Reporting (full set v1.1; ghg-conversion-factors-2023-full-file-update.xlsx); WTT- pass vehs & travel- land!F45
desnz_travel,DEFRA 2023,wtt_car:medium:cng,0.03206,kg CO2e per km (vehicle),UK DEFRA/DESNZ (2023) GHG Conversion Factors for Company Reporting (full set v1.1; ghg-conversion-factors-2023-full-file-update.xlsx); WTT- pass vehs & travel- land!G45
desnz_travel,DEFRA 2023,wtt_car:medium:lpg,0.0209,kg CO2e per km (vehicle),UK DEFRA/DESNZ (2023) GHG Conversion Factors for Company Reporting (full set v1.1; ghg-conversion-factors-2023-full-file-update.xlsx); WTT- pass vehs & travel- land!H45
desnz_travel,DEFRA 2023,wtt_car:medium:unknown,0.04496,kg CO2e per km (vehicle),UK DEFRA/DESNZ (2023) GHG Conversion Factors for Company Reporting (full set v1.1; ghg-conversion-factors-2023-full-file-update.xlsx); WTT- pass vehs & travel- land!I45
desnz_travel,DEFRA 2023,wtt_car:medium:plug_in_hybrid,0.0222,kg CO2e per km (vehicle),UK DEFRA/DESNZ (2023) GHG Conversion Factors for Company Reporting (full set v1.1; ghg-conversion-factors-2023-full-file-update.xlsx); WTT- pass vehs & travel- land!J45
desnz_travel,DEFRA 2023,wtt_car:medium:battery_electric,0.01167,kg CO2e per km (vehicle),UK DEFRA/DESNZ (2023) GHG Conversion Factors for Company Reporting (full set v1.1; ghg-conversion-factors-2023-full-file-update.xlsx); WTT- pass vehs & travel- land!K45
desnz_travel,DEFRA 2023,wtt_car:large:diesel,0.051,kg CO2e per km (vehicle),UK DEFRA/DESNZ (2023) GHG Conversion Factors for Company Reporting (full set v1.1; ghg-conversion-factors-2023-full-file-update.xlsx); WTT- pass vehs & travel- land!D47
desnz_travel,DEFRA 2023,wtt_car:large:petrol,0.07572,kg CO2e per km (vehicle),UK DEFRA/DESNZ (2023) GHG Conversion Factors for Company Reporting (full set v1.1; ghg-conversion-factors-2023-full-file-update.xlsx); WTT- pass vehs & travel- land!E47
desnz_travel,DEFRA 2023,wtt_car:large:hybrid,0.03884,kg CO2e per km (vehicle),UK DEFRA/DESNZ (2023) GHG Conversion Factors for Company Reporting (full set v1.1; ghg-conversion-factors-2023-full-file-update.xlsx); WTT- pass vehs & travel- land!F47
desnz_travel,DEFRA 2023,wtt_car:large:cng,0.04904,kg CO2e per km (vehicle),UK DEFRA/DESNZ (2023) GHG Conversion Factors for Company Reporting (full set v1.1; ghg-conversion-factors-2023-full-file-update.xlsx); WTT- pass vehs & travel- land!G47
desnz_travel,DEFRA 2023,wtt_car:large:lpg,0.03197,kg CO2e per km (vehicle),UK DEFRA/DESNZ (2023) GHG Conversion Factors for Company Reporting (full set v1.1; ghg-conversion-factors-2023-full-file-update.xlsx); WTT- pass vehs & travel- land!H47
desnz_travel,DEFRA 2023,wtt_car:large:unknown,0.0578,kg CO2e per km (vehicle),UK DEFRA/DESNZ (2023) GHG Conversion Factors for Company Reporting (full set v1.1; ghg-conversion-factors-2023-full-file-update.xlsx); WTT- pass vehs & travel- land!I47
desnz_travel,DEFRA 2023,wtt_car:large:plug_in_hybrid,0.02635,kg CO2e per km (vehicle),UK DEFRA/DESNZ (2023) GHG Conversion Factors for Company Reporting (full set v1.1; ghg-conversion-factors-2023-full-file-update.xlsx); WTT- pass vehs & travel- land!J47
desnz_travel,DEFRA 2023,wtt_car:large:battery_electric,0.01285,kg CO2e per km (vehicle),UK DEFRA/DESNZ (2023) GHG Conversion Factors for Company Reporting (full set v1.1; ghg-conversion-factors-2023-full-file-update.xlsx); WTT- pass vehs & travel- land!K47
desnz_travel,DEFRA 2023,wtt_car:average:diesel,0.04145,kg CO2e per km (vehicle),UK DEFRA/DESNZ (2023) GHG Conversion Factors for Company Reporting (full set v1.1; ghg-conversion-factors-2023-full-file-update.xlsx); WTT- pass vehs & travel- land!D49
desnz_travel,DEFRA 2023,wtt_car:average:petrol,0.04551,kg CO2e per km (vehicle),UK DEFRA/DESNZ (2023) GHG Conversion Factors for Company Reporting (full set v1.1; ghg-conversion-factors-2023-full-file-update.xlsx); WTT- pass vehs & travel- land!E49
desnz_travel,DEFRA 2023,wtt_car:average:hybrid,0.03109,kg CO2e per km (vehicle),UK DEFRA/DESNZ (2023) GHG Conversion Factors for Company Reporting (full set v1.1; ghg-conversion-factors-2023-full-file-update.xlsx); WTT- pass vehs & travel- land!F49
desnz_travel,DEFRA 2023,wtt_car:average:cng,0.03589,kg CO2e per km (vehicle),UK DEFRA/DESNZ (2023) GHG Conversion Factors for Company Reporting (full set v1.1; ghg-conversion-factors-2023-full-file-update.xlsx); WTT- pass vehs & travel- land!G49
desnz_travel,DEFRA 2023,wtt_car:average:lpg,0.02339,kg CO2e per km (vehicle),UK DEFRA/DESNZ (2023) GHG Conversion Factors for Company Reporting (full set v1.1; ghg-conversion-factors-2023-full-file-update.xlsx); WTT- pass vehs & travel- land!H49
desnz_travel,DEFRA 2023,wtt_car:average:unknown,0.04366,kg CO2e per km (vehicle),UK DEFRA/DESNZ (2023) GHG Conversion Factors for Company Reporting (full set v1.1; ghg-conversion-factors-2023-full-file-update.xlsx); WTT- pass vehs & travel- land!I49
desnz_travel,DEFRA 2023,wtt_car:average:plug_in_hybrid,0.0244,kg CO2e per km (vehicle),UK DEFRA/DESNZ (2023) GHG Conversion Factors for Company Reporting (full set v1.1; ghg-conversion-factors-2023-full-file-update.xlsx); WTT- pass vehs & travel- land!J49
desnz_travel,DEFRA 2023,wtt_car:average:battery_electric,0.01215,kg CO2e per km (vehicle),UK DEFRA/DESNZ (2023) GHG Conversion Factors for Company Reporting (full set v1.1; ghg-conversion-factors-2023-full-file-update.xlsx); WTT- pass vehs & travel- land!K49
desnz_travel,DEFRA 2023,motorbike:small,0.08318518657718121,kg CO2e per km (vehicle),UK DEFRA/DESNZ (2023) GHG Conversion Factors for Company Reporting (full set v1.1; ghg-conversion-factors-2023-full-file-update.xlsx); Business travel- land!D59:G59
desnz_travel,DEFRA 2023,motorbike:medium,0.10107835704697987,kg CO2e per km (vehicle),UK DEFRA/DESNZ (2023) GHG Conversion Factors for Company Reporting (full set v1.1; ghg-conversion-factors-2023-full-file-update.xlsx); Business travel- land!D61:G61
desnz_travel,DEFRA 2023,motorbike:large,0.13251915704697986,kg CO2e per km (vehicle),UK DEFRA/DESNZ (2023) GHG Conversion Factors for Company Reporting (full set v1.1; ghg-conversion-factors-2023-full-file-update.xlsx); Business travel- land!D63:G63
desnz_travel,DEFRA 2023,motorbike:average,0.1136742644295302,kg CO2e per km (vehicle),UK DEFRA/DESNZ (2023) GHG Conversion Factors for Company Reporting (full set v1.1; ghg-conversion-factors-2023-full-file-update.xlsx); Business travel- land!D65:G65
desnz_travel,DEFRA 2023,wtt_motorbike:small,0.02147728364163735,kg CO2e per km (vehicle),UK DEFRA/DESNZ (2023) GHG Conversion Factors for Company Reporting (full set v1.1; ghg-conversion-factors-2023-full-file-update.xlsx); WTT- pass vehs & travel- land!D55
desnz_travel,DEFRA 2023,wtt_motorbike:medium,0.026080232441426123,kg CO2e per km (vehicle),UK DEFRA/DESNZ (2023) GHG Conversion Factors for Company Reporting (full set v1.1; ghg-conversion-factors-2023-full-file-update.xlsx); WTT- pass vehs & travel- land!D57
desnz_travel,DEFRA 2023,wtt_motorbike:large,0.03469189689676864,kg CO2e per km (vehicle),UK DEFRA/DESNZ (2023) GHG Conversion Factors for Company Reporting (full set v1.1; ghg-conversion-factors-2023-full-file-update.xlsx); WTT- pass vehs & travel- land!D59
desnz_travel,DEFRA 2023,wtt_motorbike:average,0.029560740857659844,kg CO2e per km (vehicle),UK DEFRA/DESNZ (2023) GHG Conversion Factors for Company Reporting (full set v1.1; ghg-conversion-factors-2023-full-file-update.xlsx); WTT- pass vehs & travel- land!D61
desnz_travel,DEFRA 2023,taxi:regular:passenger_km,0.148614925938255,kg CO2e per passenger.km,UK DEFRA/DESNZ (2023) GHG Conversion Factors for Company Reporting (full set v1.1; ghg-conversion-factors-2023-full-file-update.xlsx); Business travel- land!D71:G71
desnz_travel,DEFRA 2023,taxi:regular:vehicle_km,0.20805644888053693,kg CO2e per km (vehicle),UK DEFRA/DESNZ (2023) GHG Conversion Factors for Company Reporting (full set v1.1; ghg-conversion-factors-2023-full-file-update.xlsx); Business travel- land!D72:G72
desnz_travel,DEFRA 2023,taxi:black_cab:passenger_km,0.20402466838120806,kg CO2e per passenger.km,UK DEFRA/DESNZ (2023) GHG Conversion Factors for Company Reporting (full set v1.1; ghg-conversion-factors-2023-full-file-update.xlsx); Business travel- land!D73:G73
desnz_travel,DEFRA 2023,taxi:black_cab:vehicle_km,0.30603644888053694,kg CO2e per km (vehicle),UK DEFRA/DESNZ (2023) GHG Conversion Factors for Company Reporting (full set v1.1; ghg-conversion-factors-2023-full-file-update.xlsx); Business travel- land!D74:G74
desnz_travel,DEFRA 2023,wtt_taxi:regular:passenger_km,0.03697087123270276,kg CO2e per passenger.km,UK DEFRA/DESNZ (2023) GHG Conversion Factors for Company Reporting (full set v1.1; ghg-conversion-factors-2023-full-file-update.xlsx); WTT- pass vehs & travel- land!D67
desnz_travel,DEFRA 2023,wtt_taxi:regular:vehicle_km,0.05176125556671078,kg CO2e per km (vehicle),UK DEFRA/DESNZ (2023) GHG Conversion Factors for Company Reporting (full set v1.1; ghg-conversion-factors-2023-full-file-update.xlsx); WTT- pass vehs & travel- land!D68
desnz_travel,DEFRA 2023,wtt_taxi:black_cab:passenger_km,0.050896023172773634,kg CO2e per passenger.km,UK DEFRA/DESNZ (2023) GHG Conversion Factors for Company Reporting (full set v1.1; ghg-conversion-factors-2023-full-file-update.xlsx); WTT- pass vehs & travel- land!D69
desnz_travel,DEFRA 2023,wtt_taxi:black_cab:vehicle_km,0.07634403475916045,kg CO2e per km (vehicle),UK DEFRA/DESNZ (2023) GHG Conversion Factors for Company Reporting (full set v1.1; ghg-conversion-factors-2023-full-file-update.xlsx); WTT- pass vehs & travel- land!D70
desnz_travel,DEFRA 2023,bus:local_not_london,0.11836276912751678,kg CO2e per passenger.km,UK DEFRA/DESNZ (2023) GHG Conversion Factors for Company Reporting (full set v1.1; ghg-conversion-factors-2023-full-file-update.xlsx); Business travel- land!D79:G79
desnz_travel,DEFRA 2023,bus:local_london,0.07832250872483222,kg CO2e per passenger.km,UK DEFRA/DESNZ (2023) GHG Conversion Factors for Company Reporting (full set v1.1; ghg-conversion-factors-2023-full-file-update.xlsx); Business travel- land!D80:G80
desnz_travel,DEFRA 2023,bus:average_local,0.10215039463087248,kg CO2e per passenger.km,UK DEFRA/DESNZ (2023) GHG Conversion Factors for Company Reporting (full set v1.1; ghg-conversion-factors-2023-full-file-update.xlsx); Business travel- land!D81:G81
desnz_travel,DEFRA 2023,bus:coach,0.027181401342281877,kg CO2e per passenger.km,UK DEFRA/DESNZ (2023) GHG Conversion Factors for Company Reporting (full set v1.1; ghg-conversion-factors-2023-full-file-update.xlsx); Business travel- land!D82:G82
desnz_travel,DEFRA 2023,wtt_bus:local_not_london,0.02887,kg CO2e per passenger.km,UK DEFRA/DESNZ (2023) GHG Conversion Factors for Company Reporting (full set v1.1; ghg-conversion-factors-2023-full-file-update.xlsx); WTT- pass vehs & travel- land!D75
desnz_travel,DEFRA 2023,wtt_bus:local_london,0.01916,kg CO2e per passenger.km,UK DEFRA/DESNZ (2023) GHG Conversion Factors for Company Reporting (full set v1.1; ghg-conversion-factors-2023-full-file-update.xlsx); WTT- pass vehs & travel- land!D76
desnz_travel,DEFRA 2023,wtt_bus:average_local,0.02493,kg CO2e per passenger.km,UK DEFRA/DESNZ (2023) GHG Conversion Factors for Company Reporting (full set v1.1; ghg-conversion-factors-2023-full-file-update.xlsx); WTT- pass vehs & travel- land!D77
desnz_travel,DEFRA 2023,wtt_bus:coach,0.00656,kg CO2e per passenger.km,UK DEFRA/DESNZ (2023) GHG Conversion Factors for Company Reporting (full set v1.1; ghg-conversion-factors-2023-full-file-update.xlsx); WTT- pass vehs & travel- land!D78
desnz_travel,DEFRA 2023,homeworking:office_equipment,0.03143942434902952,kg CO2e per FTE working hour,UK DEFRA/DESNZ (2023) GHG Conversion Factors for Company Reporting (full set v1.1; ghg-conversion-factors-2023-full-file-update.xlsx); Homeworking!C22
desnz_travel,DEFRA 2023,homeworking:heating,0.3023417802176726,kg CO2e per FTE working hour,UK DEFRA/DESNZ (2023) GHG Conversion Factors for Company Reporting (full set v1.1; ghg-conversion-factors-2023-full-file-update.xlsx); Homeworking!C23
desnz_travel,DEFRA 2023,homeworking:combined,0.3337812045667021,kg CO2e per FTE working hour,UK DEFRA/DESNZ (2023) GHG Conversion Factors for Company Reporting (full set v1.1; ghg-conversion-factors-2023-full-file-update.xlsx); Homeworking!C24
desnz_waste,DEFRA 2023,Construction:Aggregates:Open-loop,0.9849117232416107,kg CO2e per tonne,UK DEFRA/DESNZ (2023) GHG Conversion Factors for Company Reporting (full set v1.1000000000000001; ghg-conversion-factors-2023-full-file-update.xlsx); Waste disposal!E25
desnz_waste,DEFRA 2023,Construction:Aggregates:Closed-loop,0.9849117232416107,kg CO2e per tonne,UK DEFRA/DESNZ (2023) GHG Conversion Factors for Company Reporting (full set v1.1000000000000001; ghg-conversion-factors-2023-full-file-update.xlsx); Waste disposal!F25
desnz_waste,DEFRA 2023,Construction:Aggregates:Landfill,1.2340139100536913,kg CO2e per tonne,UK DEFRA/DESNZ (2023) GHG Conversion Factors for Company Reporting (full set v1.1000000000000001; ghg-conversion-factors-2023-full-file-update.xlsx); Waste disposal!I25
desnz_waste,DEFRA 2023,Construction:Average construction:Open-loop,0.9849117232416107,kg CO2e per tonne,UK DEFRA/DESNZ (2023) GHG Conversion Factors for Company Reporting (full set v1.1000000000000001; ghg-conversion-factors-2023-full-file-update.xlsx); Waste disposal!E26
desnz_waste,DEFRA 2023,Construction:Average construction:Closed-loop,0.9849117232416107,kg CO2e per tonne,UK DEFRA/DESNZ (2023) GHG Conversion Factors for Company Reporting (full set v1.1000000000000001; ghg-conversion-factors-2023-full-file-update.xlsx); Waste disposal!F26
desnz_waste,DEFRA 2023,Construction:Average construction:Combustion,21.28080723687633,kg CO2e per tonne,UK DEFRA/DESNZ (2023) GHG Conversion Factors for Company Reporting (full set v1.1000000000000001; ghg-conversion-factors-2023-full-file-update.xlsx); Waste disposal!G26
desnz_waste,DEFRA 2023,Construction:Asbestos:Landfill,5.913322894750533,kg CO2e per tonne,UK DEFRA/DESNZ (2023) GHG Conversion Factors for Company Reporting (full set v1.1000000000000001; ghg-conversion-factors-2023-full-file-update.xlsx); Waste disposal!I27
desnz_waste,DEFRA 2023,Construction:Asphalt:Open-loop,0.9849117232416107,kg CO2e per tonne,UK DEFRA/DESNZ (2023) GHG Conversion Factors for Company Reporting (full set v1.1000000000000001; ghg-conversion-factors-2023-full-file-update.xlsx); Waste disposal!E28
desnz_waste,DEFRA 2023,Construction:Asphalt:Closed-loop,0.9849117232416107,kg CO2e per tonne,UK DEFRA/DESNZ (2023) GHG Conversion Factors for Company Reporting (full set v1.1000000000000001; ghg-conversion-factors-2023-full-file-update.xlsx); Waste disposal!F28
desnz_waste,DEFRA 2023,Construction:Asphalt:Landfill,1.2340139100536913,kg CO2e per tonne,UK DEFRA/DESNZ (2023) GHG Conversion Factors for Company Reporting (full set v1.1000000000000001; ghg-conversion-factors-2023-full-file-update.xlsx); Waste disposal!I28
desnz_waste,DEFRA 2023,Construction:Bricks:Open-loop,0.9849117232416107,kg CO2e per tonne,UK DEFRA/DESNZ (2023) GHG Conversion Factors for Company Reporting (full set v1.1000000000000001; ghg-conversion-factors-2023-full-file-update.xlsx); Waste disposal!E29
desnz_waste,DEFRA 2023,Construction:Bricks:Landfill,1.2340139100536913,kg CO2e per tonne,UK DEFRA/DESNZ (2023) GHG Conversion Factors for Company Reporting (full set v1.1000000000000001; ghg-conversion-factors-2023-full-file-update.xlsx); Waste disposal!I29
desnz_waste,DEFRA 2023,Construction:Concrete:Open-loop,0.9849117232416107,kg CO2e per tonne,UK DEFRA/DESNZ (2023) GHG Conversion Factors for Company Reporting (full set v1.1000000000000001; ghg-conversion-factors-2023-full-file-update.xlsx); Waste disposal!E30
desnz_waste,DEFRA 2023,Construction:Concrete:Closed-loop,0.9849117232416107,kg CO2e per tonne,UK DEFRA/DESNZ (2023) GHG Conversion Factors for Company Reporting (full set v1.1000000000000001; ghg-conversion-factors-2023-full-file-update.xlsx); Waste disposal!F30
desnz_waste,DEFRA 2023,Construction:Concrete:Landfill,1.2340139100536913,kg CO2e per tonne,UK DEFRA/DESNZ (2023) GHG Conversion Factors for Company Reporting (full set v1.1000000000000001; ghg-conversion-factors-2023-full-file-update.xlsx); Waste disposal!I30
desnz_waste,DEFRA 2023,Construction:Insulation:Closed-loop,0.9849117232416107,kg CO2e per tonne,UK DEFRA/DESNZ (2023) GHG Conversion Factors for Company Reporting (full set v1.1000000000000001; ghg-conversion-factors-2023-full-file-update.xlsx); Waste disposal!F31
desnz_waste,DEFRA 2023,Construction:Insulation:Landfill,1.2340139100536913,kg CO2e per tonne,UK DEFRA/DESNZ (2023) GHG Conversion Factors for Company Reporting (full set v1.1000000000000001; ghg-conversion-factors-2023-full-file-update.xlsx); Waste disposal!I31
desnz_waste,DEFRA 2023,Construction:Metals:Closed-loop,0.9849117232416107,kg CO2e per tonne,UK DEFRA/DESNZ (2023) GHG Conversion Factors for Company Reporting (full set v1.1000000000000001; ghg-conversion-factors-2023-full-file-update.xlsx); Waste disposal!F32
desnz_waste,DEFRA 2023,Construction:Metals:Landfill,1.2643491,kg CO2e per tonne,UK DEFRA/DESNZ (2023) GHG Conversion Factors for Company Reporting (full set v1.1000000000000001; ghg-conversion-factors-2023-full-file-update.xlsx); Waste disposal!I32
desnz_waste,DEFRA 2023,Construction:Soils:Closed-loop,0.9849117232416107,kg CO2e per tonne,UK DEFRA/DESNZ (2023) GHG Conversion Factors for Company Reporting (full set v1.1000000000000001; ghg-conversion-factors-2023-full-file-update.xlsx); Waste disposal!F33
desnz_waste,DEFRA 2023,Construction:Soils:Landfill,19.517341338198424,kg CO2e per tonne,UK DEFRA/DESNZ (2023) GHG Conversion Factors for Company Reporting (full set v1.1000000000000001; ghg-conversion-factors-2023-full-file-update.xlsx); Waste disposal!I33
desnz_waste,DEFRA 2023,Construction:Mineral oil:Closed-loop,21.28080723687633,kg CO2e per tonne,UK DEFRA/DESNZ (2023) GHG Conversion Factors for Company Reporting (full set v1.1000000000000001; ghg-conversion-factors-2023-full-file-update.xlsx); Waste disposal!F34
desnz_waste,DEFRA 2023,Construction:Mineral oil:Combustion,21.28080723687633,kg CO2e per tonne,UK DEFRA/DESNZ (2023) GHG Conversion Factors for Company Reporting (full set v1.1000000000000001; ghg-conversion-factors-2023-full-file-update.xlsx); Waste disposal!G34
desnz_waste,DEFRA 2023,Construction:Plasterboard:Closed-loop,21.28080723687633,kg CO2e per tonne,UK DEFRA/DESNZ (2023) GHG Conversion Factors for Company Reporting (full set v1.1000000000000001; ghg-conversion-factors-2023-full-file-update.xlsx); Waste disposal!F35
desnz_waste,DEFRA 2023,Construction:Plasterboard:Landfill,71.95,kg CO2e per tonne,UK DEFRA/DESNZ (2023) GHG Conversion Factors for Company Reporting (full set v1.1000000000000001; ghg-conversion-factors-2023-full-file-update.xlsx); Waste disposal!I35
desnz_waste,DEFRA 2023,Construction:Tyres:Closed-loop,21.28080723687633,kg CO2e per tonne,UK DEFRA/DESNZ (2023) GHG Conversion Factors for Company Reporting (full set v1.1000000000000001; ghg-conversion-factors-2023-full-file-update.xlsx); Waste disposal!F36
desnz_waste,DEFRA 2023,Construction:Wood:Closed-loop,21.28080723687633,kg CO2e per tonne,UK DEFRA/DESNZ (2023) GHG Conversion Factors for Company Reporting (full set v1.1000000000000001; ghg-conversion-factors-2023-full-file-update.xlsx); Waste disposal!F37
desnz_waste,DEFRA 2023,Construction:Wood:Combustion,21.28080723687633,kg CO2e per tonne,UK DEFRA/DESNZ (2023) GHG Conversion Factors for Company Reporting (full set v1.1000000000000001; ghg-conversion-factors-2023-full-file-update.xlsx); Waste disposal!G37
desnz_waste,DEFRA 2023,Construction:Wood:Composting,8.912421710629,kg CO2e per tonne,UK DEFRA/DESNZ (2023) GHG Conversion Factors for Company Reporting (full set v1.1000000000000001; ghg-conversion-factors-2023-full-file-update.xlsx); Waste disposal!H37
desnz_waste,DEFRA 2023,Construction:Wood:Landfill,925.244500830241,kg CO2e per tonne,UK DEFRA/DESNZ (2023) GHG Conversion Factors for Company Reporting (full set v1.1000000000000001; ghg-conversion-factors-2023-full-file-update.xlsx); Waste disposal!I37
desnz_waste,DEFRA 2023,Other:Books:Closed-loop,21.073100775193797,kg CO2e per tonne,UK DEFRA/DESNZ (2023) GHG Conversion Factors for Company Reporting (full set v1.1000000000000001; ghg-conversion-factors-2023-full-file-update.xlsx); Waste disposal!F42
desnz_waste,DEFRA 2023,Other:Books:Combustion,21.073100775193797,kg CO2e per tonne,UK DEFRA/DESNZ (2023) GHG Conversion Factors for Company Reporting (full set v1.1000000000000001; ghg-conversion-factors-2023-full-file-update.xlsx); Waste disposal!G42
desnz_waste,DEFRA 2023,Other:Books:Composting,8.289302325581396,kg CO2e per tonne,UK DEFRA/DESNZ (2023) GHG Conversion Factors for Company Reporting (full set v1.1000000000000001; ghg-conversion-factors-2023-full-file-update.xlsx); Waste disposal!H42
desnz_waste,DEFRA 2023,Other:Books:Landfill,1164.0996345440185,kg CO2e per tonne,UK DEFRA/DESNZ (2023) GHG Conversion Factors for Company Reporting (full set v1.1000000000000001; ghg-conversion-factors-2023-full-file-update.xlsx); Waste disposal!I42
desnz_waste,DEFRA 2023,Other:Glass:Open-loop,21.28080723687633,kg CO2e per tonne,UK DEFRA/DESNZ (2023) GHG Conversion Factors for Company Reporting (full set v1.1000000000000001; ghg-conversion-factors-2023-full-file-update.xlsx); Waste disposal!E43
desnz_waste,DEFRA 2023,Other:Glass:Closed-loop,21.28080723687633,kg CO2e per tonne,UK DEFRA/DESNZ (2023) GHG Conversion Factors for Company Reporting (full set v1.1000000000000001; ghg-conversion-factors-2023-full-file-update.xlsx); Waste disposal!F43
desnz_waste,DEFRA 2023,Other:Glass:Combustion,21.28080723687633,kg CO2e per tonne,UK DEFRA/DESNZ (2023) GHG Conversion Factors for Company Reporting (full set v1.1000000000000001; ghg-conversion-factors-2023-full-file-update.xlsx); Waste disposal!G43
desnz_waste,DEFRA 2023,Other:Glass:Landfill,8.884130131626865,kg CO2e per tonne,UK DEFRA/DESNZ (2023) GHG Conversion Factors for Company Reporting (full set v1.1000000000000001; ghg-conversion-factors-2023-full-file-update.xlsx); Waste disposal!I43
desnz_waste,DEFRA 2023,Other:Clothing:Closed-loop,21.28080723687633,kg CO2e per tonne,UK DEFRA/DESNZ (2023) GHG Conversion Factors for Company Reporting (full set v1.1000000000000001; ghg-conversion-factors-2023-full-file-update.xlsx); Waste disposal!F44
desnz_waste,DEFRA 2023,Other:Clothing:Combustion,21.28080723687633,kg CO2e per tonne,UK DEFRA/DESNZ (2023) GHG Conversion Factors for Company Reporting (full set v1.1000000000000001; ghg-conversion-factors-2023-full-file-update.xlsx); Waste disposal!G44
desnz_waste,DEFRA 2023,Other:Clothing:Landfill,496.6833059145284,kg CO2e per tonne,UK DEFRA/DESNZ (2023) GHG Conversion Factors for Company Reporting (full set v1.1000000000000001; ghg-conversion-factors-2023-full-file-update.xlsx); Waste disposal!I44
desnz_waste,DEFRA 2023,Refuse:Household residual waste:Combustion,21.28080723687633,kg CO2e per tonne,UK DEFRA/DESNZ (2023) GHG Conversion Factors for Company Reporting (full set v1.1000000000000001; ghg-conversion-factors-2023-full-file-update.xlsx); Waste disposal!G49
desnz_waste,DEFRA 2023,Refuse:Household residual waste:Landfill,497.04470652803235,kg CO2e per tonne,UK DEFRA/DESNZ (2023) GHG Conversion Factors for Company Reporting (full set v1.1000000000000001; ghg-conversion-factors-2023-full-file-update.xlsx); Waste disposal!I49
desnz_waste,DEFRA 2023,Refuse:Organic: food and drink waste:Combustion,21.28080723687633,kg CO2e per tonne,UK DEFRA/DESNZ (2023) GHG Conversion Factors for Company Reporting (full set v1.1000000000000001; ghg-conversion-factors-2023-full-file-update.xlsx); Waste disposal!G50
desnz_waste,DEFRA 2023,Refuse:Organic: food and drink waste:Composting,8.912421710629,kg CO2e per tonne,UK DEFRA/DESNZ (2023) GHG Conversion Factors for Company Reporting (full set v1.1000000000000001; ghg-conversion-factors-2023-full-file-update.xlsx); Waste disposal!H50
desnz_waste,DEFRA 2023,Refuse:Organic: food and drink waste:Landfill,700.2098817534277,kg CO2e per tonne,UK DEFRA/DESNZ (2023) GHG Conversion Factors for Company Reporting (full set v1.1000000000000001; ghg-conversion-factors-2023-full-file-update.xlsx); Waste disposal!I50
desnz_waste,DEFRA 2023,Refuse:Organic: food and drink waste:Anaerobic digestion,8.912421710629,kg CO2e per tonne,UK DEFRA/DESNZ (2023) GHG Conversion Factors for Company Reporting (full set v1.1000000000000001; ghg-conversion-factors-2023-full-file-update.xlsx); Waste disposal!J50
desnz_waste,DEFRA 2023,Refuse:Organic: garden waste:Combustion,21.28080723687633,kg CO2e per tonne,UK DEFRA/DESNZ (2023) GHG Conversion Factors for Company Reporting (full set v1.1000000000000001; ghg-conversion-factors-2023-full-file-update.xlsx); Waste disposal!G51
desnz_waste,DEFRA 2023,Refuse:Organic: garden waste:Composting,8.912421710629,kg CO2e per tonne,UK DEFRA/DESNZ (2023) GHG Conversion Factors for Company Reporting (full set v1.1000000000000001; ghg-conversion-factors-2023-full-file-update.xlsx); Waste disposal!H51
desnz_waste,DEFRA 2023,Refuse:Organic: garden waste:Landfill,646.6065908253152,kg CO2e per tonne,UK DEFRA/DESNZ (2023) GHG Conversion Factors for Company Reporting (full set v1.1000000000000001; ghg-conversion-factors-2023-full-file-update.xlsx); Waste disposal!I51
desnz_waste,DEFRA 2023,Refuse:Organic: garden waste:Anaerobic digestion,8.912421710629,kg CO2e per tonne,UK DEFRA/DESNZ (2023) GHG Conversion Factors for Company Reporting (full set v1.1000000000000001; ghg-conversion-factors-2023-full-file-update.xlsx); Waste disposal!J51
desnz_waste,DEFRA 2023,Refuse:Organic: mixed food and garden waste:Combustion,21.28080723687633,kg CO2e per tonne,UK DEFRA/DESNZ (2023) GHG Conversion Factors for Company Reporting (full set v1.1000000000000001; ghg-conversion-factors-2023-full-file-update.xlsx); Waste disposal!G52
desnz_waste,DEFRA 2023,Refuse:Organic: mixed food and garden waste:Composting,8.912421710629,kg CO2e per tonne,UK DEFRA/DESNZ (2023) GHG Conversion Factors for Company Reporting (full set v1.1000000000000001; ghg-conversion-factors-2023-full-file-update.xlsx); Waste disposal!H52
desnz_waste,DEFRA 2023,Refuse:Organic: mixed food and garden waste:Landfill,655.9871667377348,kg CO2e per tonne,UK DEFRA/DESNZ (2023) GHG Conversion Factors for Company Reporting (full set v1.1000000000000001; ghg-conversion-factors-2023-full-file-update.xlsx); Waste disposal!I52
desnz_waste,DEFRA 2023,Refuse:Organic: mixed food and garden waste:Anaerobic digestion,8.912421710629,kg CO2e per tonne,UK DEFRA/DESNZ (2023) GHG Conversion Factors for Company Reporting (full set v1.1000000000000001; ghg-conversion-factors-2023-full-file-update.xlsx); Waste disposal!J52
desnz_waste,DEFRA 2023,Refuse:Commercial and industrial waste:Combustion,21.28080723687633,kg CO2e per tonne,UK DEFRA/DESNZ (2023) GHG Conversion Factors for Company Reporting (full set v1.1000000000000001; ghg-conversion-factors-2023-full-file-update.xlsx); Waste disposal!G53
desnz_waste,DEFRA 2023,Refuse:Commercial and industrial waste:Landfill,520.3347434629953,kg CO2e per tonne,UK DEFRA/DESNZ (2023) GHG Conversion Factors for Company Reporting (full set v1.1000000000000001; ghg-conversion-factors-2023-full-file-update.xlsx); Waste disposal!I53
desnz_waste,DEFRA 2023,Electrical items:WEEE - fridges and freezers:Open-loop,21.28080723687633,kg CO2e per tonne,UK DEFRA/DESNZ (2023) GHG Conversion Factors for Company Reporting (full set v1.1000000000000001; ghg-conversion-factors-2023-full-file-update.xlsx); Waste disposal!E58
desnz_waste,DEFRA 2023,Electrical items:WEEE - fridges and freezers:Landfill,8.884130131626865,kg CO2e per tonne,UK DEFRA/DESNZ (2023) GHG Conversion Factors for Company Reporting (full set v1.1000000000000001; ghg-conversion-factors-2023-full-file-update.xlsx); Waste disposal!I58
desnz_waste,DEFRA 2023,Electrical items:WEEE - large:Open-loop,21.28080723687633,kg CO2e per tonne,UK DEFRA/DESNZ (2023) GHG Conversion Factors for Company Reporting (full set v1.1000000000000001; ghg-conversion-factors-2023-full-file-update.xlsx); Waste disposal!E59
desnz_waste,DEFRA 2023,Electrical items:WEEE - large:Combustion,21.28080723687633,kg CO2e per tonne,UK DEFRA/DESNZ (2023) GHG Conversion Factors for Company Reporting (full set v1.1000000000000001; ghg-conversion-factors-2023-full-file-update.xlsx); Waste disposal!G59
desnz_waste,DEFRA 2023,Electrical items:WEEE - large:Landfill,8.884130131626865,kg CO2e per tonne,UK DEFRA/DESNZ (2023) GHG Conversion Factors for Company Reporting (full set v1.1000000000000001; ghg-conversion-factors-2023-full-file-update.xlsx); Waste disposal!I59
desnz_waste,DEFRA 2023,Electrical items:WEEE - mixed:Open-loop,21.28080723687633,kg CO2e per tonne,UK DEFRA/DESNZ (2023) GHG Conversion Factors for Company Reporting (full set v1.1000000000000001; ghg-conversion-factors-2023-full-file-update.xlsx); Waste disposal!E60
desnz_waste,DEFRA 2023,Electrical items:WEEE - mixed:Combustion,21.28080723687633,kg CO2e per tonne,UK DEFRA/DESNZ (2023) GHG Conversion Factors for Company Reporting (full set v1.1000000000000001; ghg-conversion-factors-2023-full-file-update.xlsx); Waste disposal!G60
desnz_waste,DEFRA 2023,Electrical items:WEEE - mixed:Landfill,8.884130131626865,kg CO2e per tonne,UK DEFRA/DESNZ (2023) GHG Conversion Factors for Company Reporting (full set v1.1000000000000001; ghg-conversion-factors-2023-full-file-update.xlsx); Waste disposal!I60
desnz_waste,DEFRA 2023,Electrical items:WEEE - small:Open-loop,21.28080723687633,kg CO2e per tonne,UK DEFRA/DESNZ (2023) GHG Conversion Factors for Company Reporting (full set v1.1000000000000001; ghg-conversion-factors-2023-full-file-update.xlsx); Waste disposal!E61
desnz_waste,DEFRA 2023,Electrical items:WEEE - small:Combustion,21.28080723687633,kg CO2e per tonne,UK DEFRA/DESNZ (2023) GHG Conversion Factors for Company Reporting (full set v1.1000000000000001; ghg-conversion-factors-2023-full-file-update.xlsx); Waste disposal!G61
desnz_waste,DEFRA 2023,Electrical items:WEEE - small:Landfill,8.884130131626865,kg CO2e per tonne,UK DEFRA/DESNZ (2023) GHG Conversion Factors for Company Reporting (full set v1.1000000000000001; ghg-conversion-factors-2023-full-file-update.xlsx); Waste disposal!I61
desnz_waste,DEFRA 2023,Electrical items:Batteries:Open-loop,21.28080723687633,kg CO2e per tonne,UK DEFRA/DESNZ (2023) GHG Conversion Factors for Company Reporting (full set v1.1000000000000001; ghg-conversion-factors-2023-full-file-update.xlsx); Waste disposal!E62
desnz_waste,DEFRA 2023,Electrical items:Batteries:Landfill,8.884130131626865,kg CO2e per tonne,UK DEFRA/DESNZ (2023) GHG Conversion Factors for Company Reporting (full set v1.1000000000000001; ghg-conversion-factors-2023-full-file-update.xlsx); Waste disposal!I62
desnz_waste,DEFRA 2023,Metal:Metal: aluminium cans and foil (excl. forming):Open-loop,21.28080723687633,kg CO2e per tonne,UK DEFRA/DESNZ (2023) GHG Conversion Factors for Company Reporting (full set v1.1000000000000001; ghg-conversion-factors-2023-full-file-update.xlsx); Waste disposal!E67
desnz_waste,DEFRA 2023,Metal:Metal: aluminium cans and foil (excl. forming):Closed-loop,21.28080723687633,kg CO2e per tonne,UK DEFRA/DESNZ (2023) GHG Conversion Factors for Company Reporting (full set v1.1000000000000001; ghg-conversion-factors-2023-full-file-update.xlsx); Waste disposal!F67
desnz_waste,DEFRA 2023,Metal:Metal: aluminium cans and foil (excl. forming):Combustion,21.28080723687633,kg CO2e per tonne,UK DEFRA/DESNZ (2023) GHG Conversion Factors for Company Reporting (full set v1.1000000000000001; ghg-conversion-factors-2023-full-file-update.xlsx); Waste disposal!G67
desnz_waste,DEFRA 2023,Metal:Metal: aluminium cans and foil (excl. forming):Landfill,8.884130131626865,kg CO2e per tonne,UK DEFRA/DESNZ (2023) GHG Conversion Factors for Company Reporting (full set v1.1000000000000001; ghg-conversion-factors-2023-full-file-update.xlsx); Waste disposal!I67
desnz_waste,DEFRA 2023,Metal:Metal: mixed cans:Open-loop,21.28080723687633,kg CO2e per tonne,UK DEFRA/DESNZ (2023) GHG Conversion Factors for Company Reporting (full set v1.1000000000000001; ghg-conversion-factors-2023-full-file-update.xlsx); Waste disposal!E68
desnz_waste,DEFRA 2023,Metal:Metal: mixed cans:Closed-loop,21.28080723687633,kg CO2e per tonne,UK DEFRA/DESNZ (2023) GHG Conversion Factors for Company Reporting (full set v1.1000000000000001; ghg-conversion-factors-2023-full-file-update.xlsx); Waste disposal!F68
desnz_waste,DEFRA 2023,Metal:Metal: mixed cans:Combustion,21.28080723687633,kg CO2e per tonne,UK DEFRA/DESNZ (2023) GHG Conversion Factors for Company Reporting (full set v1.1000000000000001; ghg-conversion-factors-2023-full-file-update.xlsx); Waste disposal!G68
desnz_waste,DEFRA 2023,Metal:Metal: mixed cans:Landfill,8.884130131626865,kg CO2e per tonne,UK DEFRA/DESNZ (2023) GHG Conversion Factors for Company Reporting (full set v1.1000000000000001; ghg-conversion-factors-2023-full-file-update.xlsx); Waste disposal!I68
desnz_waste,DEFRA 2023,Metal:Metal: scrap metal:Open-loop,21.28080723687633,kg CO2e per tonne,UK DEFRA/DESNZ (2023) GHG Conversion Factors for Company Reporting (full set v1.1000000000000001; ghg-conversion-factors-2023-full-file-update.xlsx); Waste disposal!E69
desnz_waste,DEFRA 2023,Metal:Metal: scrap metal:Closed-loop,21.28080723687633,kg CO2e per tonne,UK DEFRA/DESNZ (2023) GHG Conversion Factors for Company Reporting (full set v1.1000000000000001; ghg-conversion-factors-2023-full-file-update.xlsx); Waste disposal!F69
desnz_waste,DEFRA 2023,Metal:Metal: scrap metal:Combustion,21.28080723687633,kg CO2e per tonne,UK DEFRA/DESNZ (2023) GHG Conversion Factors for Company Reporting (full set v1.1000000000000001; ghg-conversion-factors-2023-full-file-update.xlsx); Waste disposal!G69
desnz_waste,DEFRA 2023,Metal:Metal: scrap metal:Landfill,8.884130131626865,kg CO2e per tonne,UK DEFRA/DESNZ (2023) GHG Conversion Factors for Company Reporting (full set v1.1000000000000001; ghg-conversion-factors-2023-full-file-update.xlsx); Waste disposal!I69
desnz_waste,DEFRA 2023,Metal:Metal: steel cans:Open-loop,21.28080723687633,kg CO2e per tonne,UK DEFRA/DESNZ (2023) GHG Conversion Factors for Company Reporting (full set v1.1000000000000001; ghg-conversion-factors-2023-full-file-update.xlsx); Waste disposal!E70
desnz_waste,DEFRA 2023,Metal:Metal: steel cans:Closed-loop,21.28080723687633,kg CO2e per tonne,UK DEFRA/DESNZ (2023) GHG Conversion Factors for Company Reporting (full set v1.1000000000000001; ghg-conversion-factors-2023-full-file-update.xlsx); Waste disposal!F70
desnz_waste,DEFRA 2023,Metal:Metal: steel cans:Combustion,21.28080723687633,kg CO2e per tonne,UK DEFRA/DESNZ (2023) GHG Conversion Factors for Company Reporting (full set v1.1000000000000001; ghg-conversion-factors-2023-full-file-update.xlsx); Waste disposal!G70
desnz_waste,DEFRA 2023,Metal:Metal: steel cans:Landfill,8.884130131626865,kg CO2e per tonne,UK DEFRA/DESNZ (2023) GHG Conversion Factors for Company Reporting (full set v1.1000000000000001; ghg-conversion-factors-2023-full-file-update.xlsx); Waste disposal!I70
desnz_waste,DEFRA 2023,Plastic:Plastics: average plastics:Open-loop,21.28080723687633,kg CO2e per tonne,UK DEFRA/DESNZ (2023) GHG Conversion Factors for Company Reporting (full set v1.1000000000000001; ghg-conversion-factors-2023-full-file-update.xlsx); Waste disposal!E75
desnz_waste,DEFRA 2023,Plastic:Plastics: average plastics:Closed-loop,21.28080723687633,kg CO2e per tonne,UK DEFRA/DESNZ (2023) GHG Conversion Factors for Company Reporting (full set v1.1000000000000001; ghg-conversion-factors-2023-full-file-update.xlsx); Waste disposal!F75
desnz_waste,DEFRA 2023,Plastic:Plastics: average plastics:Combustion,21.28080723687633,kg CO2e per tonne,UK DEFRA/DESNZ (2023) GHG Conversion Factors for Company Reporting (full set v1.1000000000000001; ghg-conversion-factors-2023-full-file-update.xlsx); Waste disposal!G75
desnz_waste,DEFRA 2023,Plastic:Plastics: average plastics:Landfill,8.884130131626865,kg CO2e per tonne,UK DEFRA/DESNZ (2023) GHG Conversion Factors for Company Reporting (full set v1.1000000000000001; ghg-conversion-factors-2023-full-file-update.xlsx); Waste disposal!I75
desnz_waste,DEFRA 2023,Plastic:Plastics: average plastic film:Open-loop,21.28080723687633,kg CO2e per tonne,UK DEFRA/DESNZ (2023) GHG Conversion Factors for Company Reporting (full set v1.1000000000000001; ghg-conversion-factors-2023-full-file-update.xlsx); Waste disposal!E76
desnz_waste,DEFRA 2023,Plastic:Plastics: average plastic film:Closed-loop,21.28080723687633,kg CO2e per tonne,UK DEFRA/DESNZ (2023) GHG Conversion Factors for Company Reporting (full set v1.1000000000000001; ghg-conversion-factors-2023-full-file-update.xlsx); Waste disposal!F76
desnz_waste,DEFRA 2023,Plastic:Plastics: average plastic film:Combustion,21.28080723687633,kg CO2e per tonne,UK DEFRA/DESNZ (2023) GHG Conversion Factors for Company Reporting (full set v1.1000000000000001; ghg-conversion-factors-2023-full-file-update.xlsx); Waste disposal!G76
desnz_waste,DEFRA 2023,Plastic:Plastics: average plastic film:Landfill,8.884130131626865,kg CO2e per tonne,UK DEFRA/DESNZ (2023) GHG Conversion Factors for Company Reporting (full set v1.1000000000000001; ghg-conversion-factors-2023-full-file-update.xlsx); Waste disposal!I76
desnz_waste,DEFRA 2023,Plastic:Plastics: average plastic rigid:Open-loop,21.28080723687633,kg CO2e per tonne,UK DEFRA/DESNZ (2023) GHG Conversion Factors for Company Reporting (full set v1.1000000000000001; ghg-conversion-factors-2023-full-file-update.xlsx); Waste disposal!E77
desnz_waste,DEFRA 2023,Plastic:Plastics: average plastic rigid:Closed-loop,21.28080723687633,kg CO2e per tonne,UK DEFRA/DESNZ (2023) GHG Conversion Factors for Company Reporting (full set v1.1000000000000001; ghg-conversion-factors-2023-full-file-update.xlsx); Waste disposal!F77
desnz_waste,DEFRA 2023,Plastic:Plastics: average plastic rigid:Combustion,21.28080723687633,kg CO2e per tonne,UK DEFRA/DESNZ (2023) GHG Conversion Factors for Company Reporting (full set v1.1000000000000001; ghg-conversion-factors-2023-full-file-update.xlsx); Waste disposal!G77
desnz_waste,DEFRA 2023,Plastic:Plastics: average plastic rigid:Landfill,8.884130131626865,kg CO2e per tonne,UK DEFRA/DESNZ (2023) GHG Conversion Factors for Company Reporting (full set v1.1000000000000001; ghg-conversion-factors-2023-full-file-update.xlsx); Waste disposal!I77
desnz_waste,DEFRA 2023,Plastic:Plastics: HDPE (incl. forming):Open-loop,21.28080723687633,kg CO2e per tonne,UK DEFRA/DESNZ (2023) GHG Conversion Factors for Company Reporting (full set v1.1000000000000001; ghg-conversion-factors-2023-full-file-update.xlsx); Waste disposal!E78
desnz_waste,DEFRA 2023,Plastic:Plastics: HDPE (incl. forming):Closed-loop,21.28080723687633,kg CO2e per tonne,UK DEFRA/DESNZ (2023) GHG Conversion Factors for Company Reporting (full set v1.1000000000000001; ghg-conversion-factors-2023-full-file-update.xlsx); Waste disposal!F78
desnz_waste,DEFRA 2023,Plastic:Plastics: HDPE (incl. forming):Combustion,21.28080723687633,kg CO2e per tonne,UK DEFRA/DESNZ (2023) GHG Conversion Factors for Company Reporting (full set v1.1000000000000001; ghg-conversion-factors-2023-full-file-update.xlsx); Waste disposal!G78
desnz_waste,DEFRA 2023,Plastic:Plastics: HDPE (incl. forming):Landfill,8.884130131626865,kg CO2e per tonne,UK DEFRA/DESNZ (2023) GHG Conversion Factors for Company Reporting (full set v1.1000000000000001; ghg-conversion-factors-2023-full-file-update.xlsx); Waste disposal!I78
desnz_waste,DEFRA 2023,Plastic:Plastics: LDPE and LLDPE (incl. forming):Open-loop,21.28080723687633,kg CO2e per tonne,UK DEFRA/DESNZ (2023) GHG Conversion Factors for Company Reporting (full set v1.1000000000000001; ghg-conversion-factors-2023-full-file-update.xlsx); Waste disposal!E79
desnz_waste,DEFRA 2023,Plastic:Plastics: LDPE and LLDPE (incl. forming):Closed-loop,21.28080723687633,kg CO2e per tonne,UK DEFRA/DESNZ (2023) GHG Conversion Factors for Company Reporting (full set v1.1000000000000001; ghg-conversion-factors-2023-full-file-update.xlsx); Waste disposal!F79
desnz_waste,DEFRA 2023,Plastic:Plastics: LDPE and LLDPE (incl. forming):Combustion,21.28080723687633,kg CO2e per tonne,UK DEFRA/DESNZ (2023) GHG Conversion Factors for Company Reporting (full set v1.1000000000000001; ghg-conversion-factors-2023-full-file-update.xlsx); Waste disposal!G79
desnz_waste,DEFRA 2023,Plastic:Plastics: LDPE and LLDPE (incl. forming):Landfill,8.884130131626865,kg CO2e per tonne,UK DEFRA/DESNZ (2023) GHG Conversion Factors for Company Reporting (full set v1.1000000000000001; ghg-conversion-factors-2023-full-file-update.xlsx); Waste disposal!I79
desnz_waste,DEFRA 2023,Plastic:Plastics: PET (incl. forming):Open-loop,21.28080723687633,kg CO2e per tonne,UK DEFRA/DESNZ (2023) GHG Conversion Factors for Company Reporting (full set v1.1000000000000001; ghg-conversion-factors-2023-full-file-update.xlsx); Waste disposal!E80
desnz_waste,DEFRA 2023,Plastic:Plastics: PET (incl. forming):Closed-loop,21.28080723687633,kg CO2e per tonne,UK DEFRA/DESNZ (2023) GHG Conversion Factors for Company Reporting (full set v1.1000000000000001; ghg-conversion-factors-2023-full-file-update.xlsx); Waste disposal!F80
desnz_waste,DEFRA 2023,Plastic:Plastics: PET (incl. forming):Combustion,21.28080723687633,kg CO2e per tonne,UK DEFRA/DESNZ (2023) GHG Conversion Factors for Company Reporting (full set v1.1000000000000001; ghg-conversion-factors-2023-full-file-update.xlsx); Waste disposal!G80
desnz_waste,DEFRA 2023,Plastic:Plastics: PET (incl. forming):Landfill,8.884130131626865,kg CO2e per tonne,UK DEFRA/DESNZ (2023) GHG Conversion Factors for Company Reporting (full set v1.1000000000000001; ghg-conversion-factors-2023-full-file-update.xlsx); Waste disposal!I80
desnz_waste,DEFRA 2023,Plastic:Plastics: PP (incl. forming):Open-loop,21.28080723687633,kg CO2e per tonne,UK DEFRA/DESNZ (2023) GHG Conversion Factors for Company Reporting (full set v1.1000000000000001; ghg-conversion-factors-2023-full-file-update.xlsx); Waste disposal!E81
desnz_waste,DEFRA 2023,Plastic:Plastics: PP (incl. forming):Closed-loop,21.28080723687633,kg CO2e per tonne,UK DEFRA/DESNZ (2023) GHG Conversion Factors for Company Reporting (full set v1.1000000000000001; ghg-conversion-factors-2023-full-file-update.xlsx); Waste disposal!F81
desnz_waste,DEFRA 2023,Plastic:Plastics: PP (incl. forming):Combustion,21.28080723687633,kg CO2e per tonne,UK DEFRA/DESNZ (2023) GHG Conversion Factors for Company Reporting (full set v1.1000000000000001; ghg-conversion-factors-2023-full-file-update.xlsx); Waste disposal!G81
desnz_waste,DEFRA 2023,Plastic:Plastics: PP (incl. forming):Landfill,8.884130131626865,kg CO2e per tonne,UK DEFRA/DESNZ (2023) GHG Conversion Factors for Company Reporting (full set v1.1000000000000001; ghg-conversion-factors-2023-full-file-update.xlsx); Waste disposal!I81
desnz_waste,DEFRA 2023,Plastic:Plastics: PS (incl. forming):Open-loop,21.28080723687633,kg CO2e per tonne,UK DEFRA/DESNZ (2023) GHG Conversion Factors for Company Reporting (full set v1.1000000000000001; ghg-conversion-factors-2023-full-file-update.xlsx); Waste disposal!E82
desnz_waste,DEFRA 2023,Plastic:Plastics: PS (incl. forming):Closed-loop,21.28080723687633,kg CO2e per tonne,UK DEFRA/DESNZ (2023) GHG Conversion Factors for Company Reporting (full set v1.1000000000000001; ghg-conversion-factors-2023-full-file-update.xlsx); Waste disposal!F82
desnz_waste,DEFRA 2023,Plastic:Plastics: PS (incl. forming):Combustion,21.28080723687633,kg CO2e per tonne,UK DEFRA/DESNZ (2023) GHG Conversion Factors for Company Reporting (full set v1.1000000000000001; ghg-conversion-factors-2023-full-file-update.xlsx); Waste disposal!G82
desnz_waste,DEFRA 2023,Plastic:Plastics: PS (incl. forming):Landfill,8.884130131626865,kg CO2e per tonne,UK DEFRA/DESNZ (2023) GHG Conversion Factors for Company Reporting (full set v1.1000000000000001; ghg-conversion-factors-2023-full-file-update.xlsx); Waste disposal!I82
desnz_waste,DEFRA 2023,Plastic:Plastics: PVC (incl. forming):Open-loop,21.28080723687633,kg CO2e per tonne,UK DEFRA/DESNZ (2023) GHG Conversion Factors for Company Reporting (full set v1.1000000000000001; ghg-conversion-factors-2023-full-file-update.xlsx); Waste disposal!E83
desnz_waste,DEFRA 2023,Plastic:Plastics: PVC (incl. forming):Closed-loop,21.28080723687633,kg CO2e per tonne,UK DEFRA/DESNZ (2023) GHG Conversion Factors for Company Reporting (full set v1.1000000000000001; ghg-conversion-factors-2023-full-file-update.xlsx); Waste disposal!F83
desnz_waste,DEFRA 2023,Plastic:Plastics: PVC (incl. forming):Combustion,21.28080723687633,kg CO2e per tonne,UK DEFRA/DESNZ (2023) GHG Conversion Factors for Company Reporting (full set v1.1000000000000001; ghg-conversion-factors-2023-full-file-update.xlsx); Waste disposal!G83
desnz_waste,DEFRA 2023,Plastic:Plastics: PVC (incl. forming):Landfill,8.884130131626865,kg CO2e per tonne,UK DEFRA/DESNZ (2023) GHG Conversion Factors for Company Reporting (full set v1.1000000000000001; ghg-conversion-factors-2023-full-file-update.xlsx); Waste disposal!I83
desnz_waste,DEFRA 2023,Paper:Paper and board: board:Closed-loop,21.28080723687633,kg CO2e per tonne,UK DEFRA/DESNZ (2023) GHG Conversion Factors for Company Reporting (full set v1.1000000000000001; ghg-conversion-factors-2023-full-file-update.xlsx); Waste disposal!F88
desnz_waste,DEFRA 2023,Paper:Paper and board: board:Combustion,21.28080723687633,kg CO2e per tonne,UK DEFRA/DESNZ (2023) GHG Conversion Factors for Company Reporting (full set v1.1000000000000001; ghg-conversion-factors-2023-full-file-update.xlsx); Waste disposal!G88
desnz_waste,DEFRA 2023,Paper:Paper and board: board:Composting,8.912421710629,kg CO2e per tonne,UK DEFRA/DESNZ (2023) GHG Conversion Factors for Company Reporting (full set v1.1000000000000001; ghg-conversion-factors-2023-full-file-update.xlsx); Waste disposal!H88
desnz_waste,DEFRA 2023,Paper:Paper and board: board:Landfill,1164.390423590374,kg CO2e per tonne,UK DEFRA/DESNZ (2023) GHG Conversion Factors for Company Reporting (full set v1.1000000000000001; ghg-conversion-factors-2023-full-file-update.xlsx); Waste disposal!I88
desnz_waste,DEFRA 2023,Paper:Paper and board: mixed:Closed-loop,21.28080723687633,kg CO2e per tonne,UK DEFRA/DESNZ (2023) GHG Conversion Factors for Company Reporting (full set v1.1000000000000001; ghg-conversion-factors-2023-full-file-update.xlsx); Waste disposal!F89
desnz_waste,DEFRA 2023,Paper:Paper and board: mixed:Combustion,21.28080723687633,kg CO2e per tonne,UK DEFRA/DESNZ (2023) GHG Conversion Factors for Company Reporting (full set v1.1000000000000001; ghg-conversion-factors-2023-full-file-update.xlsx); Waste disposal!G89
desnz_waste,DEFRA 2023,Paper:Paper and board: mixed:Composting,8.912421710629,kg CO2e per tonne,UK DEFRA/DESNZ (2023) GHG Conversion Factors for Company Reporting (full set v1.1000000000000001; ghg-conversion-factors-2023-full-file-update.xlsx); Waste disposal!H89
desnz_waste,DEFRA 2023,Paper:Paper and board: mixed:Landfill,1164.390423590374,kg CO2e per tonne,UK DEFRA/DESNZ (2023) GHG Conversion Factors for Company Reporting (full set v1.1000000000000001; ghg-conversion-factors-2023-full-file-update.xlsx); Waste disposal!I89
desnz_waste,DEFRA 2023,Paper:Paper and board: paper:Closed-loop,21.28080723687633,kg CO2e per tonne,UK DEFRA/DESNZ (2023) GHG Conversion Factors for Company Reporting (full set v1.1000000000000001; ghg-conversion-factors-2023-full-file-update.xlsx); Waste disposal!F90
desnz_waste,DEFRA 2023,Paper:Paper and board: paper:Combustion,21.28080723687633,kg CO2e per tonne,UK DEFRA/DESNZ (2023) GHG Conversion Factors for Company Reporting (full set v1.1000000000000001; ghg-conversion-factors-2023-full-file-update.xlsx); Waste disposal!G90
desnz_waste,DEFRA 2023,Paper:Paper and board: paper:Composting,8.912421710629,kg CO2e per tonne,UK DEFRA/DESNZ (2023) GHG Conversion Factors for Company Reporting (full set v1.1000000000000001; ghg-conversion-factors-2023-full-file-update.xlsx); Waste disposal!H90
desnz_waste,DEFRA 2023,Paper:Paper and board: paper:Landfill,1164.390423590374,kg CO2e per tonne,UK DEFRA/DESNZ (2023) GHG Conversion Factors for Company Reporting (full set v1.1000000000000001; ghg-conversion-factors-2023-full-file-update.xlsx); Waste disposal!I90
desnz_travel,DEFRA 2024,air:domestic:average_passenger:with_rf,0.27257,kg CO2e per passenger.km,UK DEFRA/DESNZ (2024) GHG Conversion Factors for Company Reporting (full set v1.1; ghg-conversion-factors-2024-full_set__for_advanced_users__v1_1.xlsx); Business travel- air!E23:H23
desnz_travel,DEFRA 2024,air:domestic:average_passenger:without_rf,0.16098,kg CO2e per passenger.km,UK DEFRA/DESNZ (2024) GHG Conversion Factors for Company Reporting (full set v1.1; ghg-conversion-factors-2024-full_set__for_advanced_users__v1_1.xlsx); Business travel- air!I23:L23
desnz_travel,DEFRA 2024,air:short_haul:average_passenger:with_rf,0.18592,kg CO2e per passenger.km,UK DEFRA/DESNZ (2024) GHG Conversion Factors for Company Reporting (full set v1.1; ghg-conversion-factors-2024-full_set__for_advanced_users__v1_1.xlsx); Business travel- air!E24:H24
desnz_travel,DEFRA 2024,air:short_haul:average_passenger:without_rf,0.10974,kg CO2e per passenger.km,UK DEFRA/DESNZ (2024) GHG Conversion Factors for Company Reporting (full set v1.1; ghg-conversion-factors-2024-full_set__for_advanced_users__v1_1.xlsx); Business travel- air!I24:L24
desnz_travel,DEFRA 2024,air:short_haul:economy:with_rf,0.18287,kg CO2e per passenger.km,UK DEFRA/DESNZ (2024) GHG Conversion Factors for Company Reporting (full set v1.1; ghg-conversion-factors-2024-full_set__for_advanced_users__v1_1.xlsx); Business travel- air!E25:H25
desnz_travel,DEFRA 2024,air:short_haul:economy:without_rf,0.10794,kg CO2e per passenger.km,UK DEFRA/DESNZ (2024) GHG Conversion Factors for Company Reporting (full set v1.1; ghg-conversion-factors-2024-full_set__for_advanced_users__v1_1.xlsx); Business travel- air!I25:L25
desnz_travel,DEFRA 2024,air:short_haul:business:with_rf,0.2743,kg CO2e per passenger.km,UK DEFRA/DESNZ (2024) GHG Conversion Factors for Company Reporting (full set v1.1; ghg-conversion-factors-2024-full_set__for_advanced_users__v1_1.xlsx); Business travel- air!E26:H26
desnz_travel,DEFRA 2024,air:short_haul:business:without_rf,0.16191,kg CO2e per passenger.km,UK DEFRA/DESNZ (2024) GHG Conversion Factors for Company Reporting (full set v1.1; ghg-conversion-factors-2024-full_set__for_advanced_users__v1_1.xlsx); Business travel- air!I26:L26
desnz_travel,DEFRA 2024,air:long_haul:average_passenger:with_rf,0.26128,kg CO2e per passenger.km,UK DEFRA/DESNZ (2024) GHG Conversion Factors for Company Reporting (full set v1.1; ghg-conversion-factors-2024-full_set__for_advanced_users__v1_1.xlsx); Business travel- air!E27:H27
desnz_travel,DEFRA 2024,air:long_haul:average_passenger:without_rf,0.15423,kg CO2e per passenger.km,UK DEFRA/DESNZ (2024) GHG Conversion Factors for Company Reporting (full set v1.1; ghg-conversion-factors-2024-full_set__for_advanced_users__v1_1.xlsx); Business travel- air!I27:L27
desnz_travel,DEFRA 2024,air:long_haul:economy:with_rf,0.20011,kg CO2e per passenger.km,UK DEFRA/DESNZ (2024) GHG Conversion Factors for Company Reporting (full set v1.1; ghg-conversion-factors-2024-full_set__for_advanced_users__v1_1.xlsx); Business travel- air!E28:H28
desnz_travel,DEFRA 2024,air:long_haul:economy:without_rf,0.11812,kg CO2e per passenger.km,UK DEFRA/DESNZ (2024) GHG Conversion Factors for Company Reporting (full set v1.1; ghg-conversion-factors-2024-full_set__for_advanced_users__v1_1.xlsx); Business travel- air!I28:L28
desnz_travel,DEFRA 2024,air:long_haul:premium_economy:with_rf,0.32015,kg CO2e per passenger.km,UK DEFRA/DESNZ (2024) GHG Conversion Factors for Company Reporting (full set v1.1; ghg-conversion-factors-2024-full_set__for_advanced_users__v1_1.xlsx); Business travel- air!E29:H29
desnz_travel,DEFRA 2024,air:long_haul:premium_economy:without_rf,0.18897,kg CO2e per passenger.km,UK DEFRA/DESNZ (2024) GHG Conversion Factors for Company Reporting (full set v1.1; ghg-conversion-factors-2024-full_set__for_advanced_users__v1_1.xlsx); Business travel- air!I29:L29
desnz_travel,DEFRA 2024,air:long_haul:business:with_rf,0.58028,kg CO2e per passenger.km,UK DEFRA/DESNZ (2024) GHG Conversion Factors for Company Reporting (full set v1.1; ghg-conversion-factors-2024-full_set__for_advanced_users__v1_1.xlsx); Business travel- air!E30:H30
desnz_travel,DEFRA 2024,air:long_haul:business:without_rf,0.34252,kg CO2e per passenger.km,UK DEFRA/DESNZ (2024) GHG Conversion Factors for Company Reporting (full set v1.1; ghg-conversion-factors-2024-full_set__for_advanced_users__v1_1.xlsx); Business travel- air!I30:L30
desnz_travel,DEFRA 2024,air:long_haul:first:with_rf,0.8004,kg CO2e per passenger.km,UK DEFRA/DESNZ (2024) GHG Conversion Factors for Company Reporting (full set v1.1; ghg-conversion-factors-2024-full_set__for_advanced_users__v1_1.xlsx); Business travel- air!E31:H31
desnz_travel,DEFRA 2024,air:long_haul:first:without_rf,0.47246,kg CO2e per passenger.km,UK DEFRA/DESNZ (2024) GHG Conversion Factors for Company Reporting (full set v1.1; ghg-conversion-factors-2024-full_set__for_advanced_users__v1_1.xlsx); Business travel- air!I31:L31
desnz_travel,DEFRA 2024,air:international_non_uk:average_passenger:with_rf,0.1758,kg CO2e per passenger.km,UK DEFRA/DESNZ (2024) GHG Conversion Factors for Company Reporting (full set v1.1; ghg-conversion-factors-2024-full_set__for_advanced_users__v1_1.xlsx); Business travel- air!E32:H32
desnz_travel,DEFRA 2024,air:international_non_uk:average_passenger:without_rf,0.10377,kg CO2e per passenger.km,UK DEFRA/DESNZ (2024) GHG Conversion Factors for Company Reporting (full set v1.1; ghg-conversion-factors-2024-full_set__for_advanced_users__v1_1.xlsx); Business travel- air!I32:L32
desnz_travel,DEFRA 2024,air:international_non_uk:economy:with_rf,0.13465,kg CO2e per passenger.km,UK DEFRA/DESNZ (2024) GHG Conversion Factors for Company Reporting (full set v1.1; ghg-conversion-factors-2024-full_set__for_advanced_users__v1_1.xlsx); Business travel- air!E33:H33
desnz_travel,DEFRA 2024,air:international_non_uk:economy:without_rf,0.07948,kg CO2e per passenger.km,UK DEFRA/DESNZ (2024) GHG Conversion Factors for Company Reporting (full set v1.1; ghg-conversion-factors-2024-full_set__for_advanced_users__v1_1.xlsx); Business travel- air!I33:L33
desnz_travel,DEFRA 2024,air:international_non_uk:premium_economy:with_rf,0.21542,kg CO2e per passenger.km,UK DEFRA/DESNZ (2024) GHG Conversion Factors for Company Reporting (full set v1.1; ghg-conversion-factors-2024-full_set__for_advanced_users__v1_1.xlsx); Business travel- air!E34:H34
desnz_travel,DEFRA 2024,air:international_non_uk:premium_economy:without_rf,0.12716,kg CO2e per passenger.km,UK DEFRA/DESNZ (2024) GHG Conversion Factors for Company Reporting (full set v1.1; ghg-conversion-factors-2024-full_set__for_advanced_users__v1_1.xlsx); Business travel- air!I34:L34
desnz_travel,DEFRA 2024,air:international_non_uk:business:with_rf,0.39044,kg CO2e per passenger.km,UK DEFRA/DESNZ (2024) GHG Conversion Factors for Company Reporting (full set v1.1; ghg-conversion-factors-2024-full_set__for_advanced_users__v1_1.xlsx); Business travel- air!E35:H35
desnz_travel,DEFRA 2024,air:international_non_uk:business:without_rf,0.23047,kg CO2e per passenger.km,UK DEFRA/DESNZ (2024) GHG Conversion Factors for Company Reporting (full set v1.1; ghg-conversion-factors-2024-full_set__for_advanced_users__v1_1.xlsx); Business travel- air!I35:L35
desnz_travel,DEFRA 2024,air:international_non_uk:first:with_rf,0.53854,kg CO2e per passenger.km,UK DEFRA/DESNZ (2024) GHG Conversion Factors for Company Reporting (full set v1.1; ghg-conversion-factors-2024-full_set__for_advanced_users__v1_1.xlsx); Business travel- air!E36:H36
desnz_travel,DEFRA 2024,air:international_non_uk:first:without_rf,0.31789,kg CO2e per passenger.km,UK DEFRA/DESNZ (2024) GHG Conversion Factors for Company Reporting (full set v1.1; ghg-conversion-factors-2024-full_set__for_advanced_users__v1_1.xlsx); Business travel- air!I36:L36
desnz_travel,DEFRA 2024,wtt_air:domestic:average_passenger,0.0335,kg CO2e per passenger.km,UK DEFRA/DESNZ (2024) GHG Conversion Factors for Company Reporting (full set v1.1; ghg-conversion-factors-2024-full_set__for_advanced_users__v1_1.xlsx); WTT- business travel- air!F20
desnz_travel,DEFRA 2024,wtt_air:short_haul:average_passenger,0.02286,kg CO2e per passenger.km,UK DEFRA/DESNZ (2024) GHG Conversion Factors for Company Reporting (full set v1.1; ghg-conversion-factors-2024-full_set__for_advanced_users__v1_1.xlsx); WTT- business travel- air!F21
desnz_travel,DEFRA 2024,wtt_air:short_haul:economy,0.02249,kg CO2e per passenger.km,UK DEFRA/DESNZ (2024) GHG Conversion Factors for Company Reporting (full set v1.1; ghg-conversion-factors-2024-full_set__for_advanced_users__v1_1.xlsx); WTT- business travel- air!F22
desnz_travel,DEFRA 2024,wtt_air:short_haul:business,0.03373,kg CO2e per passenger.km,UK DEFRA/DESNZ (2024) GHG Conversion Factors for Company Reporting (full set v1.1; ghg-conversion-factors-2024-full_set__for_advanced_users__v1_1.xlsx); WTT- business travel- air!F23
desnz_travel,DEFRA 2024,wtt_air:long_haul:average_passenger,0.03213,kg CO2e per passenger.km,UK DEFRA/DESNZ (2024) GHG Conversion Factors for Company Reporting (full set v1.1; ghg-conversion-factors-2024-full_set__for_advanced_users__v1_1.xlsx); WTT- business travel- air!F24
desnz_travel,DEFRA 2024,wtt_air:long_haul:economy,0.02461,kg CO2e per passenger.km,UK DEFRA/DESNZ (2024) GHG Conversion Factors for Company Reporting (full set v1.1; ghg-conversion-factors-2024-full_set__for_advanced_users__v1_1.xlsx); WTT- business travel- air!F25
desnz_travel,DEFRA 2024,wtt_air:long_haul:premium_economy,0.03937,kg CO2e per passenger.km,UK DEFRA/DESNZ (2024) GHG Conversion Factors for Company Reporting (full set v1.1; ghg-conversion-factors-2024-full_set__for_advanced_users__v1_1.xlsx); WTT- business travel- air!F26
desnz_travel,DEFRA 2024,wtt_air:long_haul:business,0.07137,kg CO2e per passenger.km,UK DEFRA/DESNZ (2024) GHG Conversion Factors for Company Reporting (full set v1.1; ghg-conversion-factors-2024-full_set__for_advanced_users__v1_1.xlsx); WTT- business travel- air!F27
desnz_travel,DEFRA 2024,wtt_air:long_haul:first,0.09844,kg CO2e per passenger.km,UK DEFRA/DESNZ (2024) GHG Conversion Factors for Company Reporting (full set v1.1; ghg-conversion-factors-2024-full_set__for_advanced_users__v1_1.xlsx); WTT- business travel- air!F28
desnz_travel,DEFRA 2024,wtt_air:international_non_uk:average_passenger,0.02162,kg CO2e per passenger.km,UK DEFRA/DESNZ (2024) GHG Conversion Factors for Company Reporting (full set v1.1; ghg-conversion-factors-2024-full_set__for_advanced_users__v1_1.xlsx); WTT- business travel- air!F29
desnz_travel,DEFRA 2024,wtt_air:international_non_uk:economy,0.01656,kg CO2e per passenger.km,UK DEFRA/DESNZ (2024) GHG Conversion Factors for Company Reporting (full set v1.1; ghg-conversion-factors-2024-full_set__for_advanced_users__v1_1.xlsx); WTT- business travel- air!F30
desnz_travel,DEFRA 2024,wtt_air:international_non_uk:premium_economy,0.02649,kg CO2e per passenger.km,UK DEFRA/DESNZ (2024) GHG Conversion Factors for Company Reporting (full set v1.1; ghg-conversion-factors-2024-full_set__for_advanced_users__v1_1.xlsx); WTT- business travel- air!F31
desnz_travel,DEFRA 2024,wtt_air:international_non_uk:business,0.04802,kg CO2e per passenger.km,UK DEFRA/DESNZ (2024) GHG Conversion Factors for Company Reporting (full set v1.1; ghg-conversion-factors-2024-full_set__for_advanced_users__v1_1.xlsx); WTT- business travel- air!F32
desnz_travel,DEFRA 2024,wtt_air:international_non_uk:first,0.06623,kg CO2e per passenger.km,UK DEFRA/DESNZ (2024) GHG Conversion Factors for Company Reporting (full set v1.1; ghg-conversion-factors-2024-full_set__for_advanced_users__v1_1.xlsx); WTT- business travel- air!F33
desnz_travel,DEFRA 2024,haul:GGY,domestic,haul,UK DEFRA/DESNZ (2024) GHG Conversion Factors for Company Reporting (full set v1.1; ghg-conversion-factors-2024-full_set__for_advanced_users__v1_1.xlsx); Haul definition!A6:C6
desnz_travel,DEFRA 2024,haul:IMN,domestic,haul,UK DEFRA/DESNZ (2024) GHG Conversion Factors for Company Reporting (full set v1.1; ghg-conversion-factors-2024-full_set__for_advanced_users__v1_1.xlsx); Haul definition!A7:C7
desnz_travel,DEFRA 2024,haul:JEY,domestic,haul,UK DEFRA/DESNZ (2024) GHG Conversion Factors for Company Reporting (full set v1.1; ghg-conversion-factors-2024-full_set__for_advanced_users__v1_1.xlsx); Haul definition!A8:C8
desnz_travel,DEFRA 2024,haul:GBR,domestic,haul,UK DEFRA/DESNZ (2024) GHG Conversion Factors for Company Reporting (full set v1.1; ghg-conversion-factors-2024-full_set__for_advanced_users__v1_1.xlsx); Haul definition!A9:C9
desnz_travel,DEFRA 2024,haul:AFG,long_haul,haul,UK DEFRA/DESNZ (2024) GHG Conversion Factors for Company Reporting (full set v1.1; ghg-conversion-factors-2024-full_set__for_advanced_users__v1_1.xlsx); Haul definition!A10:C10
desnz_travel,DEFRA 2024,haul:ASM,long_haul,haul,UK DEFRA/DESNZ (2024) GHG Conversion Factors for Company Reporting (full set v1.1; ghg-conversion-factors-2024-full_set__for_advanced_users__v1_1.xlsx); Haul definition!A11:C11
desnz_travel,DEFRA 2024,haul:AGO,long_haul,haul,UK DEFRA/DESNZ (2024) GHG Conversion Factors for Company Reporting (full set v1.1; ghg-conversion-factors-2024-full_set__for_advanced_users__v1_1.xlsx); Haul definition!A12:C12
desnz_travel,DEFRA 2024,haul:AIA,long_haul,haul,UK DEFRA/DESNZ (2024) GHG Conversion Factors for Company Reporting (full set v1.1; ghg-conversion-factors-2024-full_set__for_advanced_users__v1_1.xlsx); Haul definition!A13:C13
desnz_travel,DEFRA 2024,haul:ATG,long_haul,haul,UK DEFRA/DESNZ (2024) GHG Conversion Factors for Company Reporting (full set v1.1; ghg-conversion-factors-2024-full_set__for_advanced_users__v1_1.xlsx); Haul definition!A14:C14
desnz_travel,DEFRA 2024,haul:ARG,long_haul,haul,UK DEFRA/DESNZ (2024) GHG Conversion Factors for Company Reporting (full set v1.1; ghg-conversion-factors-2024-full_set__for_advanced_users__v1_1.xlsx); Haul definition!A15:C15
desnz_travel,DEFRA 2024,haul:ARM,long_haul,haul,UK DEFRA/DESNZ (2024) GHG Conversion Factors for Company Reporting (full set v1.1; ghg-conversion-factors-2024-full_set__for_advanced_users__v1_1.xlsx); Haul definition!A16:C16
desnz_travel,DEFRA 2024,haul:ABW,long_haul,haul,UK DEFRA/DESNZ (2024) GHG Conversion Factors for Company Reporting (full set v1.1; ghg-conversion-factors-2024-full_set__for_advanced_users__v1_1.xlsx); Haul definition!A17:C17
desnz_travel,DEFRA 2024,haul:SHN,long_haul,haul,UK DEFRA/DESNZ (2024) GHG Conversion Factors for Company Reporting (full set v1.1; ghg-conversion-factors-2024-full_set__for_advanced_users__v1_1.xlsx); Haul definition!A18:C18
desnz_travel,DEFRA 2024,haul:AUS,long_haul,haul,UK DEFRA/DESNZ (2024) GHG Conversion Factors for Company Reporting (full set v1.1; ghg-conversion-factors-2024-full_set__for_advanced_users__v1_1.xlsx); Haul definition!A19:C19
desnz_travel,DEFRA 2024,haul:AZE,long_haul,haul,UK DEFRA/DESNZ (2024) GHG Conversion Factors for Company Reporting (full set v1.1; ghg-conversion-factors-2024-full_set__for_advanced_users__v1_1.xlsx); Haul definition!A20:C20
desnz_travel,DEFRA 2024,haul:BHS,long_haul,haul,UK DEFRA/DESNZ (2024) GHG Conversion Factors for Company Reporting (full set v1.1; ghg-conversion-factors-2024-full_set__for_advanced_users__v1_1.xlsx); Haul definition!A21:C21
desnz_travel,DEFRA 2024,haul:BHR,long_haul,haul,UK DEFRA/DESNZ (2024) GHG Conversion Factors for Company Reporting (full set v1.1; ghg-conversion-factors-2024-full_set__for_advanced_users__v1_1.xlsx); Haul definition!A22:C22
desnz_travel,DEFRA 2024,haul:BGD,long_haul,haul,UK DEFRA/DESNZ (2024) GHG Conversion Factors for Company Reporting (full set v1.1; ghg-conversion-factors-2024-full_set__for_advanced_users__v1_1.xlsx); Haul definition!A23:C23
desnz_travel,DEFRA 2024,haul:BRB,long_haul,haul,UK DEFRA/DESNZ (2024) GHG Conversion Factors for Company Reporting (full set v1.1; ghg-conversion-factors-2024-full_set__for_advanced_users__v1_1.xlsx); Haul definition!A24:C24
desnz_travel,DEFRA 2024,haul:BLZ,long_haul,haul,UK DEFRA/DESNZ (2024) GHG Conversion Factors for Company Reporting (full set v1.1; ghg-conversion-factors-2024-full_set__for_advanced_users__v1_1.xlsx); Haul definition!A25:C25
desnz_travel,DEFRA 2024,haul:BEN,long_haul,haul,UK DEFRA/DESNZ (2024) GHG Conversion Factors for Company Reporting (full set v1.1; ghg-conversion-factors-2024-full_set__for_advanced_users__v1_1.xlsx); Haul definition!A26:C26
desnz_travel,DEFRA 2024,haul:BMU,long_haul,haul,UK DEFRA/DESNZ (2024) GHG Conversion Factors for Company Reporting (full set v1.1; ghg-conversion-factors-2024-full_set__for_advanced_users__v1_1.xlsx); Haul definition!A27:C27
desnz_travel,DEFRA 2024,haul:BOL,long_haul,haul,UK DEFRA/DESNZ (2024) GHG Conversion Factors for Company Reporting (full set v1.1; ghg-conversion-factors-2024-full_set__for_advanced_users__v1_1.xlsx); Haul definition!A28:C28
desnz_travel,DEFRA 2024,haul:BWA,long_haul,haul,UK DEFRA/DESNZ (2024) GHG Conversion Factors for Company Reporting (full set v1.1; ghg-conversion-factors-2024-full_set__for_advanced_users__v1_1.xlsx); Haul definition!A29:C29
desnz_travel,DEFRA 2024,haul:BRA,long_haul,haul,UK DEFRA/DESNZ (2024) GHG Conversion Factors for Company Reporting (full set v1.1; ghg-conversion-factors-2024-full_set__for_advanced_users__v1_1.xlsx); Haul definition!A30:C30
desnz_travel,DEFRA 2024,haul:VGB,long_haul,haul,UK DEFRA/DESNZ (2024) GHG Conversion Factors for Company Reporting (full set v1.1; ghg-conversion-factors-2024-full_set__for_advanced_users__v1_1.xlsx); Haul definition!A31:C31
desnz_travel,DEFRA 2024,haul:BRN,long_haul,haul,UK DEFRA/DESNZ (2024) GHG Conversion Factors for Company Reporting (full set v1.1; ghg-conversion-factors-2024-full_set__for_advanced_users__v1_1.xlsx); Haul definition!A32:C32
desnz_travel,DEFRA 2024,haul:BFA,long_haul,haul,UK DEFRA/DESNZ (2024) GHG Conversion Factors for Company Reporting (full set v1.1; ghg-conversion-factors-2024-full_set__for_advanced_users__v1_1.xlsx); Haul definition!A33:C33
desnz_travel,DEFRA 2024,haul:BDI,long_haul,haul,UK DEFRA/DESNZ (2024) GHG Conversion Factors for Company Reporting (full set v1.1; ghg-conversion-factors-2024-full_set__for_advanced_users__v1_1.xlsx); Haul definition!A34:C34
desnz_travel,DEFRA 2024,haul:KHM,long_haul,haul,UK DEFRA/DESNZ (2024) GHG Conversion Factors for Company Reporting (full set v1.1; ghg-conversion-factors-2024-full_set__for_advanced_users__v1_1.xlsx); Haul definition!A35:C35
desnz_travel,DEFRA 2024,haul:CMR,long_haul,haul,UK DEFRA/DESNZ (2024) GHG Conversion Factors for Company Reporting (full set v1.1; ghg-conversion-factors-2024-full_set__for_advanced_users__v1_1.xlsx); Haul definition!A36:C36
desnz_travel,DEFRA 2024,haul:CAN,long_haul,haul,UK DEFRA/DESNZ (2024) GHG Conversion Factors for Company Reporting (full set v1.1; ghg-conversion-factors-2024-full_set__for_advanced_users__v1_1.xlsx); Haul definition!A37:C37
desnz_travel,DEFRA 2024,haul:CPV,long_haul,haul,UK DEFRA/DESNZ (2024) GHG Conversion Factors for Company Reporting (full set v1.1; ghg-conversion-factors-2024-full_set__for_advanced_users__v1_1.xlsx); Haul definition!A38:C38
desnz_travel,DEFRA 2024,haul:CYM,long_haul,haul,UK DEFRA/DESNZ (2024) GHG Conversion Factors for Company Reporting (full set v1.1; ghg-conversion-factors-2024-full_set__for_advanced_users__v1_1.xlsx); Haul definition!A39:C39
desnz_travel,DEFRA 2024,haul:CAF,long_haul,haul,UK DEFRA/DESNZ (2024) GHG Conversion Factors for Company Reporting (full set v1.1; ghg-conversion-factors-2024-full_set__for_advanced_users__v1_1.xlsx); Haul definition!A40:C40
desnz_travel,DEFRA 2024,haul:TCD,long_haul,haul,UK DEFRA/DESNZ (2024) GHG Conversion Factors for Company Reporting (full set v1.1; ghg-conversion-factors-2024-full_set__for_advanced_users__v1_1.xlsx); Haul definition!A41:C41
desnz_travel,DEFRA 2024,haul:CHL,long_haul,haul,UK DEFRA/DESNZ (2024) GHG Conversion Factors for Company Reporting (full set v1.1; ghg-conversion-factors-2024-full_set__for_advanced_users__v1_1.xlsx); Haul definition!A42:C42
desnz_travel,DEFRA 2024,haul:CHN,long_haul,haul,UK DEFRA/DESNZ (2024) GHG Conversion Factors for Company Reporting (full set v1.1; ghg-conversion-factors-2024-full_set__for_advanced_users__v1_1.xlsx); Haul definition!A43:C43
desnz_travel,DEFRA 2024,haul:COL,long_haul,haul,UK DEFRA/DESNZ (2024) GHG Conversion Factors for Company Reporting (full set v1.1; ghg-conversion-factors-2024-full_set__for_advanced_users__v1_1.xlsx); Haul definition!A44:C44
desnz_travel,DEFRA 2024,haul:COM,long_haul,haul,UK DEFRA/DESNZ (2024) GHG Conversion Factors for Company Reporting (full set v1.1; ghg-conversion-factors-2024-full_set__for_advanced_users__v1_1.xlsx); Haul definition!A45:C45
desnz_travel,DEFRA 2024,haul:COG,long_haul,haul,UK DEFRA/DESNZ (2024) GHG Conversion Factors for Company Reporting (full set v1.1; ghg-conversion-factors-2024-full_set__for_advanced_users__v1_1.xlsx); Haul definition!A46:C46
desnz_travel,DEFRA 2024,haul:COK,long_haul,haul,UK DEFRA/DESNZ (2024) GHG Conversion Factors for Company Reporting (full set v1.1; ghg-conversion-factors-2024-full_set__for_advanced_users__v1_1.xlsx); Haul definition!A47:C47
desnz_travel,DEFRA 2024,haul:CRI,long_haul,haul,UK DEFRA/DESNZ (2024) GHG Conversion Factors for Company Reporting (full set v1.1; ghg-conversion-factors-2024-full_set__for_advanced_users__v1_1.xlsx); Haul definition!A48:C48
desnz_travel,DEFRA 2024,haul:CUB,long_haul,haul,UK DEFRA/DESNZ (2024) GHG Conversion Factors for Company Reporting (full set v1.1; ghg-conversion-factors-2024-full_set__for_advanced_users__v1_1.xlsx); Haul definition!A49:C49
desnz_travel,DEFRA 2024,haul:CUW,long_haul,haul,UK DEFRA/DESNZ (2024) GHG Conversion Factors for Company Reporting (full set v1.1; ghg-conversion-factors-2024-full_set__for_advanced_users__v1_1.xlsx); Haul definition!A50:C50
desnz_travel,DEFRA 2024,haul:DJI,long_haul,haul,UK DEFRA/DESNZ (2024) GHG Conversion Factors for Company Reporting (full set v1.1; ghg-conversion-factors-2024-full_set__for_advanced_users__v1_1.xlsx); Haul definition!A51:C51
desnz_travel,DEFRA 2024,haul:DMA,long_haul,haul,UK DEFRA/DESNZ (2024) GHG Conversion Factors for Company Reporting (full set v1.1; ghg-conversion-factors-2024-full_set__for_advanced_users__v1_1.xlsx); Haul definition!A52:C52
desnz_travel,DEFRA 2024,haul:DOM,long_haul,haul,UK DEFRA/DESNZ (2024) GHG Conversion Factors for Company Reporting (full set v1.1; ghg-conversion-factors-2024-full_set__for_advanced_users__v1_1.xlsx); Haul definition!A53:C53
desnz_travel,DEFRA 2024,haul:COD,long_haul,haul,UK DEFRA/DESNZ (2024) GHG Conversion Factors for Company Reporting (full set v1.1; ghg-conversion-factors-2024-full_set__for_advanced_users__v1_1.xlsx); Haul definition!A54:C54
desnz_travel,DEFRA 2024,haul:ECU,long_haul,haul,UK DEFRA/DESNZ (2024) GHG Conversion Factors for Company Reporting (full set v1.1; ghg-conversion-factors-2024-full_set__for_advanced_users__v1_1.xlsx); Haul definition!A55:C55
desnz_travel,DEFRA 2024,haul:SLV,long_haul,haul,UK DEFRA/DESNZ (2024) GHG Conversion Factors for Company Reporting (full set v1.1; ghg-conversion-factors-2024-full_set__for_advanced_users__v1_1.xlsx); Haul definition!A56:C56
desnz_travel,DEFRA 2024,haul:GNQ,long_haul,haul,UK DEFRA/DESNZ (2024) GHG Conversion Factors for Company Reporting (full set v1.1; ghg-conversion-factors-2024-full_set__for_advanced_users__v1_1.xlsx); Haul definition!A57:C57
desnz_travel,DEFRA 2024,haul:ERI,long_haul,haul,UK DEFRA/DESNZ (2024) GHG Conversion Factors for Company Reporting (full set v1.1; ghg-conversion-factors-2024-full_set__for_advanced_users__v1_1.xlsx); Haul definition!A58:C58
desnz_travel,DEFRA 2024,haul:ETH,long_haul,haul,UK DEFRA/DESNZ (2024) GHG Conversion Factors for Company Reporting (full set v1.1; ghg-conversion-factors-2024-full_set__for_advanced_users__v1_1.xlsx); Haul definition!A59:C59
desnz_travel,DEFRA 2024,haul:FLK,long_haul,haul,UK DEFRA/DESNZ (2024) GHG Conversion Factors for Company Reporting (full set v1.1; ghg-conversion-factors-2024-full_set__for_advanced_users__v1_1.xlsx); Haul definition!A60:C60
desnz_travel,DEFRA 2024,haul:FJI,long_haul,haul,UK DEFRA/DESNZ (2024) GHG Conversion Factors for Company Reporting (full set v1.1; ghg-conversion-factors-2024-full_set__for_advanced_users__v1_1.xlsx); Haul definition!A61:C61
desnz_travel,DEFRA 2024,haul:GUF,long_haul,haul,UK DEFRA/DESNZ (2024) GHG Conversion Factors for Company Reporting (full set v1.1; ghg-conversion-factors-2024-full_set__for_advanced_users__v1_1.xlsx); Haul definition!A62:C62
desnz_travel,DEFRA 2024,haul:GAB,long_haul,haul,UK DEFRA/DESNZ (2024) GHG Conversion Factors for Company Reporting (full set v1.1; ghg-conversion-factors-2024-full_set__for_advanced_users__v1_1.xlsx); Haul definition!A63:C63
desnz_travel,DEFRA 2024,haul:GMB,long_haul,haul,UK DEFRA/DESNZ (2024) GHG Conversion Factors for Company Reporting (full set v1.1; ghg-conversion-factors-2024-full_set__for_advanced_users__v1_1.xlsx); Haul definition!A64:C64
desnz_travel,DEFRA 2024,haul:GEO,long_haul,haul,UK DEFRA/DESNZ (2024) GHG Conversion Factors for Company Reporting (full set v1.1; ghg-conversion-factors-2024-full_set__for_advanced_users__v1_1.xlsx); Haul definition!A65:C65
desnz_travel,DEFRA 2024,haul:GHA,long_haul,haul,UK DEFRA/DESNZ (2024) GHG Conversion Factors for Company Reporting (full set v1.1; ghg-conversion-factors-2024-full_set__for_advanced_users__v1_1.xlsx); Haul definition!A66:C66
desnz_travel,DEFRA 2024,haul:GRD,long_haul,haul,UK DEFRA/DESNZ (2024) GHG Conversion Factors for Company Reporting (full set v1.1; ghg-conversion-factors-2024-full_set__for_advanced_users__v1_1.xlsx); Haul definition!A67:C67
desnz_travel,DEFRA 2024,haul:GLP,long_haul,haul,UK DEFRA/DESNZ (2024) GHG Conversion Factors for Company Reporting (full set v1.1; ghg-conversion-factors-2024-full_set__for_advanced_users__v1_1.xlsx); Haul definition!A68:C68
desnz_travel,DEFRA 2024,haul:GUM,long_haul,haul,UK DEFRA/DESNZ (2024) GHG Conversion Factors for Company Reporting (full set v1.1; ghg-conversion-factors-2024-full_set__for_advanced_users__v1_1.xlsx); Haul definition!A69:C69
desnz_travel,DEFRA 2024,haul:GTM,long_haul,haul,UK DEFRA/DESNZ (2024) GHG Conversion Factors for Company Reporting (full set v1.1; ghg-conversion-factors-2024-full_set__for_advanced_users__v1_1.xlsx); Haul definition!A70:C70
desnz_travel,DEFRA 2024,haul:GIN,long_haul,haul,UK DEFRA/DESNZ (2024) GHG Conversion Factors for Company Reporting (full set v1.1; ghg-conversion-factors-2024-full_set__for_advanced_users__v1_1.xlsx); Haul definition!A71:C71
desnz_travel,DEFRA 2024,haul:GNB,long_haul,haul,UK DEFRA/DESNZ (2024) GHG Conversion Factors for Company Reporting (full set v1.1; ghg-conversion-factors-2024-full_set__for_advanced_users__v1_1.xlsx); Haul definition!A72:C72
desnz_travel,DEFRA 2024,haul:GUY,long_haul,haul,UK DEFRA/DESNZ (2024) GHG Conversion Factors for Company Reporting (full set v1.1; ghg-conversion-factors-2024-full_set__for_advanced_users__v1_1.xlsx); Haul definition!A73:C73
desnz_travel,DEFRA 2024,haul:HTI,long_haul,haul,UK DEFRA/DESNZ (2024) GHG Conversion Factors for Company Reporting (full set v1.1; ghg-conversion-factors-2024-full_set__for_advanced_users__v1_1.xlsx); Haul definition!A74:C74
desnz_travel,DEFRA 2024,haul:HND,long_haul,haul,UK DEFRA/DESNZ (2024) GHG Conversion Factors for Company Reporting (full set v1.1; ghg-conversion-factors-2024-full_set__for_advanced_users__v1_1.xlsx); Haul definition!A75:C75
desnz_travel,DEFRA 2024,haul:HKG,long_haul,haul,UK DEFRA/DESNZ (2024) GHG Conversion Factors for Company Reporting (full set v1.1; ghg-conversion-factors-2024-full_set__for_advanced_users__v1_1.xlsx); Haul definition!A76:C76
desnz_travel,DEFRA 2024,haul:IND,long_haul,haul,UK DEFRA/DESNZ (2024) GHG Conversion Factors for Company Reporting (full set v1.1; ghg-conversion-factors-2024-full_set__for_advanced_users__v1_1.xlsx); Haul definition!A77:C77
desnz_travel,DEFRA 2024,haul:IDN,long_haul,haul,UK DEFRA/DESNZ (2024) GHG Conversion Factors for Company Reporting (full set v1.1; ghg-conversion-factors-2024-full_set__for_advanced_users__v1_1.xlsx); Haul definition!A78:C78
desnz_travel,DEFRA 2024,haul:IRN,long_haul,haul,UK DEFRA/DESNZ (2024) GHG Conversion Factors for Company Reporting (full set v1.1; ghg-conversion-factors-2024-full_set__for_advanced_users__v1_1.xlsx); Haul definition!A79:C79
desnz_travel,DEFRA 2024,haul:IRQ,long_haul,haul,UK DEFRA/DESNZ (2024) GHG Conversion Factors for Company Reporting (full set v1.1; ghg-conversion-factors-2024-full_set__for_advanced_users__v1_1.xlsx); Haul definition!A80:C80
desnz_travel,DEFRA 2024,haul:ISR,long_haul,haul,UK DEFRA/DESNZ (2024) GHG Conversion Factors for Company Reporting (full set v1.1; ghg-conversion-factors-2024-full_set__for_advanced_users__v1_1.xlsx); Haul definition!A81:C81
desnz_travel,DEFRA 2024,haul:CIV,long_haul,haul,UK DEFRA/DESNZ (2024) GHG Conversion Factors for Company Reporting (full set v1.1; ghg-conversion-factors-2024-full_set__for_advanced_users__v1_1.xlsx); Haul definition!A82:C82
desnz_travel,DEFRA 2024,haul:JAM,long_haul,haul,UK DEFRA/DESNZ (2024) GHG Conversion Factors for Company Reporting (full set v1.1; ghg-conversion-factors-2024-full_set__for_advanced_users__v1_1.xlsx); Haul definition!A83:C83
desnz_travel,DEFRA 2024,haul:JPN,long_haul,haul,UK DEFRA/DESNZ (2024) GHG Conversion Factors for Company Reporting (full set v1.1; ghg-conversion-factors-2024-full_set__for_advanced_users__v1_1.xlsx); Haul definition!A84:C84
desnz_travel,DEFRA 2024,haul:JOR,long_haul,haul,UK DEFRA/DESNZ (2024) GHG Conversion Factors for Company Reporting (full set v1.1; ghg-conversion-factors-2024-full_set__for_advanced_users__v1_1.xlsx); Haul definition!A85:C85
desnz_travel,DEFRA 2024,haul:KAZ,long_haul,haul,UK DEFRA/DESNZ (2024) GHG Conversion Factors for Company Reporting (full set v1.1; ghg-conversion-factors-2024-full_set__for_advanced_users__v1_1.xlsx); Haul definition!A86:C86
desnz_travel,DEFRA 2024,haul:KEN,long_haul,haul,UK DEFRA/DESNZ (2024) GHG Conversion Factors for Company Reporting (full set v1.1; ghg-conversion-factors-2024-full_set__for_advanced_users__v1_1.xlsx); Haul definition!A87:C87
desnz_travel,DEFRA 2024,haul:KWT,long_haul,haul,UK DEFRA/DESNZ (2024) GHG Conversion Factors for Company Reporting (full set v1.1; ghg-conversion-factors-2024-full_set__for_advanced_users__v1_1.xlsx); Haul definition!A88:C88
desnz_travel,DEFRA 2024,haul:KGZ,long_haul,haul,UK DEFRA/DESNZ (2024) GHG Conversion Factors for Company Reporting (full set v1.1; ghg-conversion-factors-2024-full_set__for_advanced_users__v1_1.xlsx); Haul definition!A89:C89
desnz_travel,DEFRA 2024,haul:LAO,long_haul,haul,UK DEFRA/DESNZ (2024) GHG Conversion Factors for Company Reporting (full set v1.1; ghg-conversion-factors-2024-full_set__for_advanced_users__v1_1.xlsx); Haul definition!A90:C90
desnz_travel,DEFRA 2024,haul:LBN,long_haul,haul,UK DEFRA/DESNZ (2024) GHG Conversion Factors for Company Reporting (full set v1.1; ghg-conversion-factors-2024-full_set__for_advanced_users__v1_1.xlsx); Haul definition!A91:C91
desnz_travel,DEFRA 2024,haul:LSO,long_haul,haul,UK DEFRA/DESNZ (2024) GHG Conversion Factors for Company Reporting (full set v1.1; ghg-conversion-factors-2024-full_set__for_advanced_users__v1_1.xlsx); Haul definition!A92:C92
desnz_travel,DEFRA 2024,haul:LBR,long_haul,haul,UK DEFRA/DESNZ (2024) GHG Conversion Factors for Company Reporting (full set v1.1; ghg-conversion-factors-2024-full_set__for_advanced_users__v1_1.xlsx); Haul definition!A93:C93
desnz_travel,DEFRA 2024,haul:MAC,long_haul,haul,UK DEFRA/DESNZ (2024) GHG Conversion Factors for Company Reporting (full set v1.1; ghg-conversion-factors-2024-full_set__for_advanced_users__v1_1.xlsx); Haul definition!A94:C94
desnz_travel,DEFRA 2024,haul:MDG,long_haul,haul,UK DEFRA/DESNZ (2024) GHG Conversion Factors for Company Reporting (full set v1.1; ghg-conversion-factors-2024-full_set__for_advanced_users__v1_1.xlsx); Haul definition!A95:C95
desnz_travel,DEFRA 2024,haul:MWI,long_haul,haul,UK DEFRA/DESNZ (2024) GHG Conversion Factors for Company Reporting (full set v1.1; ghg-conversion-factors-2024-full_set__for_advanced_users__v1_1.xlsx); Haul definition!A96:C96
desnz_travel,DEFRA 2024,haul:MYS,long_haul,haul,UK DEFRA/DESNZ (2024) GHG Conversion Factors for Company Reporting (full set v1.1; ghg-conversion-factors-2024-full_set__for_advanced_users__v1_1.xlsx); Haul definition!A97:C97
desnz_travel,DEFRA 2024,haul:MDV,long_haul,haul,UK DEFRA/DESNZ (2024) GHG Conversion Factors for Company Reporting (full set v1.1; ghg-conversion-factors-2024-full_set__for_advanced_users__v1_1.xlsx); Haul definition!A98:C98
desnz_travel,DEFRA 2024,haul:MLI,long_haul,haul,UK DEFRA/DESNZ (2024) GHG Conversion Factors for Company Reporting (full set v1.1; ghg-conversion-factors-2024-full_set__for_advanced_users__v1_1.xlsx); Haul definition!A99:C99
desnz_travel,DEFRA 2024,haul:MHL,long_haul,haul,UK DEFRA/DESNZ (2024) GHG Conversion Factors for Company Reporting (full set v1.1; ghg-conversion-factors-2024-full_set__for_advanced_users__v1_1.xlsx); Haul definition!A100:C100
desnz_travel,DEFRA 2024,haul:MTQ,long_haul,haul,UK DEFRA/DESNZ (2024) GHG Conversion Factors for Company Reporting (full set v1.1; ghg-conversion-factors-2024-full_set__for_advanced_users__v1_1.xlsx); Haul definition!A101:C101
desnz_travel,DEFRA 2024,haul:MRT,long_haul,haul,UK DEFRA/DESNZ (2024) GHG Conversion Factors for Company Reporting (full set v1.1; ghg-conversion-factors-2024-full_set__for_advanced_users__v1_1.xlsx); Haul definition!A102:C102
desnz_travel,DEFRA 2024,haul:MUS,long_haul,haul,UK DEFRA/DESNZ (2024) GHG Conversion Factors for Company Reporting (full set v1.1; ghg-conversion-factors-2024-full_set__for_advanced_users__v1_1.xlsx); Haul definition!A103:C103
desnz_travel,DEFRA 2024,haul:MEX,long_haul,haul,UK DEFRA/DESNZ (2024) GHG Conversion Factors for Company Reporting (full set v1.1; ghg-conversion-factors-2024-full_set__for_advanced_users__v1_1.xlsx); Haul definition!A104:C104
desnz_travel,DEFRA 2024,haul:MDA,long_haul,haul,UK DEFRA/DESNZ (2024) GHG Conversion Factors for Company Reporting (full set v1.1; ghg-conversion-factors-2024-full_set__for_advanced_users__v1_1.xlsx); Haul definition!A105:C105
desnz_travel,DEFRA 2024,haul:MNG,long_haul,haul,UK DEFRA/DESNZ (2024) GHG Conversion Factors for Company Reporting (full set v1.1; ghg-conversion-factors-2024-full_set__for_advanced_users__v1_1.xlsx); Haul definition!A106:C106
desnz_travel,DEFRA 2024,haul:MOZ,long_haul,haul,UK DEFRA/DESNZ (2024) GHG Conversion Factors for Company Reporting (full set v1.1; ghg-conversion-factors-2024-full_set__for_advanced_users__v1_1.xlsx); Haul definition!A107:C107
desnz_travel,DEFRA 2024,haul:MMR,long_haul,haul,UK DEFRA/DESNZ (2024) GHG Conversion Factors for Company Reporting (full set v1.1; ghg-conversion-factors-2024-full_set__for_advanced_users__v1_1.xlsx); Haul definition!A108:C108
desnz_travel,DEFRA 2024,haul:NAM,long_haul,haul,UK DEFRA/DESNZ (2024) GHG Conversion Factors for Company Reporting (full set v1.1; ghg-conversion-factors-2024-full_set__for_advanced_users__v1_1.xlsx); Haul definition!A109:C109
desnz_travel,DEFRA 2024,haul:NPL,long_haul,haul,UK DEFRA/DESNZ (2024) GHG Conversion Factors for Company Reporting (full set v1.1; ghg-conversion-factors-2024-full_set__for_advanced_users__v1_1.xlsx); Haul definition!A110:C110
desnz_travel,DEFRA 2024,haul:NCL,long_haul,haul,UK DEFRA/DESNZ (2024) GHG Conversion Factors for Company Reporting (full set v1.1; ghg-conversion-factors-2024-full_set__for_advanced_users__v1_1.xlsx); Haul definition!A111:C111
desnz_travel,DEFRA 2024,haul:NZL,long_haul,haul,UK DEFRA/DESNZ (2024) GHG Conversion Factors for Company Reporting (full set v1.1; ghg-conversion-factors-2024-full_set__for_advanced_users__v1_1.xlsx); Haul definition!A112:C112
desnz_travel,DEFRA 2024,haul:NIC,long_haul,haul,UK DEFRA/DESNZ (2024) GHG Conversion Factors for Company Reporting (full set v1.1; ghg-conversion-factors-2024-full_set__for_advanced_users__v1_1.xlsx); Haul definition!A113:C113
desnz_travel,DEFRA 2024,haul:NER,long_haul,haul,UK DEFRA/DESNZ (2024) GHG Conversion Factors for Company Reporting (full set v1.1; ghg-conversion-factors-2024-full_set__for_advanced_users__v1_1.xlsx); Haul definition!A114:C114
desnz_travel,DEFRA 2024,haul:NGA,long_haul,haul,UK DEFRA/DESNZ (2024) GHG Conversion Factors for Company Reporting (full set v1.1; ghg-conversion-factors-2024-full_set__for_advanced_users__v1_1.xlsx); Haul definition!A115:C115
desnz_travel,DEFRA 2024,haul:PRK,long_haul,haul,UK DEFRA/DESNZ (2024) GHG Conversion Factors for Company Reporting (full set v1.1; ghg-conversion-factors-2024-full_set__for_advanced_users__v1_1.xlsx); Haul definition!A116:C116
desnz_travel,DEFRA 2024,haul:OMN,long_haul,haul,UK DEFRA/DESNZ (2024) GHG Conversion Factors for Company Reporting (full set v1.1; ghg-conversion-factors-2024-full_set__for_advanced_users__v1_1.xlsx); Haul definition!A117:C117
desnz_travel,DEFRA 2024,haul:PAK,long_haul,haul,UK DEFRA/DESNZ (2024) GHG Conversion Factors for Company Reporting (full set v1.1; ghg-conversion-factors-2024-full_set__for_advanced_users__v1_1.xlsx); Haul definition!A118:C118
desnz_travel,DEFRA 2024,haul:PLW,long_haul,haul,UK DEFRA/DESNZ (2024) GHG Conversion Factors for Company Reporting (full set v1.1; ghg-conversion-factors-2024-full_set__for_advanced_users__v1_1.xlsx); Haul definition!A119:C119
desnz_travel,DEFRA 2024,haul:PAN,long_haul,haul,UK DEFRA/DESNZ (2024) GHG Conversion Factors for Company Reporting (full set v1.1; ghg-conversion-factors-2024-full_set__for_advanced_users__v1_1.xlsx); Haul definition!A120:C120
desnz_travel,DEFRA 2024,haul:PNG,long_haul,haul,UK DEFRA/DESNZ (2024) GHG Conversion Factors for Company Reporting (full set v1.1; ghg-conversion-factors-2024-full_set__for_advanced_users__v1_1.xlsx); Haul definition!A121:C121
desnz_travel,DEFRA 2024,haul:PRY,long_haul,haul,UK DEFRA/DESNZ (2024) GHG Conversion Factors for Company Reporting (full set v1.1; ghg-conversion-factors-2024-full_set__for_advanced_users__v1_1.xlsx); Haul definition!A122:C122
desnz_travel,DEFRA 2024,haul:PER,long_haul,haul,UK DEFRA/DESNZ (2024) GHG Conversion Factors for Company Reporting (full set v1.1; ghg-conversion-factors-2024-full_set__for_advanced_users__v1_1.xlsx); Haul definition!A123:C123
desnz_travel,DEFRA 2024,haul:PHL,long_haul,haul,UK DEFRA/DESNZ (2024) GHG Conversion Factors for Company Reporting (full set v1.1; ghg-conversion-factors-2024-full_set__for_advanced_users__v1_1.xlsx); Haul definition!A124:C124
desnz_travel,DEFRA 2024,haul:PRI,long_haul,haul,UK DEFRA/DESNZ (2024) GHG Conversion Factors for Company Reporting (full set v1.1; ghg-conversion-factors-2024-full_set__for_advanced_users__v1_1.xlsx); Haul definition!A125:C125
desnz_travel,DEFRA 2024,haul:QAT,long_haul,haul,UK DEFRA/DESNZ (2024) GHG Conversion Factors for Company Reporting (full set v1.1; ghg-conversion-factors-2024-full_set__for_advanced_users__v1_1.xlsx); Haul definition!A126:C126
desnz_travel,DEFRA 2024,haul:REU,long_haul,haul,UK DEFRA/DESNZ (2024) GHG Conversion Factors for Company Reporting (full set v1.1; ghg-conversion-factors-2024-full_set__for_advanced_users__v1_1.xlsx); Haul definition!A127:C127
desnz_travel,DEFRA 2024,haul:RUS,long_haul,haul,UK DEFRA/DESNZ (2024) GHG Conversion Factors for Company Reporting (full set v1.1; ghg-conversion-factors-2024-full_set__for_advanced_users__v1_1.xlsx); Haul definition!A128:C128
desnz_travel,DEFRA 2024,haul:RWA,long_haul,haul,UK DEFRA/DESNZ (2024) GHG Conversion Factors for Company Reporting (full set v1.1; ghg-conversion-factors-2024-full_set__for_advanced_users__v1_1.xlsx); Haul definition!A129:C129
desnz_travel,DEFRA 2024,haul:STP,long_haul,haul,UK DEFRA/DESNZ (2024) GHG Conversion Factors for Company Reporting (full set v1.1; ghg-conversion-factors-2024-full_set__for_advanced_users__v1_1.xlsx); Haul definition!A130:C130
desnz_travel,DEFRA 2024,haul:SAU,long_haul,haul,UK DEFRA/DESNZ (2024) GHG Conversion Factors for Company Reporting (full set v1.1; ghg-conversion-factors-2024-full_set__for_advanced_users__v1_1.xlsx); Haul definition!A131:C131
desnz_travel,DEFRA 2024,haul:SEN,long_haul,haul,UK DEFRA/DESNZ (2024) GHG Conversion Factors for Company Reporting (full set v1.1; ghg-conversion-factors-2024-full_set__for_advanced_users__v1_1.xlsx); Haul definition!A132:C132
desnz_travel,DEFRA 2024,haul:SYC,long_haul,haul,UK DEFRA/DESNZ (2024) GHG Conversion Factors for Company Reporting (full set v1.1; ghg-conversion-factors-2024-full_set__for_advanced_users__v1_1.xlsx); Haul definition!A133:C133
desnz_travel,DEFRA 2024,haul:SLE,long_haul,haul,UK DEFRA/DESNZ (2024) GHG Conversion Factors for Company Reporting (full set v1.1; ghg-conversion-factors-2024-full_set__for_advanced_users__v1_1.xlsx); Haul definition!A134:C134
desnz_travel,DEFRA 2024,haul:SGP,long_haul,haul,UK DEFRA/DESNZ (2024) GHG Conversion Factors for Company Reporting (full set v1.1; ghg-conversion-factors-2024-full_set__for_advanced_users__v1_1.xlsx); Haul definition!A135:C135
desnz_travel,DEFRA 2024,haul:SLB,long_haul,haul,UK DEFRA/DESNZ (2024) GHG Conversion Factors for Company Reporting (full set v1.1; ghg-conversion-factors-2024-full_set__for_advanced_users__v1_1.xlsx); Haul definition!A136:C136
desnz_travel,DEFRA 2024,haul:SOM,long_haul,haul,UK DEFRA/DESNZ (2024) GHG Conversion Factors for Company Reporting (full set v1.1; ghg-conversion-factors-2024-full_set__for_advanced_users__v1_1.xlsx); Haul definition!A137:C137
desnz_travel,DEFRA 2024,haul:ZAF,long_haul,haul,UK DEFRA/DESNZ (2024) GHG Conversion Factors for Company Reporting (full set v1.1; ghg-conversion-factors-2024-full_set__for_advanced_users__v1_1.xlsx); Haul definition!A138:C138
desnz_travel,DEFRA 2024,haul:KOR,long_haul,haul,UK DEFRA/DESNZ (2024) GHG Conversion Factors for Company Reporting (full set v1.1; ghg-conversion-factors-2024-full_set__for_advanced_users__v1_1.xlsx); Haul definition!A139:C139
desnz_travel,DEFRA 2024,haul:SSD,long_haul,haul,UK DEFRA/DESNZ (2024) GHG Conversion Factors for Company Reporting (full set v1.1; ghg-conversion-factors-2024-full_set__for_advanced_users__v1_1.xlsx); Haul definition!A140:C140
desnz_travel,DEFRA 2024,haul:LKA,long_haul,haul,UK DEFRA/DESNZ (2024) GHG Conversion Factors for Company Reporting (full set v1.1; ghg-conversion-factors-2024-full_set__for_advanced_users__v1_1.xlsx); Haul definition!A141:C141
desnz_travel,DEFRA 2024,haul:KNA,long_haul,haul,UK DEFRA/DESNZ (2024) GHG Conversion Factors for Company Reporting (full set v1.1; ghg-conversion-factors-2024-full_set__for_advanced_users__v1_1.xlsx); Haul definition!A142:C142
desnz_travel,DEFRA 2024,haul:LCA,long_haul,haul,UK DEFRA/DESNZ (2024) GHG Conversion Factors for Company Reporting (full set v1.1; ghg-conversion-factors-2024-full_set__for_advanced_users__v1_1.xlsx); Haul definition!A143:C143
desnz_travel,DEFRA 2024,haul:VCT,long_haul,haul,UK DEFRA/DESNZ (2024) GHG Conversion Factors for Company Reporting (full set v1.1; ghg-conversion-factors-2024-full_set__for_advanced_users__v1_1.xlsx); Haul definition!A144:C144
desnz_travel,DEFRA 2024,haul:SDN,long_haul,haul,UK DEFRA/DESNZ (2024) GHG Conversion Factors for Company Reporting (full set v1.1; ghg-conversion-factors-2024-full_set__for_advanced_users__v1_1.xlsx); Haul definition!A145:C145
desnz_travel,DEFRA 2024,haul:SUR,long_haul,haul,UK DEFRA/DESNZ (2024) GHG Conversion Factors for Company Reporting (full set v1.1; ghg-conversion-factors-2024-full_set__for_advanced_users__v1_1.xlsx); Haul definition!A146:C146
desnz_travel,DEFRA 2024,haul:SWZ,long_haul,haul,UK DEFRA/DESNZ (2024) GHG Conversion Factors for Company Reporting (full set v1.1; ghg-conversion-factors-2024-full_set__for_advanced_users__v1_1.xlsx); Haul definition!A147:C147
desnz_travel,DEFRA 2024,haul:SYR,long_haul,haul,UK DEFRA/DESNZ (2024) GHG Conversion Factors for Company Reporting (full set v1.1; ghg-conversion-factors-2024-full_set__for_advanced_users__v1_1.xlsx); Haul definition!A148:C148
desnz_travel,DEFRA 2024,haul:PYF,long_haul,haul,UK DEFRA/DESNZ (2024) GHG Conversion Factors for Company Reporting (full set v1.1; ghg-conversion-factors-2024-full_set__for_advanced_users__v1_1.xlsx); Haul definition!A149:C149
desnz_travel,DEFRA 2024,haul:TWN,long_haul,haul,UK DEFRA/DESNZ (2024) GHG Conversion Factors for Company Reporting (full set v1.1; ghg-conversion-factors-2024-full_set__for_advanced_users__v1_1.xlsx); Haul definition!A150:C150
desnz_travel,DEFRA 2024,haul:TJK,long_haul,haul,UK DEFRA/DESNZ (2024) GHG Conversion Factors for Company Reporting (full set v1.1; ghg-conversion-factors-2024-full_set__for_advanced_users__v1_1.xlsx); Haul definition!A151:C151
desnz_travel,DEFRA 2024,haul:TZA,long_haul,haul,UK DEFRA/DESNZ (2024) GHG Conversion Factors for Company Reporting (full set v1.1; ghg-conversion-factors-2024-full_set__for_advanced_users__v1_1.xlsx); Haul definition!A152:C152
desnz_travel,DEFRA 2024,haul:THA,long_haul,haul,UK DEFRA/DESNZ (2024) GHG Conversion Factors for Company Reporting (full set v1.1; ghg-conversion-factors-2024-full_set__for_advanced_users__v1_1.xlsx); Haul definition!A153:C153
desnz_travel,DEFRA 2024,haul:TLS,long_haul,haul,UK DEFRA/DESNZ (2024) GHG Conversion Factors for Company Reporting (full set v1.1; ghg-conversion-factors-2024-full_set__for_advanced_users__v1_1.xlsx); Haul definition!A154:C154
desnz_travel,DEFRA 2024,haul:TGO,long_haul,haul,UK DEFRA/DESNZ (2024) GHG Conversion Factors for Company Reporting (full set v1.1; ghg-conversion-factors-2024-full_set__for_advanced_users__v1_1.xlsx); Haul definition!A155:C155
desnz_travel,DEFRA 2024,haul:TON,long_haul,haul,UK DEFRA/DESNZ (2024) GHG Conversion Factors for Company Reporting (full set v1.1; ghg-conversion-factors-2024-full_set__for_advanced_users__v1_1.xlsx); Haul definition!A156:C156
desnz_travel,DEFRA 2024,haul:TTO,long_haul,haul,UK DEFRA/DESNZ (2024) GHG Conversion Factors for Company Reporting (full set v1.1; ghg-conversion-factors-2024-full_set__for_advanced_users__v1_1.xlsx); Haul definition!A157:C157
desnz_travel,DEFRA 2024,haul:TKM,long_haul,haul,UK DEFRA/DESNZ (2024) GHG Conversion Factors for Company Reporting (full set v1.1; ghg-conversion-factors-2024-full_set__for_advanced_users__v1_1.xlsx); Haul definition!A158:C158
desnz_travel,DEFRA 2024,haul:TCA,long_haul,haul,UK DEFRA/DESNZ (2024) GHG Conversion Factors for Company Reporting (full set v1.1; ghg-conversion-factors-2024-full_set__for_advanced_users__v1_1.xlsx); Haul definition!A159:C159
desnz_travel,DEFRA 2024,haul:UGA,long_haul,haul,UK DEFRA/DESNZ (2024) GHG Conversion Factors for Company Reporting (full set v1.1; ghg-conversion-factors-2024-full_set__for_advanced_users__v1_1.xlsx); Haul definition!A160:C160
desnz_travel,DEFRA 2024,haul:UKR,long_haul,haul,UK DEFRA/DESNZ (2024) GHG Conversion Factors for Company Reporting (full set v1.1; ghg-conversion-factors-2024-full_set__for_advanced_users__v1_1.xlsx); Haul definition!A161:C161
desnz_travel,DEFRA 2024,haul:ARE,long_haul,haul,UK DEFRA/DESNZ (2024) GHG Conversion Factors for Company Reporting (full set v1.1; ghg-conversion-factors-2024-full_set__for_advanced_users__v1_1.xlsx); Haul definition!A162:C162
desnz_travel,DEFRA 2024,haul:USA,long_haul,haul,UK DEFRA/DESNZ (2024) GHG Conversion Factors for Company Reporting (full set v1.1; ghg-conversion-factors-2024-full_set__for_advanced_users__v1_1.xlsx); Haul definition!A163:C163
desnz_travel,DEFRA 2024,haul:URY,long_haul,haul,UK DEFRA/DESNZ (2024) GHG Conversion Factors for Company Reporting (full set v1.1; ghg-conversion-factors-2024-full_set__for_advanced_users__v1_1.xlsx); Haul definition!A164:C164
desnz_travel,DEFRA 2024,haul:UZB,long_haul,haul,UK DEFRA/DESNZ (2024) GHG Conversion Factors for Company Reporting (full set v1.1; ghg-conversion-factors-2024-full_set__for_advanced_users__v1_1.xlsx); Haul definition!A165:C165
desnz_travel,DEFRA 2024,haul:VUT,long_haul,haul,UK DEFRA/DESNZ (2024) GHG Conversion Factors for Company Reporting (full set v1.1; ghg-conversion-factors-2024-full_set__for_advanced_users__v1_1.xlsx); Haul definition!A166:C166
desnz_travel,DEFRA 2024,haul:VEN,long_haul,haul,UK DEFRA/DESNZ (2024) GHG Conversion Factors for Company Reporting (full set v1.1; ghg-conversion-factors-2024-full_set__for_advanced_users__v1_1.xlsx); Haul definition!A167:C167
desnz_travel,DEFRA 2024,haul:VNM,long_haul,haul,UK DEFRA/DESNZ (2024) GHG Conversion Factors for Company Reporting (full set v1.1; ghg-conversion-factors-2024-full_set__for_advanced_users__v1_1.xlsx); Haul definition!A168:C168
desnz_travel,DEFRA 2024,haul:VIR,long_haul,haul,UK DEFRA/DESNZ (2024) GHG Conversion Factors for Company Reporting (full set v1.1; ghg-conversion-factors-2024-full_set__for_advanced_users__v1_1.xlsx); Haul definition!A169:C169
desnz_travel,DEFRA 2024,haul:UMI,long_haul,haul,UK DEFRA/DESNZ (2024) GHG Conversion Factors for Company Reporting (full set v1.1; ghg-conversion-factors-2024-full_set__for_advanced_users__v1_1.xlsx); Haul definition!A170:C170
desnz_travel,DEFRA 2024,haul:YEM,long_haul,haul,UK DEFRA/DESNZ (2024) GHG Conversion Factors for Company Reporting (full set v1.1; ghg-conversion-factors-2024-full_set__for_advanced_users__v1_1.xlsx); Haul definition!A171:C171
desnz_travel,DEFRA 2024,haul:ZMB,long_haul,haul,UK DEFRA/DESNZ (2024) GHG Conversion Factors for Company Reporting (full set v1.1; ghg-conversion-factors-2024-full_set__for_advanced_users__v1_1.xlsx); Haul definition!A172:C172
desnz_travel,DEFRA 2024,haul:ZWE,long_haul,haul,UK DEFRA/DESNZ (2024) GHG Conversion Factors for Company Reporting (full set v1.1; ghg-conversion-factors-2024-full_set__for_advanced_users__v1_1.xlsx); Haul definition!A173:C173
desnz_travel,DEFRA 2024,haul:ALB,short_haul,haul,UK DEFRA/DESNZ (2024) GHG Conversion Factors for Company Reporting (full set v1.1; ghg-conversion-factors-2024-full_set__for_advanced_users__v1_1.xlsx); Haul definition!A174:C174
desnz_travel,DEFRA 2024,haul:DZA,short_haul,haul,UK DEFRA/DESNZ (2024) GHG Conversion Factors for Company Reporting (full set v1.1; ghg-conversion-factors-2024-full_set__for_advanced_users__v1_1.xlsx); Haul definition!A175:C175
desnz_travel,DEFRA 2024,haul:AUT,short_haul,haul,UK DEFRA/DESNZ (2024) GHG Conversion Factors for Company Reporting (full set v1.1; ghg-conversion-factors-2024-full_set__for_advanced_users__v1_1.xlsx); Haul definition!A176:C176
desnz_travel,DEFRA 2024,haul:BLR,short_haul,haul,UK DEFRA/DESNZ (2024) GHG Conversion Factors for Company Reporting (full set v1.1; ghg-conversion-factors-2024-full_set__for_advanced_users__v1_1.xlsx); Haul definition!A177:C177
desnz_travel,DEFRA 2024,haul:BEL,short_haul,haul,UK DEFRA/DESNZ (2024) GHG Conversion Factors for Company Reporting (full set v1.1; ghg-conversion-factors-2024-full_set__for_advanced_users__v1_1.xlsx); Haul definition!A178:C178
desnz_travel,DEFRA 2024,haul:BIH,short_haul,haul,UK DEFRA/DESNZ (2024) GHG Conversion Factors for Company Reporting (full set v1.1; ghg-conversion-factors-2024-full_set__for_advanced_users__v1_1.xlsx); Haul definition!A179:C179
desnz_travel,DEFRA 2024,haul:BGR,short_haul,haul,UK DEFRA/DESNZ (2024) GHG Conversion Factors for Company Reporting (full set v1.1; ghg-conversion-factors-2024-full_set__for_advanced_users__v1_1.xlsx); Haul definition!A180:C180
desnz_travel,DEFRA 2024,haul:HRV,short_haul,haul,UK DEFRA/DESNZ (2024) GHG Conversion Factors for Company Reporting (full set v1.1; ghg-conversion-factors-2024-full_set__for_advanced_users__v1_1.xlsx); Haul definition!A181:C181
desnz_travel,DEFRA 2024,haul:CYP,short_haul,haul,UK DEFRA/DESNZ (2024) GHG Conversion Factors for Company Reporting (full set v1.1; ghg-conversion-factors-2024-full_set__for_advanced_users__v1_1.xlsx); Haul definition!A182:C182
desnz_travel,DEFRA 2024,haul:CZE,short_haul,haul,UK DEFRA/DESNZ (2024) GHG Conversion Factors for Company Reporting (full set v1.1; ghg-conversion-factors-2024-full_set__for_advanced_users__v1_1.xlsx); Haul definition!A183:C183
desnz_travel,DEFRA 2024,haul:DNK,short_haul,haul,UK DEFRA/DESNZ (2024) GHG Conversion Factors for Company Reporting (full set v1.1; ghg-conversion-factors-2024-full_set__for_advanced_users__v1_1.xlsx); Haul definition!A184:C184
desnz_travel,DEFRA 2024,haul:EGY,short_haul,haul,UK DEFRA/DESNZ (2024) GHG Conversion Factors for Company Reporting (full set v1.1; ghg-conversion-factors-2024-full_set__for_advanced_users__v1_1.xlsx); Haul definition!A185:C185
desnz_travel,DEFRA 2024,haul:EST,short_haul,haul,UK DEFRA/DESNZ (2024) GHG Conversion Factors for Company Reporting (full set v1.1; ghg-conversion-factors-2024-full_set__for_advanced_users__v1_1.xlsx); Haul definition!A186:C186
desnz_travel,DEFRA 2024,haul:FRO,short_haul,haul,UK DEFRA/DESNZ (2024) GHG Conversion Factors for Company Reporting (full set v1.1; ghg-conversion-factors-2024-full_set__for_advanced_users__v1_1.xlsx); Haul definition!A187:C187
desnz_travel,DEFRA 2024,haul:FIN,short_haul,haul,UK DEFRA/DESNZ (2024) GHG Conversion Factors for Company Reporting (full set v1.1; ghg-conversion-factors-2024-full_set__for_advanced_users__v1_1.xlsx); Haul definition!A188:C188
desnz_travel,DEFRA 2024,haul:FRA,short_haul,haul,UK DEFRA/DESNZ (2024) GHG Conversion Factors for Company Reporting (full set v1.1; ghg-conversion-factors-2024-full_set__for_advanced_users__v1_1.xlsx); Haul definition!A189:C189
desnz_travel,DEFRA 2024,haul:DEU,short_haul,haul,UK DEFRA/DESNZ (2024) GHG Conversion Factors for Company Reporting (full set v1.1; ghg-conversion-factors-2024-full_set__for_advanced_users__v1_1.xlsx); Haul definition!A190:C190
desnz_travel,DEFRA 2024,haul:GIB,short_haul,haul,UK DEFRA/DESNZ (2024) GHG Conversion Factors for Company Reporting (full set v1.1; ghg-conversion-factors-2024-full_set__for_advanced_users__v1_1.xlsx); Haul definition!A191:C191
desnz_travel,DEFRA 2024,haul:GRC,short_haul,haul,UK DEFRA/DESNZ (2024) GHG Conversion Factors for Company Reporting (full set v1.1; ghg-conversion-factors-2024-full_set__for_advanced_users__v1_1.xlsx); Haul definition!A192:C192
desnz_travel,DEFRA 2024,haul:GRL,short_haul,haul,UK DEFRA/DESNZ (2024) GHG Conversion Factors for Company Reporting (full set v1.1; ghg-conversion-factors-2024-full_set__for_advanced_users__v1_1.xlsx); Haul definition!A193:C193
desnz_travel,DEFRA 2024,haul:HUN,short_haul,haul,UK DEFRA/DESNZ (2024) GHG Conversion Factors for Company Reporting (full set v1.1; ghg-conversion-factors-2024-full_set__for_advanced_users__v1_1.xlsx); Haul definition!A194:C194
desnz_travel,DEFRA 2024,haul:ISL,short_haul,haul,UK DEFRA/DESNZ (2024) GHG Conversion Factors for Company Reporting (full set v1.1; ghg-conversion-factors-2024-full_set__for_advanced_users__v1_1.xlsx); Haul definition!A195:C195
desnz_travel,DEFRA 2024,haul:IRL,short_haul,haul,UK DEFRA/DESNZ (2024) GHG Conversion Factors for Company Reporting (full set v1.1; ghg-conversion-factors-2024-full_set__for_advanced_users__v1_1.xlsx); Haul definition!A196:C196
desnz_travel,DEFRA 2024,haul:ITA,short_haul,haul,UK DEFRA/DESNZ (2024) GHG Conversion Factors for Company Reporting (full set v1.1; ghg-conversion-factors-2024-full_set__for_advanced_users__v1_1.xlsx); Haul definition!A197:C197
desnz_travel,DEFRA 2024,haul:XKX,short_haul,haul,UK DEFRA/DESNZ (2024) GHG Conversion Factors for Company Reporting (full set v1.1; ghg-conversion-factors-2024-full_set__for_advanced_users__v1_1.xlsx); Haul definition!A198:C198
desnz_travel,DEFRA 2024,haul:LVA,short_haul,haul,UK DEFRA/DESNZ (2024) GHG Conversion Factors for Company Reporting (full set v1.1; ghg-conversion-factors-2024-full_set__for_advanced_users__v1_1.xlsx); Haul definition!A199:C199
desnz_travel,DEFRA 2024,haul:LBY,short_haul,haul,UK DEFRA/DESNZ (2024) GHG Conversion Factors for Company Reporting (full set v1.1; ghg-conversion-factors-2024-full_set__for_advanced_users__v1_1.xlsx); Haul definition!A200:C200
desnz_travel,DEFRA 2024,haul:LTU,short_haul,haul,UK DEFRA/DESNZ (2024) GHG Conversion Factors for Company Reporting (full set v1.1; ghg-conversion-factors-2024-full_set__for_advanced_users__v1_1.xlsx); Haul definition!A201:C201
desnz_travel,DEFRA 2024,haul:LUX,short_haul,haul,UK DEFRA/DESNZ (2024) GHG Conversion Factors for Company Reporting (full set v1.1; ghg-conversion-factors-2024-full_set__for_advanced_users__v1_1.xlsx); Haul definition!A202:C202
desnz_travel,DEFRA 2024,haul:MKD,short_haul,haul,UK DEFRA/DESNZ (2024) GHG Conversion Factors for Company Reporting (full set v1.1; ghg-conversion-factors-2024-full_set__for_advanced_users__v1_1.xlsx); Haul definition!A203:C203
desnz_travel,DEFRA 2024,haul:MLT,short_haul,haul,UK DEFRA/DESNZ (2024) GHG Conversion Factors for Company Reporting (full set v1.1; ghg-conversion-factors-2024-full_set__for_advanced_users__v1_1.xlsx); Haul definition!A204:C204
desnz_travel,DEFRA 2024,haul:MNE,short_haul,haul,UK DEFRA/DESNZ (2024) GHG Conversion Factors for Company Reporting (full set v1.1; ghg-conversion-factors-2024-full_set__for_advanced_users__v1_1.xlsx); Haul definition!A205:C205
desnz_travel,DEFRA 2024,haul:MAR,short_haul,haul,UK DEFRA/DESNZ (2024) GHG Conversion Factors for Company Reporting (full set v1.1; ghg-conversion-factors-2024-full_set__for_advanced_users__v1_1.xlsx); Haul definition!A206:C206
desnz_travel,DEFRA 2024,haul:NLD,short_haul,haul,UK DEFRA/DESNZ (2024) GHG Conversion Factors for Company Reporting (full set v1.1; ghg-conversion-factors-2024-full_set__for_advanced_users__v1_1.xlsx); Haul definition!A207:C207
desnz_travel,DEFRA 2024,haul:NOR,short_haul,haul,UK DEFRA/DESNZ (2024) GHG Conversion Factors for Company Reporting (full set v1.1; ghg-conversion-factors-2024-full_set__for_advanced_users__v1_1.xlsx); Haul definition!A208:C208
desnz_travel,DEFRA 2024,haul:POL,short_haul,haul,UK DEFRA/DESNZ (2024) GHG Conversion Factors for Company Reporting (full set v1.1; ghg-conversion-factors-2024-full_set__for_advanced_users__v1_1.xlsx); Haul definition!A209:C209
desnz_travel,DEFRA 2024,haul:PRT,short_haul,haul,UK DEFRA/DESNZ (2024) GHG Conversion Factors for Company Reporting (full set v1.1; ghg-conversion-factors-2024-full_set__for_advanced_users__v1_1.xlsx); Haul definition!A210:C210
desnz_travel,DEFRA 2024,haul:ROU,short_haul,haul,UK DEFRA/DESNZ (2024) GHG Conversion Factors for Company Reporting (full set v1.1; ghg-conversion-factors-2024-full_set__for_advanced_users__v1_1.xlsx); Haul definition!A211:C211
desnz_travel,DEFRA 2024,haul:SRB,short_haul,haul,UK DEFRA/DESNZ (2024) GHG Conversion Factors for Company Reporting (full set v1.1; ghg-conversion-factors-2024-full_set__for_advanced_users__v1_1.xlsx); Haul definition!A212:C212
desnz_travel,DEFRA 2024,haul:SVK,short_haul,haul,UK DEFRA/DESNZ (2024) GHG Conversion Factors for Company Reporting (full set v1.1; ghg-conversion-factors-2024-full_set__for_advanced_users__v1_1.xlsx); Haul definition!A213:C213
desnz_travel,DEFRA 2024,haul:SVN,short_haul,haul,UK DEFRA/DESNZ (2024) GHG Conversion Factors for Company Reporting (full set v1.1; ghg-conversion-factors-2024-full_set__for_advanced_users__v1_1.xlsx); Haul definition!A214:C214
desnz_travel,DEFRA 2024,haul:ESP,short_haul,haul,UK DEFRA/DESNZ (2024) GHG Conversion Factors for Company Reporting (full set v1.1; ghg-conversion-factors-2024-full_set__for_advanced_users__v1_1.xlsx); Haul definition!A215:C215
desnz_travel,DEFRA 2024,haul:SWE,short_haul,haul,UK DEFRA/DESNZ (2024) GHG Conversion Factors for Company Reporting (full set v1.1; ghg-conversion-factors-2024-full_set__for_advanced_users__v1_1.xlsx); Haul definition!A216:C216
desnz_travel,DEFRA 2024,haul:CHE,short_haul,haul,UK DEFRA/DESNZ (2024) GHG Conversion Factors for Company Reporting (full set v1.1; ghg-conversion-factors-2024-full_set__for_advanced_users__v1_1.xlsx); Haul definition!A217:C217
desnz_travel,DEFRA 2024,haul:TUN,short_haul,haul,UK DEFRA/DESNZ (2024) GHG Conversion Factors for Company Reporting (full set v1.1; ghg-conversion-factors-2024-full_set__for_advanced_users__v1_1.xlsx); Haul definition!A218:C218
desnz_travel,DEFRA 2024,haul:TUR,short_haul,haul,UK DEFRA/DESNZ (2024) GHG Conversion Factors for Company Reporting (full set v1.1; ghg-conversion-factors-2024-full_set__for_advanced_users__v1_1.xlsx); Haul definition!A219:C219
desnz_travel,DEFRA 2024,haul:ESH,short_haul,haul,UK DEFRA/DESNZ (2024) GHG Conversion Factors for Company Reporting (full set v1.1; ghg-conversion-factors-2024-full_set__for_advanced_users__v1_1.xlsx); Haul definition!A220:C220
desnz_travel,DEFRA 2024,rail:National rail,0.03546,kg CO2e per passenger.km,UK DEFRA/DESNZ (2024) GHG Conversion Factors for Company Reporting (full set v1.1; ghg-conversion-factors-2024-full_set__for_advanced_users__v1_1.xlsx); Business travel- land!D87:G87
desnz_travel,DEFRA 2024,rail:International rail,0.00446,kg CO2e per passenger.km,UK DEFRA/DESNZ (2024) GHG Conversion Factors for Company Reporting (full set v1.1; ghg-conversion-factors-2024-full_set__for_advanced_users__v1_1.xlsx); Business travel- land!D88:G88
desnz_travel,DEFRA 2024,rail:Light rail and tram,0.0286,kg CO2e per passenger.km,UK DEFRA/DESNZ (2024) GHG Conversion Factors for Company Reporting (full set v1.1; ghg-conversion-factors-2024-full_set__for_advanced_users__v1_1.xlsx); Business travel- land!D89:G89
desnz_travel,DEFRA 2024,rail:London Underground,0.0278,kg CO2e per passenger.km,UK DEFRA/DESNZ (2024) GHG Conversion Factors for Company Reporting (full set v1.1; ghg-conversion-factors-2024-full_set__for_advanced_users__v1_1.xlsx); Business travel- land!D90:G90
desnz_travel,DEFRA 2024,wtt_rail:National rail,0.00897,kg CO2e per passenger.km,UK DEFRA/DESNZ (2024) GHG Conversion Factors for Company Reporting (full set v1.1; ghg-conversion-factors-2024-full_set__for_advanced_users__v1_1.xlsx); WTT- pass vehs & travel- land!D83
desnz_travel,DEFRA 2024,wtt_rail:International rail,0.00117,kg CO2e per passenger.km,UK DEFRA/DESNZ (2024) GHG Conversion Factors for Company Reporting (full set v1.1; ghg-conversion-factors-2024-full_set__for_advanced_users__v1_1.xlsx); WTT- pass vehs & travel- land!D84
desnz_travel,DEFRA 2024,wtt_rail:Light rail and tram,0.00749,kg CO2e per passenger.km,UK DEFRA/DESNZ (2024) GHG Conversion Factors for Company Reporting (full set v1.1; ghg-conversion-factors-2024-full_set__for_advanced_users__v1_1.xlsx); WTT- pass vehs & travel- land!D85
desnz_travel,DEFRA 2024,wtt_rail:London Underground,0.00728,kg CO2e per passenger.km,UK DEFRA/DESNZ (2024) GHG Conversion Factors for Company Reporting (full set v1.1; ghg-conversion-factors-2024-full_set__for_advanced_users__v1_1.xlsx); WTT- pass vehs & travel- land!D86
desnz_travel,DEFRA 2024,car:small:diesel,0.13994,kg CO2e per km (vehicle),UK DEFRA/DESNZ (2024) GHG Conversion Factors for Company Reporting (full set v1.1; ghg-conversion-factors-2024-full_set__for_advanced_users__v1_1.xlsx); Business travel- land!D47:G47
desnz_travel,DEFRA 2024,car:small:petrol,0.1437,kg CO2e per km (vehicle),UK DEFRA/DESNZ (2024) GHG Conversion Factors for Company Reporting (full set v1.1; ghg-conversion-factors-2024-full_set__for_advanced_users__v1_1.xlsx); Business travel- land!H47:K47
desnz_travel,DEFRA 2024,car:small:hybrid,0.11274,kg CO2e per km (vehicle),UK DEFRA/DESNZ (2024) GHG Conversion Factors for Company Reporting (full set v1.1; ghg-conversion-factors-2024-full_set__for_advanced_users__v1_1.xlsx); Business travel- land!L47:O47
desnz_travel,DEFRA 2024,car:small:unknown,0.14262,kg CO2e per km (vehicle),UK DEFRA/DESNZ (2024) GHG Conversion Factors for Company Reporting (full set v1.1; ghg-conversion-factors-2024-full_set__for_advanced_users__v1_1.xlsx); Business travel- land!X47:AA47
desnz_travel,DEFRA 2024,car:small:plug_in_hybrid,0.06078,kg CO2e per km (vehicle),UK DEFRA/DESNZ (2024) GHG Conversion Factors for Company Reporting (full set v1.1; ghg-conversion-factors-2024-full_set__for_advanced_users__v1_1.xlsx); Business travel- land!AB47:AE47
desnz_travel,DEFRA 2024,car:small:battery_electric,0.04284,kg CO2e per km (vehicle),UK DEFRA/DESNZ (2024) GHG Conversion Factors for Company Reporting (full set v1.1; ghg-conversion-factors-2024-full_set__for_advanced_users__v1_1.xlsx); Business travel- land!AF47:AI47
desnz_travel,DEFRA 2024,car:medium:diesel,0.16807,kg CO2e per km (vehicle),UK DEFRA/DESNZ (2024) GHG Conversion Factors for Company Reporting (full set v1.1; ghg-conversion-factors-2024-full_set__for_advanced_users__v1_1.xlsx); Business travel- land!D49:G49
desnz_travel,DEFRA 2024,car:medium:petrol,0.17726,kg CO2e per km (vehicle),UK DEFRA/DESNZ (2024) GHG Conversion Factors for Company Reporting (full set v1.1; ghg-conversion-factors-2024-full_set__for_advanced_users__v1_1.xlsx); Business travel- land!H49:K49
desnz_travel,DEFRA 2024,car:medium:hybrid,0.1149,kg CO2e per km (vehicle),UK DEFRA/DESNZ (2024) GHG Conversion Factors for Company Reporting (full set v1.1; ghg-conversion-factors-2024-full_set__for_advanced_users__v1_1.xlsx); Business travel- land!L49:O49
desnz_travel,DEFRA 2024,car:medium:cng,0.15682,kg CO2e per km (vehicle),UK DEFRA/DESNZ (2024) GHG Conversion Factors for Company Reporting (full set v1.1; ghg-conversion-factors-2024-full_set__for_advanced_users__v1_1.xlsx); Business travel- land!P49:S49
desnz_travel,DEFRA 2024,car:medium:lpg,0.17634,kg CO2e per km (vehicle),UK DEFRA/DESNZ (2024) GHG Conversion Factors for Company Reporting (full set v1.1; ghg-conversion-factors-2024-full_set__for_advanced_users__v1_1.xlsx); Business travel- land!T49:W49
desnz_travel,DEFRA 2024,car:medium:unknown,0.17256,kg CO2e per km (vehicle),UK DEFRA/DESNZ (2024) GHG Conversion Factors for Company Reporting (full set v1.1; ghg-conversion-factors-2024-full_set__for_advanced_users__v1_1.xlsx); Business travel- land!X49:AA49
desnz_travel,DEFRA 2024,car:medium:plug_in_hybrid,0.09312,kg CO2e per km (vehicle),UK DEFRA/DESNZ (2024) GHG Conversion Factors for Company Reporting (full set v1.1; ghg-conversion-factors-2024-full_set__for_advanced_users__v1_1.xlsx); Business travel- land!AB49:AE49
desnz_travel,DEFRA 2024,car:medium:battery_electric,0.04625,kg CO2e per km (vehicle),UK DEFRA/DESNZ (2024) GHG Conversion Factors for Company Reporting (full set v1.1; ghg-conversion-factors-2024-full_set__for_advanced_users__v1_1.xlsx); Business travel- land!AF49:AI49
desnz_travel,DEFRA 2024,car:large:diesel,0.20729,kg CO2e per km (vehicle),UK DEFRA/DESNZ (2024) GHG Conversion Factors for Company Reporting (full set v1.1; ghg-conversion-factors-2024-full_set__for_advanced_users__v1_1.xlsx); Business travel- land!D51:G51
desnz_travel,DEFRA 2024,car:large:petrol,0.26885,kg CO2e per km (vehicle),UK DEFRA/DESNZ (2024) GHG Conversion Factors for Company Reporting (full set v1.1; ghg-conversion-factors-2024-full_set__for_advanced_users__v1_1.xlsx); Business travel- land!H51:K51
desnz_travel,DEFRA 2024,car:large:hybrid,0.15486,kg CO2e per km (vehicle),UK DEFRA/DESNZ (2024) GHG Conversion Factors for Company Reporting (full set v1.1; ghg-conversion-factors-2024-full_set__for_advanced_users__v1_1.xlsx); Business travel- land!L51:O51
desnz_travel,DEFRA 2024,car:large:cng,0.23705,kg CO2e per km (vehicle),UK DEFRA/DESNZ (2024) GHG Conversion Factors for Company Reporting (full set v1.1; ghg-conversion-factors-2024-full_set__for_advanced_users__v1_1.xlsx); Business travel- land!P51:S51
desnz_travel,DEFRA 2024,car:large:lpg,0.26759,kg CO2e per km (vehicle),UK DEFRA/DESNZ (2024) GHG Conversion Factors for Company Reporting (full set v1.1; ghg-conversion-factors-2024-full_set__for_advanced_users__v1_1.xlsx); Business travel- land!T51:W51
desnz_travel,DEFRA 2024,car:large:unknown,0.22472,kg CO2e per km (vehicle),UK DEFRA/DESNZ (2024) GHG Conversion Factors for Company Reporting (full set v1.1; ghg-conversion-factors-2024-full_set__for_advanced_users__v1_1.xlsx); Business travel- land!X51:AA51
desnz_travel,DEFRA 2024,car:large:plug_in_hybrid,0.11923,kg CO2e per km (vehicle),UK DEFRA/DESNZ (2024) GHG Conversion Factors for Company Reporting (full set v1.1; ghg-conversion-factors-2024-full_set__for_advanced_users__v1_1.xlsx); Business travel- land!AB51:AE51
desnz_travel,DEFRA 2024,car:large:battery_electric,0.04925,kg CO2e per km (vehicle),UK DEFRA/DESNZ (2024) GHG Conversion Factors for Company Reporting (full set v1.1; ghg-conversion-factors-2024-full_set__for_advanced_users__v1_1.xlsx); Business travel- land!AF51:AI51
desnz_travel,DEFRA 2024,car:average:diesel,0.16984,kg CO2e per km (vehicle),UK DEFRA/DESNZ (2024) GHG Conversion Factors for Company Reporting (full set v1.1; ghg-conversion-factors-2024-full_set__for_advanced_users__v1_1.xlsx); Business travel- land!D53:G53
desnz_travel,DEFRA 2024,car:average:petrol,0.1645,kg CO2e per km (vehicle),UK DEFRA/DESNZ (2024) GHG Conversion Factors for Company Reporting (full set v1.1; ghg-conversion-factors-2024-full_set__for_advanced_users__v1_1.xlsx); Business travel- land!H53:K53
desnz_travel,DEFRA 2024,car:average:hybrid,0.12607,kg CO2e per km (vehicle),UK DEFRA/DESNZ (2024) GHG Conversion Factors for Company Reporting (full set v1.1; ghg-conversion-factors-2024-full_set__for_advanced_users__v1_1.xlsx); Business travel- land!L53:O53
desnz_travel,DEFRA 2024,car:average:cng,0.17514,kg CO2e per km (vehicle),UK DEFRA/DESNZ (2024) GHG Conversion Factors for Company Reporting (full set v1.1; ghg-conversion-factors-2024-full_set__for_advanced_users__v1_1.xlsx); Business travel- land!P53:S53
desnz_travel,DEFRA 2024,car:average:lpg,0.19718,kg CO2e per km (vehicle),UK DEFRA/DESNZ (2024) GHG Conversion Factors for Company Reporting (full set v1.1; ghg-conversion-factors-2024-full_set__for_advanced_users__v1_1.xlsx); Business travel- land!T53:W53
desnz_travel,DEFRA 2024,car:average:unknown,0.16691,kg CO2e per km (vehicle),UK DEFRA/DESNZ (2024) GHG Conversion Factors for Company Reporting (full set v1.1; ghg-conversion-factors-2024-full_set__for_advanced_users__v1_1.xlsx); Business travel- land!X53:AA53
desnz_travel,DEFRA 2024,car:average:plug_in_hybrid,0.10853,kg CO2e per km (vehicle),UK DEFRA/DESNZ (2024) GHG Conversion Factors for Company Reporting (full set v1.1; ghg-conversion-factors-2024-full_set__for_advanced_users__v1_1.xlsx); Business travel- land!AB53:AE53
desnz_travel,DEFRA 2024,car:average:battery_electric,0.04745,kg CO2e per km (vehicle),UK DEFRA/DESNZ (2024) GHG Conversion Factors for Company Reporting (full set v1.1; ghg-conversion-factors-2024-full_set__for_advanced_users__v1_1.xlsx); Business travel- land!AF53:AI53
desnz_travel,DEFRA 2024,wtt_car:small:diesel,0.03409,kg CO2e per km (vehicle),UK DEFRA/DESNZ (2024) GHG Conversion Factors for Company Reporting (full set v1.1; ghg-conversion-factors-2024-full_set__for_advanced_users__v1_1.xlsx); WTT- pass vehs & travel- land!D43
desnz_travel,DEFRA 2024,wtt_car:small:petrol,0.04015,kg CO2e per km (vehicle),UK DEFRA/DESNZ (2024) GHG Conversion Factors for Company Reporting (full set v1.1; ghg-conversion-factors-2024-full_set__for_advanced_users__v1_1.xlsx); WTT- pass vehs & travel- land!E43
desnz_travel,DEFRA 2024,wtt_car:small:hybrid,0.03026,kg CO2e per km (vehicle),UK DEFRA/DESNZ (2024) GHG Conversion Factors for Company Reporting (full set v1.1; ghg-conversion-factors-2024-full_set__for_advanced_users__v1_1.xlsx); WTT- pass vehs & travel- land!F43
desnz_travel,DEFRA 2024,wtt_car:small:unknown,0.03836,kg CO2e per km (vehicle),UK DEFRA/DESNZ (2024) GHG Conversion Factors for Company Reporting (full set v1.1; ghg-conversion-factors-2024-full_set__for_advanced_users__v1_1.xlsx); WTT- pass vehs & travel- land!I43
desnz_travel,DEFRA 2024,wtt_car:small:plug_in_hybrid,0.0152,kg CO2e per km (vehicle),UK DEFRA/DESNZ (2024) GHG Conversion Factors for Company Reporting (full set v1.1; ghg-conversion-factors-2024-full_set__for_advanced_users__v1_1.xlsx); WTT- pass vehs & travel- land!J43
desnz_travel,DEFRA 2024,wtt_car:small:battery_electric,0.00948,kg CO2e per km (vehicle),UK DEFRA/DESNZ (2024) GHG Conversion Factors for Company Reporting (full set v1.1; ghg-conversion-factors-2024-full_set__for_advanced_users__v1_1.xlsx); WTT- pass vehs & travel- land!K43
desnz_travel,DEFRA 2024,wtt_car:medium:diesel,0.04103,kg CO2e per km (vehicle),UK DEFRA/DESNZ (2024) GHG Conversion Factors for Company Reporting (full set v1.1; ghg-conversion-factors-2024-full_set__for_advanced_users__v1_1.xlsx); WTT- pass vehs & travel- land!D45
desnz_travel,DEFRA 2024,wtt_car:medium:petrol,0.04957,kg CO2e per km (vehicle),UK DEFRA/DESNZ (2024) GHG Conversion Factors for Company Reporting (full set v1.1; ghg-conversion-factors-2024-full_set__for_advanced_users__v1_1.xlsx); WTT- pass vehs & travel- land!E45
desnz_travel,DEFRA 2024,wtt_car:medium:hybrid,0.02998,kg CO2e per km (vehicle),UK DEFRA/DESNZ (2024) GHG Conversion Factors for Company Reporting (full set v1.1; ghg-conversion-factors-2024-full_set__for_advanced_users__v1_1.xlsx); WTT- pass vehs & travel- land!F45
desnz_travel,DEFRA 2024,wtt_car:medium:cng,0.03211,kg CO2e per km (vehicle),UK DEFRA/DESNZ (2024) GHG Conversion Factors for Company Reporting (full set v1.1; ghg-conversion-factors-2024-full_set__for_advanced_users__v1_1.xlsx); WTT- pass vehs & travel- land!G45
desnz_travel,DEFRA 2024,wtt_car:medium:lpg,0.02093,kg CO2e per km (vehicle),UK DEFRA/DESNZ (2024) GHG Conversion Factors for Company Reporting (full set v1.1; ghg-conversion-factors-2024-full_set__for_advanced_users__v1_1.xlsx); WTT- pass vehs & travel- land!H45
desnz_travel,DEFRA 2024,wtt_car:medium:unknown,0.04518,kg CO2e per km (vehicle),UK DEFRA/DESNZ (2024) GHG Conversion Factors for Company Reporting (full set v1.1; ghg-conversion-factors-2024-full_set__for_advanced_users__v1_1.xlsx); WTT- pass vehs & travel- land!I45
desnz_travel,DEFRA 2024,wtt_car:medium:plug_in_hybrid,0.02524,kg CO2e per km (vehicle),UK DEFRA/DESNZ (2024) GHG Conversion Factors for Company Reporting (full set v1.1; ghg-conversion-factors-2024-full_set__for_advanced_users__v1_1.xlsx); WTT- pass vehs & travel- land!J45
desnz_travel,DEFRA 2024,wtt_car:medium:battery_electric,0.01022,kg CO2e per km (vehicle),UK DEFRA/DESNZ (2024) GHG Conversion Factors for Company Reporting (full set v1.1; ghg-conversion-factors-2024-full_set__for_advanced_users__v1_1.xlsx); WTT- pass vehs & travel- land!K45
desnz_travel,DEFRA 2024,wtt_car:large:diesel,0.0507,kg CO2e per km (vehicle),UK DEFRA/DESNZ (2024) GHG Conversion Factors for Company Reporting (full set v1.1; ghg-conversion-factors-2024-full_set__for_advanced_users__v1_1.xlsx); WTT- pass vehs & travel- land!D47
desnz_travel,DEFRA 2024,wtt_car:large:petrol,0.07528,kg CO2e per km (vehicle),UK DEFRA/DESNZ (2024) GHG Conversion Factors for Company Reporting (full set v1.1; ghg-conversion-factors-2024-full_set__for_advanced_users__v1_1.xlsx); WTT- pass vehs & travel- land!E47
desnz_travel,DEFRA 2024,wtt_car:large:hybrid,0.03961,kg CO2e per km (vehicle),UK DEFRA/DESNZ (2024) GHG Conversion Factors for Company Reporting (full set v1.1; ghg-conversion-factors-2024-full_set__for_advanced_users__v1_1.xlsx); WTT- pass vehs & travel- land!F47
desnz_travel,DEFRA 2024,wtt_car:large:cng,0.04876,kg CO2e per km (vehicle),UK DEFRA/DESNZ (2024) GHG Conversion Factors for Company Reporting (full set v1.1; ghg-conversion-factors-2024-full_set__for_advanced_users__v1_1.xlsx); WTT- pass vehs & travel- land!G47
desnz_travel,DEFRA 2024,wtt_car:large:lpg,0.03179,kg CO2e per km (vehicle),UK DEFRA/DESNZ (2024) GHG Conversion Factors for Company Reporting (full set v1.1; ghg-conversion-factors-2024-full_set__for_advanced_users__v1_1.xlsx); WTT- pass vehs & travel- land!H47
desnz_travel,DEFRA 2024,wtt_car:large:unknown,0.05764,kg CO2e per km (vehicle),UK DEFRA/DESNZ (2024) GHG Conversion Factors for Company Reporting (full set v1.1; ghg-conversion-factors-2024-full_set__for_advanced_users__v1_1.xlsx); WTT- pass vehs & travel- land!I47
desnz_travel,DEFRA 2024,wtt_car:large:plug_in_hybrid,0.03221,kg CO2e per km (vehicle),UK DEFRA/DESNZ (2024) GHG Conversion Factors for Company Reporting (full set v1.1; ghg-conversion-factors-2024-full_set__for_advanced_users__v1_1.xlsx); WTT- pass vehs & travel- land!J47
desnz_travel,DEFRA 2024,wtt_car:large:battery_electric,0.01088,kg CO2e per km (vehicle),UK DEFRA/DESNZ (2024) GHG Conversion Factors for Company Reporting (full set v1.1; ghg-conversion-factors-2024-full_set__for_advanced_users__v1_1.xlsx); WTT- pass vehs & travel- land!K47
desnz_travel,DEFRA 2024,wtt_car:average:diesel,0.04146,kg CO2e per km (vehicle),UK DEFRA/DESNZ (2024) GHG Conversion Factors for Company Reporting (full set v1.1; ghg-conversion-factors-2024-full_set__for_advanced_users__v1_1.xlsx); WTT- pass vehs & travel- land!D49
desnz_travel,DEFRA 2024,wtt_car:average:petrol,0.04599,kg CO2e per km (vehicle),UK DEFRA/DESNZ (2024) GHG Conversion Factors for Company Reporting (full set v1.1; ghg-conversion-factors-2024-full_set__for_advanced_users__v1_1.xlsx); WTT- pass vehs & travel- land!E49
desnz_travel,DEFRA 2024,wtt_car:average:hybrid,0.03315,kg CO2e per km (vehicle),UK DEFRA/DESNZ (2024) GHG Conversion Factors for Company Reporting (full set v1.1; ghg-conversion-factors-2024-full_set__for_advanced_users__v1_1.xlsx); WTT- pass vehs & travel- land!F49
desnz_travel,DEFRA 2024,wtt_car:average:cng,0.03591,kg CO2e per km (vehicle),UK DEFRA/DESNZ (2024) GHG Conversion Factors for Company Reporting (full set v1.1; ghg-conversion-factors-2024-full_set__for_advanced_users__v1_1.xlsx); WTT- pass vehs & travel- land!G49
desnz_travel,DEFRA 2024,wtt_car:average:lpg,0.02341,kg CO2e per km (vehicle),UK DEFRA/DESNZ (2024) GHG Conversion Factors for Company Reporting (full set v1.1; ghg-conversion-factors-2024-full_set__for_advanced_users__v1_1.xlsx); WTT- pass vehs & travel- land!H49
desnz_travel,DEFRA 2024,wtt_car:average:unknown,0.04399,kg CO2e per km (vehicle),UK DEFRA/DESNZ (2024) GHG Conversion Factors for Company Reporting (full set v1.1; ghg-conversion-factors-2024-full_set__for_advanced_users__v1_1.xlsx); WTT- pass vehs & travel- land!I49
desnz_travel,DEFRA 2024,wtt_car:average:plug_in_hybrid,0.02934,kg CO2e per km (vehicle),UK DEFRA/DESNZ (2024) GHG Conversion Factors for Company Reporting (full set v1.1; ghg-conversion-factors-2024-full_set__for_advanced_users__v1_1.xlsx); WTT- pass vehs & travel- land!J49
desnz_travel,DEFRA 2024,wtt_car:average:battery_electric,0.01049,kg CO2e per km (vehicle),UK DEFRA/DESNZ (2024) GHG Conversion Factors for Company Reporting (full set v1.1; ghg-conversion-factors-2024-full_set__for_advanced_users__v1_1.xlsx); WTT- pass vehs & travel- land!K49
desnz_travel,DEFRA 2024,motorbike:small,0.08319,kg CO2e per km (vehicle),UK DEFRA/DESNZ (2024) GHG Conversion Factors for Company Reporting (full set v1.1; ghg-conversion-factors-2024-full_set__for_advanced_users__v1_1.xlsx); Business travel- land!D59:G59
desnz_travel,DEFRA 2024,motorbike:medium,0.10107,kg CO2e per km (vehicle),UK DEFRA/DESNZ (2024) GHG Conversion Factors for Company Reporting (full set v1.1; ghg-conversion-factors-2024-full_set__for_advanced_users__v1_1.xlsx); Business travel- land!D61:G61
desnz_travel,DEFRA 2024,motorbike:large,0.13252,kg CO2e per km (vehicle),UK DEFRA/DESNZ (2024) GHG Conversion Factors for Company Reporting (full set v1.1; ghg-conversion-factors-2024-full_set__for_advanced_users__v1_1.xlsx); Business travel- land!D63:G63
desnz_travel,DEFRA 2024,motorbike:average,0.11367,kg CO2e per km (vehicle),UK DEFRA/DESNZ (2024) GHG Conversion Factors for Company Reporting (full set v1.1; ghg-conversion-factors-2024-full_set__for_advanced_users__v1_1.xlsx); Business travel- land!D65:G65
desnz_travel,DEFRA 2024,wtt_motorbike:small,0.02148,kg CO2e per km (vehicle),UK DEFRA/DESNZ (2024) GHG Conversion Factors for Company Reporting (full set v1.1; ghg-conversion-factors-2024-full_set__for_advanced_users__v1_1.xlsx); WTT- pass vehs & travel- land!D55
desnz_travel,DEFRA 2024,wtt_motorbike:medium,0.02608,kg CO2e per km (vehicle),UK DEFRA/DESNZ (2024) GHG Conversion Factors for Company Reporting (full set v1.1; ghg-conversion-factors-2024-full_set__for_advanced_users__v1_1.xlsx); WTT- pass vehs & travel- land!D57
desnz_travel,DEFRA 2024,wtt_motorbike:large,0.03469,kg CO2e per km (vehicle),UK DEFRA/DESNZ (2024) GHG Conversion Factors for Company Reporting (full set v1.1; ghg-conversion-factors-2024-full_set__for_advanced_users__v1_1.xlsx); WTT- pass vehs & travel- land!D59
desnz_travel,DEFRA 2024,wtt_motorbike:average,0.02956,kg CO2e per km (vehicle),UK DEFRA/DESNZ (2024) GHG Conversion Factors for Company Reporting (full set v1.1; ghg-conversion-factors-2024-full_set__for_advanced_users__v1_1.xlsx); WTT- pass vehs & travel- land!D61
desnz_travel,DEFRA 2024,taxi:regular:passenger_km,0.14861,kg CO2e per passenger.km,UK DEFRA/DESNZ (2024) GHG Conversion Factors for Company Reporting (full set v1.1; ghg-conversion-factors-2024-full_set__for_advanced_users__v1_1.xlsx); Business travel- land!D71:G71
desnz_travel,DEFRA 2024,taxi:regular:vehicle_km,0.20805,kg CO2e per km (vehicle),UK DEFRA/DESNZ (2024) GHG Conversion Factors for Company Reporting (full set v1.1; ghg-conversion-factors-2024-full_set__for_advanced_users__v1_1.xlsx); Business travel- land!D72:G72
desnz_travel,DEFRA 2024,taxi:black_cab:passenger_km,0.20402,kg CO2e per passenger.km,UK DEFRA/DESNZ (2024) GHG Conversion Factors for Company Reporting (full set v1.1; ghg-conversion-factors-2024-full_set__for_advanced_users__v1_1.xlsx); Business travel- land!D73:G73
desnz_travel,DEFRA 2024,taxi:black_cab:vehicle_km,0.30603,kg CO2e per km (vehicle),UK DEFRA/DESNZ (2024) GHG Conversion Factors for Company Reporting (full set v1.1; ghg-conversion-factors-2024-full_set__for_advanced_users__v1_1.xlsx); Business travel- land!D74:G74
desnz_travel,DEFRA 2024,wtt_taxi:regular:passenger_km,0.03697,kg CO2e per passenger.km,UK DEFRA/DESNZ (2024) GHG Conversion Factors for Company Reporting (full set v1.1; ghg-conversion-factors-2024-full_set__for_advanced_users__v1_1.xlsx); WTT- pass vehs & travel- land!D67
desnz_travel,DEFRA 2024,wtt_taxi:regular:vehicle_km,0.05176,kg CO2e per km (vehicle),UK DEFRA/DESNZ (2024) GHG Conversion Factors for Company Reporting (full set v1.1; ghg-conversion-factors-2024-full_set__for_advanced_users__v1_1.xlsx); WTT- pass vehs & travel- land!D68
desnz_travel,DEFRA 2024,wtt_taxi:black_cab:passenger_km,0.0509,kg CO2e per passenger.km,UK DEFRA/DESNZ (2024) GHG Conversion Factors for Company Reporting (full set v1.1; ghg-conversion-factors-2024-full_set__for_advanced_users__v1_1.xlsx); WTT- pass vehs & travel- land!D69
desnz_travel,DEFRA 2024,wtt_taxi:black_cab:vehicle_km,0.07634,kg CO2e per km (vehicle),UK DEFRA/DESNZ (2024) GHG Conversion Factors for Company Reporting (full set v1.1; ghg-conversion-factors-2024-full_set__for_advanced_users__v1_1.xlsx); WTT- pass vehs & travel- land!D70
desnz_travel,DEFRA 2024,bus:local_not_london,0.12999,kg CO2e per passenger.km,UK DEFRA/DESNZ (2024) GHG Conversion Factors for Company Reporting (full set v1.1; ghg-conversion-factors-2024-full_set__for_advanced_users__v1_1.xlsx); Business travel- land!D79:G79
desnz_travel,DEFRA 2024,bus:local_london,0.07447,kg CO2e per passenger.km,UK DEFRA/DESNZ (2024) GHG Conversion Factors for Company Reporting (full set v1.1; ghg-conversion-factors-2024-full_set__for_advanced_users__v1_1.xlsx); Business travel- land!D80:G80
desnz_travel,DEFRA 2024,bus:average_local,0.10846,kg CO2e per passenger.km,UK DEFRA/DESNZ (2024) GHG Conversion Factors for Company Reporting (full set v1.1; ghg-conversion-factors-2024-full_set__for_advanced_users__v1_1.xlsx); Business travel- land!D81:G81
desnz_travel,DEFRA 2024,bus:coach,0.02717,kg CO2e per passenger.km,UK DEFRA/DESNZ (2024) GHG Conversion Factors for Company Reporting (full set v1.1; ghg-conversion-factors-2024-full_set__for_advanced_users__v1_1.xlsx); Business travel- land!D82:G82
desnz_travel,DEFRA 2024,wtt_bus:local_not_london,0.03174,kg CO2e per passenger.km,UK DEFRA/DESNZ (2024) GHG Conversion Factors for Company Reporting (full set v1.1; ghg-conversion-factors-2024-full_set__for_advanced_users__v1_1.xlsx); WTT- pass vehs & travel- land!D75
desnz_travel,DEFRA 2024,wtt_bus:local_london,0.01821,kg CO2e per passenger.km,UK DEFRA/DESNZ (2024) GHG Conversion Factors for Company Reporting (full set v1.1; ghg-conversion-factors-2024-full_set__for_advanced_users__v1_1.xlsx); WTT- pass vehs & travel- land!D76
desnz_travel,DEFRA 2024,wtt_bus:average_local,0.02649,kg CO2e per passenger.km,UK DEFRA/DESNZ (2024) GHG Conversion Factors for Company Reporting (full set v1.1; ghg-conversion-factors-2024-full_set__for_advanced_users__v1_1.xlsx); WTT- pass vehs & travel- land!D77
desnz_travel,DEFRA 2024,wtt_bus:coach,0.00656,kg CO2e per passenger.km,UK DEFRA/DESNZ (2024) GHG Conversion Factors for Company Reporting (full set v1.1; ghg-conversion-factors-2024-full_set__for_advanced_users__v1_1.xlsx); WTT- pass vehs & travel- land!D78
desnz_travel,DEFRA 2024,homeworking:office_equipment,0.03144,kg CO2e per FTE working hour,UK DEFRA/DESNZ (2024) GHG Conversion Factors for Company Reporting (full set v1.1; ghg-conversion-factors-2024-full_set__for_advanced_users__v1_1.xlsx); Homeworking!C22
desnz_travel,DEFRA 2024,homeworking:heating,0.30234,kg CO2e per FTE working hour,UK DEFRA/DESNZ (2024) GHG Conversion Factors for Company Reporting (full set v1.1; ghg-conversion-factors-2024-full_set__for_advanced_users__v1_1.xlsx); Homeworking!C23
desnz_travel,DEFRA 2024,homeworking:combined,0.33378,kg CO2e per FTE working hour,UK DEFRA/DESNZ (2024) GHG Conversion Factors for Company Reporting (full set v1.1; ghg-conversion-factors-2024-full_set__for_advanced_users__v1_1.xlsx); Homeworking!C24
desnz_waste,DEFRA 2024,Construction:Aggregates:Open-loop,0.98485,kg CO2e per tonne,UK DEFRA/DESNZ (2024) GHG Conversion Factors for Company Reporting (full set v1.1000000000000001; ghg-conversion-factors-2024-full_set__for_advanced_users__v1_1.xlsx); Waste disposal!E24
desnz_waste,DEFRA 2024,Construction:Aggregates:Closed-loop,0.98485,kg CO2e per tonne,UK DEFRA/DESNZ (2024) GHG Conversion Factors for Company Reporting (full set v1.1000000000000001; ghg-conversion-factors-2024-full_set__for_advanced_users__v1_1.xlsx); Waste disposal!F24
desnz_waste,DEFRA 2024,Construction:Aggregates:Landfill,1.23393,kg CO2e per tonne,UK DEFRA/DESNZ (2024) GHG Conversion Factors for Company Reporting (full set v1.1000000000000001; ghg-conversion-factors-2024-full_set__for_advanced_users__v1_1.xlsx); Waste disposal!I24
desnz_waste,DEFRA 2024,Construction:Average construction:Open-loop,0.98485,kg CO2e per tonne,UK DEFRA/DESNZ (2024) GHG Conversion Factors for Company Reporting (full set v1.1000000000000001; ghg-conversion-factors-2024-full_set__for_advanced_users__v1_1.xlsx); Waste disposal!E25
desnz_waste,DEFRA 2024,Construction:Average construction:Closed-loop,0.98485,kg CO2e per tonne,UK DEFRA/DESNZ (2024) GHG Conversion Factors for Company Reporting (full set v1.1000000000000001; ghg-conversion-factors-2024-full_set__for_advanced_users__v1_1.xlsx); Waste disposal!F25
desnz_waste,DEFRA 2024,Construction:Average construction:Combustion,6.41061,kg CO2e per tonne,UK DEFRA/DESNZ (2024) GHG Conversion Factors for Company Reporting (full set v1.1000000000000001; ghg-conversion-factors-2024-full_set__for_advanced_users__v1_1.xlsx); Waste disposal!G25
desnz_waste,DEFRA 2024,Construction:Asbestos:Landfill,5.91325,kg CO2e per tonne,UK DEFRA/DESNZ (2024) GHG Conversion Factors for Company Reporting (full set v1.1000000000000001; ghg-conversion-factors-2024-full_set__for_advanced_users__v1_1.xlsx); Waste disposal!I26
desnz_waste,DEFRA 2024,Construction:Asphalt:Open-loop,0.98485,kg CO2e per tonne,UK DEFRA/DESNZ (2024) GHG Conversion Factors for Company Reporting (full set v1.1000000000000001; ghg-conversion-factors-2024-full_set__for_advanced_users__v1_1.xlsx); Waste disposal!E27
desnz_waste,DEFRA 2024,Construction:Asphalt:Closed-loop,0.98485,kg CO2e per tonne,UK DEFRA/DESNZ (2024) GHG Conversion Factors for Company Reporting (full set v1.1000000000000001; ghg-conversion-factors-2024-full_set__for_advanced_users__v1_1.xlsx); Waste disposal!F27
desnz_waste,DEFRA 2024,Construction:Asphalt:Landfill,1.23393,kg CO2e per tonne,UK DEFRA/DESNZ (2024) GHG Conversion Factors for Company Reporting (full set v1.1000000000000001; ghg-conversion-factors-2024-full_set__for_advanced_users__v1_1.xlsx); Waste disposal!I27
desnz_waste,DEFRA 2024,Construction:Bricks:Open-loop,0.98485,kg CO2e per tonne,UK DEFRA/DESNZ (2024) GHG Conversion Factors for Company Reporting (full set v1.1000000000000001; ghg-conversion-factors-2024-full_set__for_advanced_users__v1_1.xlsx); Waste disposal!E28
desnz_waste,DEFRA 2024,Construction:Bricks:Landfill,1.23393,kg CO2e per tonne,UK DEFRA/DESNZ (2024) GHG Conversion Factors for Company Reporting (full set v1.1000000000000001; ghg-conversion-factors-2024-full_set__for_advanced_users__v1_1.xlsx); Waste disposal!I28
desnz_waste,DEFRA 2024,Construction:Concrete:Open-loop,0.98485,kg CO2e per tonne,UK DEFRA/DESNZ (2024) GHG Conversion Factors for Company Reporting (full set v1.1000000000000001; ghg-conversion-factors-2024-full_set__for_advanced_users__v1_1.xlsx); Waste disposal!E29
desnz_waste,DEFRA 2024,Construction:Concrete:Closed-loop,0.98485,kg CO2e per tonne,UK DEFRA/DESNZ (2024) GHG Conversion Factors for Company Reporting (full set v1.1000000000000001; ghg-conversion-factors-2024-full_set__for_advanced_users__v1_1.xlsx); Waste disposal!F29
desnz_waste,DEFRA 2024,Construction:Concrete:Landfill,1.23393,kg CO2e per tonne,UK DEFRA/DESNZ (2024) GHG Conversion Factors for Company Reporting (full set v1.1000000000000001; ghg-conversion-factors-2024-full_set__for_advanced_users__v1_1.xlsx); Waste disposal!I29
desnz_waste,DEFRA 2024,Construction:Insulation:Closed-loop,0.98485,kg CO2e per tonne,UK DEFRA/DESNZ (2024) GHG Conversion Factors for Company Reporting (full set v1.1000000000000001; ghg-conversion-factors-2024-full_set__for_advanced_users__v1_1.xlsx); Waste disposal!F30
desnz_waste,DEFRA 2024,Construction:Insulation:Landfill,1.23393,kg CO2e per tonne,UK DEFRA/DESNZ (2024) GHG Conversion Factors for Company Reporting (full set v1.1000000000000001; ghg-conversion-factors-2024-full_set__for_advanced_users__v1_1.xlsx); Waste disposal!I30
desnz_waste,DEFRA 2024,Construction:Metals:Closed-loop,0.98485,kg CO2e per tonne,UK DEFRA/DESNZ (2024) GHG Conversion Factors for Company Reporting (full set v1.1000000000000001; ghg-conversion-factors-2024-full_set__for_advanced_users__v1_1.xlsx); Waste disposal!F31
desnz_waste,DEFRA 2024,Construction:Metals:Landfill,1.26435,kg CO2e per tonne,UK DEFRA/DESNZ (2024) GHG Conversion Factors for Company Reporting (full set v1.1000000000000001; ghg-conversion-factors-2024-full_set__for_advanced_users__v1_1.xlsx); Waste disposal!I31
desnz_waste,DEFRA 2024,Construction:Soils:Closed-loop,0.98485,kg CO2e per tonne,UK DEFRA/DESNZ (2024) GHG Conversion Factors for Company Reporting (full set v1.1000000000000001; ghg-conversion-factors-2024-full_set__for_advanced_users__v1_1.xlsx); Waste disposal!F32
desnz_waste,DEFRA 2024,Construction:Soils:Landfill,19.51726,kg CO2e per tonne,UK DEFRA/DESNZ (2024) GHG Conversion Factors for Company Reporting (full set v1.1000000000000001; ghg-conversion-factors-2024-full_set__for_advanced_users__v1_1.xlsx); Waste disposal!I32
desnz_waste,DEFRA 2024,Construction:Mineral oil:Closed-loop,6.41061,kg CO2e per tonne,UK DEFRA/DESNZ (2024) GHG Conversion Factors for Company Reporting (full set v1.1000000000000001; ghg-conversion-factors-2024-full_set__for_advanced_users__v1_1.xlsx); Waste disposal!F33
desnz_waste,DEFRA 2024,Construction:Mineral oil:Combustion,6.41061,kg CO2e per tonne,UK DEFRA/DESNZ (2024) GHG Conversion Factors for Company Reporting (full set v1.1000000000000001; ghg-conversion-factors-2024-full_set__for_advanced_users__v1_1.xlsx); Waste disposal!G33
desnz_waste,DEFRA 2024,Construction:Plasterboard:Closed-loop,6.41061,kg CO2e per tonne,UK DEFRA/DESNZ (2024) GHG Conversion Factors for Company Reporting (full set v1.1000000000000001; ghg-conversion-factors-2024-full_set__for_advanced_users__v1_1.xlsx); Waste disposal!F34
desnz_waste,DEFRA 2024,Construction:Plasterboard:Landfill,71.95,kg CO2e per tonne,UK DEFRA/DESNZ (2024) GHG Conversion Factors for Company Reporting (full set v1.1000000000000001; ghg-conversion-factors-2024-full_set__for_advanced_users__v1_1.xlsx); Waste disposal!I34
desnz_waste,DEFRA 2024,Construction:Tyres:Closed-loop,6.41061,kg CO2e per tonne,UK DEFRA/DESNZ (2024) GHG Conversion Factors for Company Reporting (full set v1.1000000000000001; ghg-conversion-factors-2024-full_set__for_advanced_users__v1_1.xlsx); Waste disposal!F35
desnz_waste,DEFRA 2024,Construction:Wood:Closed-loop,6.41061,kg CO2e per tonne,UK DEFRA/DESNZ (2024) GHG Conversion Factors for Company Reporting (full set v1.1000000000000001; ghg-conversion-factors-2024-full_set__for_advanced_users__v1_1.xlsx); Waste disposal!F36
desnz_waste,DEFRA 2024,Construction:Wood:Combustion,6.41061,kg CO2e per tonne,UK DEFRA/DESNZ (2024) GHG Conversion Factors for Company Reporting (full set v1.1000000000000001; ghg-conversion-factors-2024-full_set__for_advanced_users__v1_1.xlsx); Waste disposal!G36
desnz_waste,DEFRA 2024,Construction:Wood:Composting,8.88386,kg CO2e per tonne,UK DEFRA/DESNZ (2024) GHG Conversion Factors for Company Reporting (full set v1.1000000000000001; ghg-conversion-factors-2024-full_set__for_advanced_users__v1_1.xlsx); Waste disposal!H36
desnz_waste,DEFRA 2024,Construction:Wood:Landfill,925.24423,kg CO2e per tonne,UK DEFRA/DESNZ (2024) GHG Conversion Factors for Company Reporting (full set v1.1000000000000001; ghg-conversion-factors-2024-full_set__for_advanced_users__v1_1.xlsx); Waste disposal!I36
desnz_waste,DEFRA 2024,Other:Books:Closed-loop,6.41061,kg CO2e per tonne,UK DEFRA/DESNZ (2024) GHG Conversion Factors for Company Reporting (full set v1.1000000000000001; ghg-conversion-factors-2024-full_set__for_advanced_users__v1_1.xlsx); Waste disposal!F41
desnz_waste,DEFRA 2024,Other:Books:Combustion,6.41061,kg CO2e per tonne,UK DEFRA/DESNZ (2024) GHG Conversion Factors for Company Reporting (full set v1.1000000000000001; ghg-conversion-factors-2024-full_set__for_advanced_users__v1_1.xlsx); Waste disposal!G41
desnz_waste,DEFRA 2024,Other:Books:Composting,8.88386,kg CO2e per tonne,UK DEFRA/DESNZ (2024) GHG Conversion Factors for Company Reporting (full set v1.1000000000000001; ghg-conversion-factors-2024-full_set__for_advanced_users__v1_1.xlsx); Waste disposal!H41
desnz_waste,DEFRA 2024,Other:Books:Landfill,1164.39015,kg CO2e per tonne,UK DEFRA/DESNZ (2024) GHG Conversion Factors for Company Reporting (full set v1.1000000000000001; ghg-conversion-factors-2024-full_set__for_advanced_users__v1_1.xlsx); Waste disposal!I41
desnz_waste,DEFRA 2024,Other:Glass:Open-loop,6.41061,kg CO2e per tonne,UK DEFRA/DESNZ (2024) GHG Conversion Factors for Company Reporting (full set v1.1000000000000001; ghg-conversion-factors-2024-full_set__for_advanced_users__v1_1.xlsx); Waste disposal!E42
desnz_waste,DEFRA 2024,Other:Glass:Closed-loop,6.41061,kg CO2e per tonne,UK DEFRA/DESNZ (2024) GHG Conversion Factors for Company Reporting (full set v1.1000000000000001; ghg-conversion-factors-2024-full_set__for_advanced_users__v1_1.xlsx); Waste disposal!F42
desnz_waste,DEFRA 2024,Other:Glass:Combustion,6.41061,kg CO2e per tonne,UK DEFRA/DESNZ (2024) GHG Conversion Factors for Company Reporting (full set v1.1000000000000001; ghg-conversion-factors-2024-full_set__for_advanced_users__v1_1.xlsx); Waste disposal!G42
desnz_waste,DEFRA 2024,Other:Glass:Landfill,8.88386,kg CO2e per tonne,UK DEFRA/DESNZ (2024) GHG Conversion Factors for Company Reporting (full set v1.1000000000000001; ghg-conversion-factors-2024-full_set__for_advanced_users__v1_1.xlsx); Waste disposal!I42
desnz_waste,DEFRA 2024,Other:Clothing:Closed-loop,6.41061,kg CO2e per tonne,UK DEFRA/DESNZ (2024) GHG Conversion Factors for Company Reporting (full set v1.1000000000000001; ghg-conversion-factors-2024-full_set__for_advanced_users__v1_1.xlsx); Waste disposal!F43
desnz_waste,DEFRA 2024,Other:Clothing:Combustion,6.41061,kg CO2e per tonne,UK DEFRA/DESNZ (2024) GHG Conversion Factors for Company Reporting (full set v1.1000000000000001; ghg-conversion-factors-2024-full_set__for_advanced_users__v1_1.xlsx); Waste disposal!G43
desnz_waste,DEFRA 2024,Other:Clothing:Landfill,496.68303,kg CO2e per tonne,UK DEFRA/DESNZ (2024) GHG Conversion Factors for Company Reporting (full set v1.1000000000000001; ghg-conversion-factors-2024-full_set__for_advanced_users__v1_1.xlsx); Waste disposal!I43
desnz_waste,DEFRA 2024,Refuse:Household residual waste:Combustion,6.41061,kg CO2e per tonne,UK DEFRA/DESNZ (2024) GHG Conversion Factors for Company Reporting (full set v1.1000000000000001; ghg-conversion-factors-2024-full_set__for_advanced_users__v1_1.xlsx); Waste disposal!G48
desnz_waste,DEFRA 2024,Refuse:Household residual waste:Landfill,497.04416,kg CO2e per tonne,UK DEFRA/DESNZ (2024) GHG Conversion Factors for Company Reporting (full set v1.1000000000000001; ghg-conversion-factors-2024-full_set__for_advanced_users__v1_1.xlsx); Waste disposal!I48
desnz_waste,DEFRA 2024,Refuse:Organic: food and drink waste:Combustion,6.41061,kg CO2e per tonne,UK DEFRA/DESNZ (2024) GHG Conversion Factors for Company Reporting (full set v1.1000000000000001; ghg-conversion-factors-2024-full_set__for_advanced_users__v1_1.xlsx); Waste disposal!G49
desnz_waste,DEFRA 2024,Refuse:Organic: food and drink waste:Composting,8.88386,kg CO2e per tonne,UK DEFRA/DESNZ (2024) GHG Conversion Factors for Company Reporting (full set v1.1000000000000001; ghg-conversion-factors-2024-full_set__for_advanced_users__v1_1.xlsx); Waste disposal!H49
desnz_waste,DEFRA 2024,Refuse:Organic: food and drink waste:Landfill,700.20961,kg CO2e per tonne,UK DEFRA/DESNZ (2024) GHG Conversion Factors for Company Reporting (full set v1.1000000000000001; ghg-conversion-factors-2024-full_set__for_advanced_users__v1_1.xlsx); Waste disposal!I49
desnz_waste,DEFRA 2024,Refuse:Organic: food and drink waste:Anaerobic digestion,8.88386,kg CO2e per tonne,UK DEFRA/DESNZ (2024) GHG Conversion Factors for Company Reporting (full set v1.1000000000000001; ghg-conversion-factors-2024-full_set__for_advanced_users__v1_1.xlsx); Waste disposal!J49
desnz_waste,DEFRA 2024,Refuse:Organic: garden waste:Combustion,6.41061,kg CO2e per tonne,UK DEFRA/DESNZ (2024) GHG Conversion Factors for Company Reporting (full set v1.1000000000000001; ghg-conversion-factors-2024-full_set__for_advanced_users__v1_1.xlsx); Waste disposal!G50
desnz_waste,DEFRA 2024,Refuse:Organic: garden waste:Composting,8.88386,kg CO2e per tonne,UK DEFRA/DESNZ (2024) GHG Conversion Factors for Company Reporting (full set v1.1000000000000001; ghg-conversion-factors-2024-full_set__for_advanced_users__v1_1.xlsx); Waste disposal!H50
desnz_waste,DEFRA 2024,Refuse:Organic: garden waste:Landfill,646.60632,kg CO2e per tonne,UK DEFRA/DESNZ (2024) GHG Conversion Factors for Company Reporting (full set v1.1000000000000001; ghg-conversion-factors-2024-full_set__for_advanced_users__v1_1.xlsx); Waste disposal!I50
desnz_waste,DEFRA 2024,Refuse:Organic: garden waste:Anaerobic digestion,8.88386,kg CO2e per tonne,UK DEFRA/DESNZ (2024) GHG Conversion Factors for Company Reporting (full set v1.1000000000000001; ghg-conversion-factors-2024-full_set__for_advanced_users__v1_1.xlsx); Waste disposal!J50
desnz_waste,DEFRA 2024,Refuse:Organic: mixed food and garden waste:Combustion,6.41061,kg CO2e per tonne,UK DEFRA/DESNZ (2024) GHG Conversion Factors for Company Reporting (full set v1.1000000000000001; ghg-conversion-factors-2024-full_set__for_advanced_users__v1_1.xlsx); Waste disposal!G51
desnz_waste,DEFRA 2024,Refuse:Organic: mixed food and garden waste:Composting,8.88386,kg CO2e per tonne,UK DEFRA/DESNZ (2024) GHG Conversion Factors for Company Reporting (full set v1.1000000000000001; ghg-conversion-factors-2024-full_set__for_advanced_users__v1_1.xlsx); Waste disposal!H51
desnz_waste,DEFRA 2024,Refuse:Organic: mixed food and garden waste:Landfill,655.9869,kg CO2e per tonne,UK DEFRA/DESNZ (2024) GHG Conversion Factors for Company Reporting (full set v1.1000000000000001; ghg-conversion-factors-2024-full_set__for_advanced_users__v1_1.xlsx); Waste disposal!I51
desnz_waste,DEFRA 2024,Refuse:Organic: mixed food and garden waste:Anaerobic digestion,8.88386,kg CO2e per tonne,UK DEFRA/DESNZ (2024) GHG Conversion Factors for Company Reporting (full set v1.1000000000000001; ghg-conversion-factors-2024-full_set__for_advanced_users__v1_1.xlsx); Waste disposal!J51
desnz_waste,DEFRA 2024,Refuse:Commercial and industrial waste:Combustion,6.41061,kg CO2e per tonne,UK DEFRA/DESNZ (2024) GHG Conversion Factors for Company Reporting (full set v1.1000000000000001; ghg-conversion-factors-2024-full_set__for_advanced_users__v1_1.xlsx); Waste disposal!G52
desnz_waste,DEFRA 2024,Refuse:Commercial and industrial waste:Landfill,520.3342,kg CO2e per tonne,UK DEFRA/DESNZ (2024) GHG Conversion Factors for Company Reporting (full set v1.1000000000000001; ghg-conversion-factors-2024-full_set__for_advanced_users__v1_1.xlsx); Waste disposal!I52
desnz_waste,DEFRA 2024,Electrical items:WEEE - fridges and freezers:Open-loop,6.41061,kg CO2e per tonne,UK DEFRA/DESNZ (2024) GHG Conversion Factors for Company Reporting (full set v1.1000000000000001; ghg-conversion-factors-2024-full_set__for_advanced_users__v1_1.xlsx); Waste disposal!E57
desnz_waste,DEFRA 2024,Electrical items:WEEE - fridges and freezers:Landfill,8.88386,kg CO2e per tonne,UK DEFRA/DESNZ (2024) GHG Conversion Factors for Company Reporting (full set v1.1000000000000001; ghg-conversion-factors-2024-full_set__for_advanced_users__v1_1.xlsx); Waste disposal!I57
desnz_waste,DEFRA 2024,Electrical items:WEEE - large:Open-loop,6.41061,kg CO2e per tonne,UK DEFRA/DESNZ (2024) GHG Conversion Factors for Company Reporting (full set v1.1000000000000001; ghg-conversion-factors-2024-full_set__for_advanced_users__v1_1.xlsx); Waste disposal!E58
desnz_waste,DEFRA 2024,Electrical items:WEEE - large:Combustion,6.41061,kg CO2e per tonne,UK DEFRA/DESNZ (2024) GHG Conversion Factors for Company Reporting (full set v1.1000000000000001; ghg-conversion-factors-2024-full_set__for_advanced_users__v1_1.xlsx); Waste disposal!G58
desnz_waste,DEFRA 2024,Electrical items:WEEE - large:Landfill,8.88386,kg CO2e per tonne,UK DEFRA/DESNZ (2024) GHG Conversion Factors for Company Reporting (full set v1.1000000000000001; ghg-conversion-factors-2024-full_set__for_advanced_users__v1_1.xlsx); Waste disposal!I58
desnz_waste,DEFRA 2024,Electrical items:WEEE - mixed:Open-loop,6.41061,kg CO2e per tonne,UK DEFRA/DESNZ (2024) GHG Conversion Factors for Company Reporting (full set v1.1000000000000001; ghg-conversion-factors-2024-full_set__for_advanced_users__v1_1.xlsx); Waste disposal!E59
desnz_waste,DEFRA 2024,Electrical items:WEEE - mixed:Combustion,6.41061,kg CO2e per tonne,UK DEFRA/DESNZ (2024) GHG Conversion Factors for Company Reporting (full set v1.1000000000000001; ghg-conversion-factors-2024-full_set__for_advanced_users__v1_1.xlsx); Waste disposal!G59
desnz_waste,DEFRA 2024,Electrical items:WEEE - mixed:Landfill,8.88386,kg CO2e per tonne,UK DEFRA/DESNZ (2024) GHG Conversion Factors for Company Reporting (full set v1.1000000000000001; ghg-conversion-factors-2024-full_set__for_advanced_users__v1_1.xlsx); Waste disposal!I59
desnz_waste,DEFRA 2024,Electrical items:WEEE - small:Open-loop,6.41061,kg CO2e per tonne,UK DEFRA/DESNZ (2024) GHG Conversion Factors for Company Reporting (full set v1.1000000000000001; ghg-conversion-factors-2024-full_set__for_advanced_users__v1_1.xlsx); Waste disposal!E60
desnz_waste,DEFRA 2024,Electrical items:WEEE - small:Combustion,6.41061,kg CO2e per tonne,UK DEFRA/DESNZ (2024) GHG Conversion Factors for Company Reporting (full set v1.1000000000000001; ghg-conversion-factors-2024-full_set__for_advanced_users__v1_1.xlsx); Waste disposal!G60
desnz_waste,DEFRA 2024,Electrical items:WEEE - small:Landfill,8.88386,kg CO2e per tonne,UK DEFRA/DESNZ (2024) GHG Conversion Factors for Company Reporting (full set v1.1000000000000001; ghg-conversion-factors-2024-full_set__for_advanced_users__v1_1.xlsx); Waste disposal!I60
desnz_waste,DEFRA 2024,Electrical items:Batteries:Open-loop,6.41061,kg CO2e per tonne,UK DEFRA/DESNZ (2024) GHG Conversion Factors for Company Reporting (full set v1.1000000000000001; ghg-conversion-factors-2024-full_set__for_advanced_users__v1_1.xlsx); Waste disposal!E61
desnz_waste,DEFRA 2024,Electrical items:Batteries:Landfill,8.88386,kg CO2e per tonne,UK DEFRA/DESNZ (2024) GHG Conversion Factors for Company Reporting (full set v1.1000000000000001; ghg-conversion-factors-2024-full_set__for_advanced_users__v1_1.xlsx); Waste disposal!I61
desnz_waste,DEFRA 2024,Metal:Metal: aluminium cans and foil (excl. forming):Open-loop,6.41061,kg CO2e per tonne,UK DEFRA/DESNZ (2024) GHG Conversion Factors for Company Reporting (full set v1.1000000000000001; ghg-conversion-factors-2024-full_set__for_advanced_users__v1_1.xlsx); Waste disposal!E66
desnz_waste,DEFRA 2024,Metal:Metal: aluminium cans and foil (excl. forming):Closed-loop,6.41061,kg CO2e per tonne,UK DEFRA/DESNZ (2024) GHG Conversion Factors for Company Reporting (full set v1.1000000000000001; ghg-conversion-factors-2024-full_set__for_advanced_users__v1_1.xlsx); Waste disposal!F66
desnz_waste,DEFRA 2024,Metal:Metal: aluminium cans and foil (excl. forming):Combustion,6.41061,kg CO2e per tonne,UK DEFRA/DESNZ (2024) GHG Conversion Factors for Company Reporting (full set v1.1000000000000001; ghg-conversion-factors-2024-full_set__for_advanced_users__v1_1.xlsx); Waste disposal!G66
desnz_waste,DEFRA 2024,Metal:Metal: aluminium cans and foil (excl. forming):Landfill,8.88386,kg CO2e per tonne,UK DEFRA/DESNZ (2024) GHG Conversion Factors for Company Reporting (full set v1.1000000000000001; ghg-conversion-factors-2024-full_set__for_advanced_users__v1_1.xlsx); Waste disposal!I66
desnz_waste,DEFRA 2024,Metal:Metal: mixed cans:Open-loop,6.41061,kg CO2e per tonne,UK DEFRA/DESNZ (2024) GHG Conversion Factors for Company Reporting (full set v1.1000000000000001; ghg-conversion-factors-2024-full_set__for_advanced_users__v1_1.xlsx); Waste disposal!E67
desnz_waste,DEFRA 2024,Metal:Metal: mixed cans:Closed-loop,6.41061,kg CO2e per tonne,UK DEFRA/DESNZ (2024) GHG Conversion Factors for Company Reporting (full set v1.1000000000000001; ghg-conversion-factors-2024-full_set__for_advanced_users__v1_1.xlsx); Waste disposal!F67
desnz_waste,DEFRA 2024,Metal:Metal: mixed cans:Combustion,6.41061,kg CO2e per tonne,UK DEFRA/DESNZ (2024) GHG Conversion Factors for Company Reporting (full set v1.1000000000000001; ghg-conversion-factors-2024-full_set__for_advanced_users__v1_1.xlsx); Waste disposal!G67
desnz_waste,DEFRA 2024,Metal:Metal: mixed cans:Landfill,8.88386,kg CO2e per tonne,UK DEFRA/DESNZ (2024) GHG Conversion Factors for Company Reporting (full set v1.1000000000000001; ghg-conversion-factors-2024-full_set__for_advanced_users__v1_1.xlsx); Waste disposal!I67
desnz_waste,DEFRA 2024,Metal:Metal: scrap metal:Open-loop,6.41061,kg CO2e per tonne,UK DEFRA/DESNZ (2024) GHG Conversion Factors for Company Reporting (full set v1.1000000000000001; ghg-conversion-factors-2024-full_set__for_advanced_users__v1_1.xlsx); Waste disposal!E68
desnz_waste,DEFRA 2024,Metal:Metal: scrap metal:Closed-loop,6.41061,kg CO2e per tonne,UK DEFRA/DESNZ (2024) GHG Conversion Factors for Company Reporting (full set v1.1000000000000001; ghg-conversion-factors-2024-full_set__for_advanced_users__v1_1.xlsx); Waste disposal!F68
desnz_waste,DEFRA 2024,Metal:Metal: scrap metal:Combustion,6.41061,kg CO2e per tonne,UK DEFRA/DESNZ (2024) GHG Conversion Factors for Company Reporting (full set v1.1000000000000001; ghg-conversion-factors-2024-full_set__for_advanced_users__v1_1.xlsx); Waste disposal!G68
desnz_waste,DEFRA 2024,Metal:Metal: scrap metal:Landfill,8.88386,kg CO2e per tonne,UK DEFRA/DESNZ (2024) GHG Conversion Factors for Company Reporting (full set v1.1000000000000001; ghg-conversion-factors-2024-full_set__for_advanced_users__v1_1.xlsx); Waste disposal!I68
desnz_waste,DEFRA 2024,Metal:Metal: steel cans:Open-loop,6.41061,kg CO2e per tonne,UK DEFRA/DESNZ (2024) GHG Conversion Factors for Company Reporting (full set v1.1000000000000001; ghg-conversion-factors-2024-full_set__for_advanced_users__v1_1.xlsx); Waste disposal!E69
desnz_waste,DEFRA 2024,Metal:Metal: steel cans:Closed-loop,6.41061,kg CO2e per tonne,UK DEFRA/DESNZ (2024) GHG Conversion Factors for Company Reporting (full set v1.1000000000000001; ghg-conversion-factors-2024-full_set__for_advanced_users__v1_1.xlsx); Waste disposal!F69
desnz_waste,DEFRA 2024,Metal:Metal: steel cans:Combustion,6.41061,kg CO2e per tonne,UK DEFRA/DESNZ (2024) GHG Conversion Factors for Company Reporting (full set v1.1000000000000001; ghg-conversion-factors-2024-full_set__for_advanced_users__v1_1.xlsx); Waste disposal!G69
desnz_waste,DEFRA 2024,Metal:Metal: steel cans:Landfill,8.88386,kg CO2e per tonne,UK DEFRA/DESNZ (2024) GHG Conversion Factors for Company Reporting (full set v1.1000000000000001; ghg-conversion-factors-2024-full_set__for_advanced_users__v1_1.xlsx); Waste disposal!I69
desnz_waste,DEFRA 2024,Plastic:Plastics: average plastics:Open-loop,6.41061,kg CO2e per tonne,UK DEFRA/DESNZ (2024) GHG Conversion Factors for Company Reporting (full set v1.1000000000000001; ghg-conversion-factors-2024-full_set__for_advanced_users__v1_1.xlsx); Waste disposal!E74
desnz_waste,DEFRA 2024,Plastic:Plastics: average plastics:Closed-loop,6.41061,kg CO2e per tonne,UK DEFRA/DESNZ (2024) GHG Conversion Factors for Company Reporting (full set v1.1000000000000001; ghg-conversion-factors-2024-full_set__for_advanced_users__v1_1.xlsx); Waste disposal!F74
desnz_waste,DEFRA 2024,Plastic:Plastics: average plastics:Combustion,6.41061,kg CO2e per tonne,UK DEFRA/DESNZ (2024) GHG Conversion Factors for Company Reporting (full set v1.1000000000000001; ghg-conversion-factors-2024-full_set__for_advanced_users__v1_1.xlsx); Waste disposal!G74
desnz_waste,DEFRA 2024,Plastic:Plastics: average plastics:Landfill,8.88386,kg CO2e per tonne,UK DEFRA/DESNZ (2024) GHG Conversion Factors for Company Reporting (full set v1.1000000000000001; ghg-conversion-factors-2024-full_set__for_advanced_users__v1_1.xlsx); Waste disposal!I74
desnz_waste,DEFRA 2024,Plastic:Plastics: average plastic film:Open-loop,6.41061,kg CO2e per tonne,UK DEFRA/DESNZ (2024) GHG Conversion Factors for Company Reporting (full set v1.1000000000000001; ghg-conversion-factors-2024-full_set__for_advanced_users__v1_1.xlsx); Waste disposal!E75
desnz_waste,DEFRA 2024,Plastic:Plastics: average plastic film:Closed-loop,6.41061,kg CO2e per tonne,UK DEFRA/DESNZ (2024) GHG Conversion Factors for Company Reporting (full set v1.1000000000000001; ghg-conversion-factors-2024-full_set__for_advanced_users__v1_1.xlsx); Waste disposal!F75
desnz_waste,DEFRA 2024,Plastic:Plastics: average plastic film:Combustion,6.41061,kg CO2e per tonne,UK DEFRA/DESNZ (2024) GHG Conversion Factors for Company Reporting (full set v1.1000000000000001; ghg-conversion-factors-2024-full_set__for_advanced_users__v1_1.xlsx); Waste disposal!G75
desnz_waste,DEFRA 2024,Plastic:Plastics: average plastic film:Landfill,8.88386,kg CO2e per tonne,UK DEFRA/DESNZ (2024) GHG Conversion Factors for Company Reporting (full set v1.1000000000000001; ghg-conversion-factors-2024-full_set__for_advanced_users__v1_1.xlsx); Waste disposal!I75
desnz_waste,DEFRA 2024,Plastic:Plastics: average plastic rigid:Open-loop,6.41061,kg CO2e per tonne,UK DEFRA/DESNZ (2024) GHG Conversion Factors for Company Reporting (full set v1.1000000000000001; ghg-conversion-factors-2024-full_set__for_advanced_users__v1_1.xlsx); Waste disposal!E76
desnz_waste,DEFRA 2024,Plastic:Plastics: average plastic rigid:Closed-loop,6.41061,kg CO2e per tonne,UK DEFRA/DESNZ (2024) GHG Conversion Factors for Company Reporting (full set v1.1000000000000001; ghg-conversion-factors-2024-full_set__for_advanced_users__v1_1.xlsx); Waste disposal!F76
desnz_waste,DEFRA 2024,Plastic:Plastics: average plastic rigid:Combustion,6.41061,kg CO2e per tonne,UK DEFRA/DESNZ (2024) GHG Conversion Factors for Company Reporting (full set v1.1000000000000001; ghg-conversion-factors-2024-full_set__for_advanced_users__v1_1.xlsx); Waste disposal!G76
desnz_waste,DEFRA 2024,Plastic:Plastics: average plastic rigid:Landfill,8.88386,kg CO2e per tonne,UK DEFRA/DESNZ (2024) GHG Conversion Factors for Company Reporting (full set v1.1000000000000001; ghg-conversion-factors-2024-full_set__for_advanced_users__v1_1.xlsx); Waste disposal!I76
desnz_waste,DEFRA 2024,Plastic:Plastics: HDPE (incl. forming):Open-loop,6.41061,kg CO2e per tonne,UK DEFRA/DESNZ (2024) GHG Conversion Factors for Company Reporting (full set v1.1000000000000001; ghg-conversion-factors-2024-full_set__for_advanced_users__v1_1.xlsx); Waste disposal!E77
desnz_waste,DEFRA 2024,Plastic:Plastics: HDPE (incl. forming):Closed-loop,6.41061,kg CO2e per tonne,UK DEFRA/DESNZ (2024) GHG Conversion Factors for Company Reporting (full set v1.1000000000000001; ghg-conversion-factors-2024-full_set__for_advanced_users__v1_1.xlsx); Waste disposal!F77
desnz_waste,DEFRA 2024,Plastic:Plastics: HDPE (incl. forming):Combustion,6.41061,kg CO2e per tonne,UK DEFRA/DESNZ (2024) GHG Conversion Factors for Company Reporting (full set v1.1000000000000001; ghg-conversion-factors-2024-full_set__for_advanced_users__v1_1.xlsx); Waste disposal!G77
desnz_waste,DEFRA 2024,Plastic:Plastics: HDPE (incl. forming):Landfill,8.88386,kg CO2e per tonne,UK DEFRA/DESNZ (2024) GHG Conversion Factors for Company Reporting (full set v1.1000000000000001; ghg-conversion-factors-2024-full_set__for_advanced_users__v1_1.xlsx); Waste disposal!I77
desnz_waste,DEFRA 2024,Plastic:Plastics: LDPE and LLDPE (incl. forming):Open-loop,6.41061,kg CO2e per tonne,UK DEFRA/DESNZ (2024) GHG Conversion Factors for Company Reporting (full set v1.1000000000000001; ghg-conversion-factors-2024-full_set__for_advanced_users__v1_1.xlsx); Waste disposal!E78
desnz_waste,DEFRA 2024,Plastic:Plastics: LDPE and LLDPE (incl. forming):Closed-loop,6.41061,kg CO2e per tonne,UK DEFRA/DESNZ (2024) GHG Conversion Factors for Company Reporting (full set v1.1000000000000001; ghg-conversion-factors-2024-full_set__for_advanced_users__v1_1.xlsx); Waste disposal!F78
desnz_waste,DEFRA 2024,Plastic:Plastics: LDPE and LLDPE (incl. forming):Combustion,6.41061,kg CO2e per tonne,UK DEFRA/DESNZ (2024) GHG Conversion Factors for Company Reporting (full set v1.1000000000000001; ghg-conversion-factors-2024-full_set__for_advanced_users__v1_1.xlsx); Waste disposal!G78
desnz_waste,DEFRA 2024,Plastic:Plastics: LDPE and LLDPE (incl. forming):Landfill,8.88386,kg CO2e per tonne,UK DEFRA/DESNZ (2024) GHG Conversion Factors for Company Reporting (full set v1.1000000000000001; ghg-conversion-factors-2024-full_set__for_advanced_users__v1_1.xlsx); Waste disposal!I78
desnz_waste,DEFRA 2024,Plastic:Plastics: PET (incl. forming):Open-loop,6.41061,kg CO2e per tonne,UK DEFRA/DESNZ (2024) GHG Conversion Factors for Company Reporting (full set v1.1000000000000001; ghg-conversion-factors-2024-full_set__for_advanced_users__v1_1.xlsx); Waste disposal!E79
desnz_waste,DEFRA 2024,Plastic:Plastics: PET (incl. forming):Closed-loop,6.41061,kg CO2e per tonne,UK DEFRA/DESNZ (2024) GHG Conversion Factors for Company Reporting (full set v1.1000000000000001; ghg-conversion-factors-2024-full_set__for_advanced_users__v1_1.xlsx); Waste disposal!F79
desnz_waste,DEFRA 2024,Plastic:Plastics: PET (incl. forming):Combustion,6.41061,kg CO2e per tonne,UK DEFRA/DESNZ (2024) GHG Conversion Factors for Company Reporting (full set v1.1000000000000001; ghg-conversion-factors-2024-full_set__for_advanced_users__v1_1.xlsx); Waste disposal!G79
desnz_waste,DEFRA 2024,Plastic:Plastics: PET (incl. forming):Landfill,8.88386,kg CO2e per tonne,UK DEFRA/DESNZ (2024) GHG Conversion Factors for Company Reporting (full set v1.1000000000000001; ghg-conversion-factors-2024-full_set__for_advanced_users__v1_1.xlsx); Waste disposal!I79
desnz_waste,DEFRA 2024,Plastic:Plastics: PP (incl. forming):Open-loop,6.41061,kg CO2e per tonne,UK DEFRA/DESNZ (2024) GHG Conversion Factors for Company Reporting (full set v1.1000000000000001; ghg-conversion-factors-2024-full_set__for_advanced_users__v1_1.xlsx); Waste disposal!E80
desnz_waste,DEFRA 2024,Plastic:Plastics: PP (incl. forming):Closed-loop,6.41061,kg CO2e per tonne,UK DEFRA/DESNZ (2024) GHG Conversion Factors for Company Reporting (full set v1.1000000000000001; ghg-conversion-factors-2024-full_set__for_advanced_users__v1_1.xlsx); Waste disposal!F80
desnz_waste,DEFRA 2024,Plastic:Plastics: PP (incl. forming):Combustion,6.41061,kg CO2e per tonne,UK DEFRA/DESNZ (2024) GHG Conversion Factors for Company Reporting (full set v1.1000000000000001; ghg-conversion-factors-2024-full_set__for_advanced_users__v1_1.xlsx); Waste disposal!G80
desnz_waste,DEFRA 2024,Plastic:Plastics: PP (incl. forming):Landfill,8.88386,kg CO2e per tonne,UK DEFRA/DESNZ (2024) GHG Conversion Factors for Company Reporting (full set v1.1000000000000001; ghg-conversion-factors-2024-full_set__for_advanced_users__v1_1.xlsx); Waste disposal!I80
desnz_waste,DEFRA 2024,Plastic:Plastics: PS (incl. forming):Open-loop,6.41061,kg CO2e per tonne,UK DEFRA/DESNZ (2024) GHG Conversion Factors for Company Reporting (full set v1.1000000000000001; ghg-conversion-factors-2024-full_set__for_advanced_users__v1_1.xlsx); Waste disposal!E81
desnz_waste,DEFRA 2024,Plastic:Plastics: PS (incl. forming):Closed-loop,6.41061,kg CO2e per tonne,UK DEFRA/DESNZ (2024) GHG Conversion Factors for Company Reporting (full set v1.1000000000000001; ghg-conversion-factors-2024-full_set__for_advanced_users__v1_1.xlsx); Waste disposal!F81
desnz_waste,DEFRA 2024,Plastic:Plastics: PS (incl. forming):Combustion,6.41061,kg CO2e per tonne,UK DEFRA/DESNZ (2024) GHG Conversion Factors for Company Reporting (full set v1.1000000000000001; ghg-conversion-factors-2024-full_set__for_advanced_users__v1_1.xlsx); Waste disposal!G81
desnz_waste,DEFRA 2024,Plastic:Plastics: PS (incl. forming):Landfill,8.88386,kg CO2e per tonne,UK DEFRA/DESNZ (2024) GHG Conversion Factors for Company Reporting (full set v1.1000000000000001; ghg-conversion-factors-2024-full_set__for_advanced_users__v1_1.xlsx); Waste disposal!I81
desnz_waste,DEFRA 2024,Plastic:Plastics: PVC (incl. forming):Open-loop,6.41061,kg CO2e per tonne,UK DEFRA/DESNZ (2024) GHG Conversion Factors for Company Reporting (full set v1.1000000000000001; ghg-conversion-factors-2024-full_set__for_advanced_users__v1_1.xlsx); Waste disposal!E82
desnz_waste,DEFRA 2024,Plastic:Plastics: PVC (incl. forming):Closed-loop,6.41061,kg CO2e per tonne,UK DEFRA/DESNZ (2024) GHG Conversion Factors for Company Reporting (full set v1.1000000000000001; ghg-conversion-factors-2024-full_set__for_advanced_users__v1_1.xlsx); Waste disposal!F82
desnz_waste,DEFRA 2024,Plastic:Plastics: PVC (incl. forming):Combustion,6.41061,kg CO2e per tonne,UK DEFRA/DESNZ (2024) GHG Conversion Factors for Company Reporting (full set v1.1000000000000001; ghg-conversion-factors-2024-full_set__for_advanced_users__v1_1.xlsx); Waste disposal!G82
desnz_waste,DEFRA 2024,Plastic:Plastics: PVC (incl. forming):Landfill,8.88386,kg CO2e per tonne,UK DEFRA/DESNZ (2024) GHG Conversion Factors for Company Reporting (full set v1.1000000000000001; ghg-conversion-factors-2024-full_set__for_advanced_users__v1_1.xlsx); Waste disposal!I82
desnz_waste,DEFRA 2024,Paper:Paper and board: board:Closed-loop,6.41061,kg CO2e per tonne,UK DEFRA/DESNZ (2024) GHG Conversion Factors for Company Reporting (full set v1.1000000000000001; ghg-conversion-factors-2024-full_set__for_advanced_users__v1_1.xlsx); Waste disposal!F87
desnz_waste,DEFRA 2024,Paper:Paper and board: board:Combustion,6.41061,kg CO2e per tonne,UK DEFRA/DESNZ (2024) GHG Conversion Factors for Company Reporting (full set v1.1000000000000001; ghg-conversion-factors-2024-full_set__for_advanced_users__v1_1.xlsx); Waste disposal!G87
desnz_waste,DEFRA 2024,Paper:Paper and board: board:Composting,8.88386,kg CO2e per tonne,UK DEFRA/DESNZ (2024) GHG Conversion Factors for Company Reporting (full set v1.1000000000000001; ghg-conversion-factors-2024-full_set__for_advanced_users__v1_1.xlsx); Waste disposal!H87
desnz_waste,DEFRA 2024,Paper:Paper and board: board:Landfill,1164.39015,kg CO2e per tonne,UK DEFRA/DESNZ (2024) GHG Conversion Factors for Company Reporting (full set v1.1000000000000001; ghg-conversion-factors-2024-full_set__for_advanced_users__v1_1.xlsx); Waste disposal!I87
desnz_waste,DEFRA 2024,Paper:Paper and board: mixed:Closed-loop,6.41061,kg CO2e per tonne,UK DEFRA/DESNZ (2024) GHG Conversion Factors for Company Reporting (full set v1.1000000000000001; ghg-conversion-factors-2024-full_set__for_advanced_users__v1_1.xlsx); Waste disposal!F88
desnz_waste,DEFRA 2024,Paper:Paper and board: mixed:Combustion,6.41061,kg CO2e per tonne,UK DEFRA/DESNZ (2024) GHG Conversion Factors for Company Reporting (full set v1.1000000000000001; ghg-conversion-factors-2024-full_set__for_advanced_users__v1_1.xlsx); Waste disposal!G88
desnz_waste,DEFRA 2024,Paper:Paper and board: mixed:Composting,8.88386,kg CO2e per tonne,UK DEFRA/DESNZ (2024) GHG Conversion Factors for Company Reporting (full set v1.1000000000000001; ghg-conversion-factors-2024-full_set__for_advanced_users__v1_1.xlsx); Waste disposal!H88
desnz_waste,DEFRA 2024,Paper:Paper and board: mixed:Landfill,1164.39015,kg CO2e per tonne,UK DEFRA/DESNZ (2024) GHG Conversion Factors for Company Reporting (full set v1.1000000000000001; ghg-conversion-factors-2024-full_set__for_advanced_users__v1_1.xlsx); Waste disposal!I88
desnz_waste,DEFRA 2024,Paper:Paper and board: paper:Closed-loop,6.41061,kg CO2e per tonne,UK DEFRA/DESNZ (2024) GHG Conversion Factors for Company Reporting (full set v1.1000000000000001; ghg-conversion-factors-2024-full_set__for_advanced_users__v1_1.xlsx); Waste disposal!F89
desnz_waste,DEFRA 2024,Paper:Paper and board: paper:Combustion,6.41061,kg CO2e per tonne,UK DEFRA/DESNZ (2024) GHG Conversion Factors for Company Reporting (full set v1.1000000000000001; ghg-conversion-factors-2024-full_set__for_advanced_users__v1_1.xlsx); Waste disposal!G89
desnz_waste,DEFRA 2024,Paper:Paper and board: paper:Composting,8.88386,kg CO2e per tonne,UK DEFRA/DESNZ (2024) GHG Conversion Factors for Company Reporting (full set v1.1000000000000001; ghg-conversion-factors-2024-full_set__for_advanced_users__v1_1.xlsx); Waste disposal!H89
desnz_waste,DEFRA 2024,Paper:Paper and board: paper:Landfill,1164.39015,kg CO2e per tonne,UK DEFRA/DESNZ (2024) GHG Conversion Factors for Company Reporting (full set v1.1000000000000001; ghg-conversion-factors-2024-full_set__for_advanced_users__v1_1.xlsx); Waste disposal!I89
desnz_travel,DEFRA 2025,air:domestic:average_passenger:with_rf,0.22928,kg CO2e per passenger.km,UK DEFRA/DESNZ (2025) GHG Conversion Factors for Company Reporting (full set v1; ghg-conversion-factors-2025-full-set.xlsx); Business travel- air!E23:H23
desnz_travel,DEFRA 2025,air:domestic:average_passenger:without_rf,0.13552,kg CO2e per passenger.km,UK DEFRA/DESNZ (2025) GHG Conversion Factors for Company Reporting (full set v1; ghg-conversion-factors-2025-full-set.xlsx); Business travel- air!I23:L23
desnz_travel,DEFRA 2025,air:short_haul:average_passenger:with_rf,0.12786,kg CO2e per passenger.km,UK DEFRA/DESNZ (2025) GHG Conversion Factors for Company Reporting (full set v1; ghg-conversion-factors-2025-full-set.xlsx); Business travel- air!E24:H24
desnz_travel,DEFRA 2025,air:short_haul:average_passenger:without_rf,0.07559,kg CO2e per passenger.km,UK DEFRA/DESNZ (2025) GHG Conversion Factors for Company Reporting (full set v1; ghg-conversion-factors-2025-full-set.xlsx); Business travel- air!I24:L24
desnz_travel,DEFRA 2025,air:short_haul:economy:with_rf,0.12576,kg CO2e per passenger.km,UK DEFRA/DESNZ (2025) GHG Conversion Factors for Company Reporting (full set v1; ghg-conversion-factors-2025-full-set.xlsx); Business travel- air!E25:H25
desnz_travel,DEFRA 2025,air:short_haul:economy:without_rf,0.07435,kg CO2e per passenger.km,UK DEFRA/DESNZ (2025) GHG Conversion Factors for Company Reporting (full set v1; ghg-conversion-factors-2025-full-set.xlsx); Business travel- air!I25:L25
desnz_travel,DEFRA 2025,air:short_haul:business:with_rf,0.18863,kg CO2e per passenger.km,UK DEFRA/DESNZ (2025) GHG Conversion Factors for Company Reporting (full set v1; ghg-conversion-factors-2025-full-set.xlsx); Business travel- air!E26:H26
desnz_travel,DEFRA 2025,air:short_haul:business:without_rf,0.11152,kg CO2e per passenger.km,UK DEFRA/DESNZ (2025) GHG Conversion Factors for Company Reporting (full set v1; ghg-conversion-factors-2025-full-set.xlsx); Business travel- air!I26:L26
desnz_travel,DEFRA 2025,air:long_haul:average_passenger:with_rf,0.15282,kg CO2e per passenger.km,UK DEFRA/DESNZ (2025) GHG Conversion Factors for Company Reporting (full set v1; ghg-conversion-factors-2025-full-set.xlsx); Business travel- air!E27:H27
desnz_travel,DEFRA 2025,air:long_haul:average_passenger:without_rf,0.09043,kg CO2e per passenger.km,UK DEFRA/DESNZ (2025) GHG Conversion Factors for Company Reporting (full set v1; ghg-conversion-factors-2025-full-set.xlsx); Business travel- air!I27:L27
desnz_travel,DEFRA 2025,air:long_haul:economy:with_rf,0.11704,kg CO2e per passenger.km,UK DEFRA/DESNZ (2025) GHG Conversion Factors for Company Reporting (full set v1; ghg-conversion-factors-2025-full-set.xlsx); Business travel- air!E28:H28
desnz_travel,DEFRA 2025,air:long_haul:economy:without_rf,0.06926,kg CO2e per passenger.km,UK DEFRA/DESNZ (2025) GHG Conversion Factors for Company Reporting (full set v1; ghg-conversion-factors-2025-full-set.xlsx); Business travel- air!I28:L28
desnz_travel,DEFRA 2025,air:long_haul:premium_economy:with_rf,0.18726,kg CO2e per passenger.km,UK DEFRA/DESNZ (2025) GHG Conversion Factors for Company Reporting (full set v1; ghg-conversion-factors-2025-full-set.xlsx); Business travel- air!E29:H29
desnz_travel,DEFRA 2025,air:long_haul:premium_economy:without_rf,0.11081,kg CO2e per passenger.km,UK DEFRA/DESNZ (2025) GHG Conversion Factors for Company Reporting (full set v1; ghg-conversion-factors-2025-full-set.xlsx); Business travel- air!I29:L29
desnz_travel,DEFRA 2025,air:long_haul:business:with_rf,0.3394,kg CO2e per passenger.km,UK DEFRA/DESNZ (2025) GHG Conversion Factors for Company Reporting (full set v1; ghg-conversion-factors-2025-full-set.xlsx); Business travel- air!E30:H30
desnz_travel,DEFRA 2025,air:long_haul:business:without_rf,0.20083,kg CO2e per passenger.km,UK DEFRA/DESNZ (2025) GHG Conversion Factors for Company Reporting (full set v1; ghg-conversion-factors-2025-full-set.xlsx); Business travel- air!I30:L30
desnz_travel,DEFRA 2025,air:long_haul:first:with_rf,0.46814,kg CO2e per passenger.km,UK DEFRA/DESNZ (2025) GHG Conversion Factors for Company Reporting (full set v1; ghg-conversion-factors-2025-full-set.xlsx); Business travel- air!E31:H31
desnz_travel,DEFRA 2025,air:long_haul:first:without_rf,0.27701,kg CO2e per passenger.km,UK DEFRA/DESNZ (2025) GHG Conversion Factors for Company Reporting (full set v1; ghg-conversion-factors-2025-full-set.xlsx); Business travel- air!I31:L31
desnz_travel,DEFRA 2025,air:international_non_uk:average_passenger:with_rf,0.14253,kg CO2e per passenger.km,UK DEFRA/DESNZ (2025) GHG Conversion Factors for Company Reporting (full set v1; ghg-conversion-factors-2025-full-set.xlsx); Business travel- air!E32:H32
desnz_travel,DEFRA 2025,air:international_non_uk:average_passenger:without_rf,0.0842,kg CO2e per passenger.km,UK DEFRA/DESNZ (2025) GHG Conversion Factors for Company Reporting (full set v1; ghg-conversion-factors-2025-full-set.xlsx); Business travel- air!I32:L32
desnz_travel,DEFRA 2025,air:international_non_uk:economy:with_rf,0.10916,kg CO2e per passenger.km,UK DEFRA/DESNZ (2025) GHG Conversion Factors for Company Reporting (full set v1; ghg-conversion-factors-2025-full-set.xlsx); Business travel- air!E33:H33
desnz_travel,DEFRA 2025,air:international_non_uk:economy:without_rf,0.06449,kg CO2e per passenger.km,UK DEFRA/DESNZ (2025) GHG Conversion Factors for Company Reporting (full set v1; ghg-conversion-factors-2025-full-set.xlsx); Business travel- air!I33:L33
desnz_travel,DEFRA 2025,air:international_non_uk:premium_economy:with_rf,0.17465,kg CO2e per passenger.km,UK DEFRA/DESNZ (2025) GHG Conversion Factors for Company Reporting (full set v1; ghg-conversion-factors-2025-full-set.xlsx); Business travel- air!E34:H34
desnz_travel,DEFRA 2025,air:international_non_uk:premium_economy:without_rf,0.10318,kg CO2e per passenger.km,UK DEFRA/DESNZ (2025) GHG Conversion Factors for Company Reporting (full set v1; ghg-conversion-factors-2025-full-set.xlsx); Business travel- air!I34:L34
desnz_travel,DEFRA 2025,air:international_non_uk:business:with_rf,0.31656,kg CO2e per passenger.km,UK DEFRA/DESNZ (2025) GHG Conversion Factors for Company Reporting (full set v1; ghg-conversion-factors-2025-full-set.xlsx); Business travel- air!E35:H35
desnz_travel,DEFRA 2025,air:international_non_uk:business:without_rf,0.18701,kg CO2e per passenger.km,UK DEFRA/DESNZ (2025) GHG Conversion Factors for Company Reporting (full set v1; ghg-conversion-factors-2025-full-set.xlsx); Business travel- air!I35:L35
desnz_travel,DEFRA 2025,air:international_non_uk:first:with_rf,0.43663,kg CO2e per passenger.km,UK DEFRA/DESNZ (2025) GHG Conversion Factors for Company Reporting (full set v1; ghg-conversion-factors-2025-full-set.xlsx); Business travel- air!E36:H36
desnz_travel,DEFRA 2025,air:international_non_uk:first:without_rf,0.25794,kg CO2e per passenger.km,UK DEFRA/DESNZ (2025) GHG Conversion Factors for Company Reporting (full set v1; ghg-conversion-factors-2025-full-set.xlsx); Business travel- air!I36:L36
desnz_travel,DEFRA 2025,wtt_air:domestic:average_passenger,0.0335,kg CO2e per passenger.km,UK DEFRA/DESNZ (2025) GHG Conversion Factors for Company Reporting (full set v1; ghg-conversion-factors-2025-full-set.xlsx); WTT- business travel- air!F20
desnz_travel,DEFRA 2025,wtt_air:short_haul:average_passenger,0.02286,kg CO2e per passenger.km,UK DEFRA/DESNZ (2025) GHG Conversion Factors for Company Reporting (full set v1; ghg-conversion-factors-2025-full-set.xlsx); WTT- business travel- air!F21
desnz_travel,DEFRA 2025,wtt_air:short_haul:economy,0.02249,kg CO2e per passenger.km,UK DEFRA/DESNZ (2025) GHG Conversion Factors for Company Reporting (full set v1; ghg-conversion-factors-2025-full-set.xlsx); WTT- business travel- air!F22
desnz_travel,DEFRA 2025,wtt_air:short_haul:business,0.03373,kg CO2e per passenger.km,UK DEFRA/DESNZ (2025) GHG Conversion Factors for Company Reporting (full set v1; ghg-conversion-factors-2025-full-set.xlsx); WTT- business travel- air!F23
desnz_travel,DEFRA 2025,wtt_air:long_haul:average_passenger,0.03213,kg CO2e per passenger.km,UK DEFRA/DESNZ (2025) GHG Conversion Factors for Company Reporting (full set v1; ghg-conversion-factors-2025-full-set.xlsx); WTT- business travel- air!F24
desnz_travel,DEFRA 2025,wtt_air:long_haul:economy,0.02461,kg CO2e per passenger.km,UK DEFRA/DESNZ (2025) GHG Conversion Factors for Company Reporting (full set v1; ghg-conversion-factors-2025-full-set.xlsx); WTT- business travel- air!F25
desnz_travel,DEFRA 2025,wtt_air:long_haul:premium_economy,0.03937,kg CO2e per passenger.km,UK DEFRA/DESNZ (2025) GHG Conversion Factors for Company Reporting (full set v1; ghg-conversion-factors-2025-full-set.xlsx); WTT- business travel- air!F26
desnz_travel,DEFRA 2025,wtt_air:long_haul:business,0.07137,kg CO2e per passenger.km,UK DEFRA/DESNZ (2025) GHG Conversion Factors for Company Reporting (full set v1; ghg-conversion-factors-2025-full-set.xlsx); WTT- business travel- air!F27
desnz_travel,DEFRA 2025,wtt_air:long_haul:first,0.09844,kg CO2e per passenger.km,UK DEFRA/DESNZ (2025) GHG Conversion Factors for Company Reporting (full set v1; ghg-conversion-factors-2025-full-set.xlsx); WTT- business travel- air!F28
desnz_travel,DEFRA 2025,wtt_air:international_non_uk:average_passenger,0.02162,kg CO2e per passenger.km,UK DEFRA/DESNZ (2025) GHG Conversion Factors for Company Reporting (full set v1; ghg-conversion-factors-2025-full-set.xlsx); WTT- business travel- air!F29
desnz_travel,DEFRA 2025,wtt_air:international_non_uk:economy,0.01656,kg CO2e per passenger.km,UK DEFRA/DESNZ (2025) GHG Conversion Factors for Company Reporting (full set v1; ghg-conversion-factors-2025-full-set.xlsx); WTT- business travel- air!F30
desnz_travel,DEFRA 2025,wtt_air:international_non_uk:premium_economy,0.02649,kg CO2e per passenger.km,UK DEFRA/DESNZ (2025) GHG Conversion Factors for Company Reporting (full set v1; ghg-conversion-factors-2025-full-set.xlsx); WTT- business travel- air!F31
desnz_travel,DEFRA 2025,wtt_air:international_non_uk:business,0.04802,kg CO2e per passenger.km,UK DEFRA/DESNZ (2025) GHG Conversion Factors for Company Reporting (full set v1; ghg-conversion-factors-2025-full-set.xlsx); WTT- business travel- air!F32
desnz_travel,DEFRA 2025,wtt_air:international_non_uk:first,0.06623,kg CO2e per passenger.km,UK DEFRA/DESNZ (2025) GHG Conversion Factors for Company Reporting (full set v1; ghg-conversion-factors-2025-full-set.xlsx); WTT- business travel- air!F33
desnz_travel,DEFRA 2025,haul:GGY,domestic,haul,UK DEFRA/DESNZ (2025) GHG Conversion Factors for Company Reporting (full set v1; ghg-conversion-factors-2025-full-set.xlsx); Haul definition!A6:C6
desnz_travel,DEFRA 2025,haul:IMN,domestic,haul,UK DEFRA/DESNZ (2025) GHG Conversion Factors for Company Reporting (full set v1; ghg-conversion-factors-2025-full-set.xlsx); Haul definition!A7:C7
desnz_travel,DEFRA 2025,haul:JEY,domestic,haul,UK DEFRA/DESNZ (2025) GHG Conversion Factors for Company Reporting (full set v1; ghg-conversion-factors-2025-full-set.xlsx); Haul definition!A8:C8
desnz_travel,DEFRA 2025,haul:GBR,domestic,haul,UK DEFRA/DESNZ (2025) GHG Conversion Factors for Company Reporting (full set v1; ghg-conversion-factors-2025-full-set.xlsx); Haul definition!A9:C9
desnz_travel,DEFRA 2025,haul:AFG,long_haul,haul,UK DEFRA/DESNZ (2025) GHG Conversion Factors for Company Reporting (full set v1; ghg-conversion-factors-2025-full-set.xlsx); Haul definition!A10:C10
desnz_travel,DEFRA 2025,haul:ASM,long_haul,haul,UK DEFRA/DESNZ (2025) GHG Conversion Factors for Company Reporting (full set v1; ghg-conversion-factors-2025-full-set.xlsx); Haul definition!A11:C11
desnz_travel,DEFRA 2025,haul:AGO,long_haul,haul,UK DEFRA/DESNZ (2025) GHG Conversion Factors for Company Reporting (full set v1; ghg-conversion-factors-2025-full-set.xlsx); Haul definition!A12:C12
desnz_travel,DEFRA 2025,haul:AIA,long_haul,haul,UK DEFRA/DESNZ (2025) GHG Conversion Factors for Company Reporting (full set v1; ghg-conversion-factors-2025-full-set.xlsx); Haul definition!A13:C13
desnz_travel,DEFRA 2025,haul:ATG,long_haul,haul,UK DEFRA/DESNZ (2025) GHG Conversion Factors for Company Reporting (full set v1; ghg-conversion-factors-2025-full-set.xlsx); Haul definition!A14:C14
desnz_travel,DEFRA 2025,haul:ARG,long_haul,haul,UK DEFRA/DESNZ (2025) GHG Conversion Factors for Company Reporting (full set v1; ghg-conversion-factors-2025-full-set.xlsx); Haul definition!A15:C15
desnz_travel,DEFRA 2025,haul:ARM,long_haul,haul,UK DEFRA/DESNZ (2025) GHG Conversion Factors for Company Reporting (full set v1; ghg-conversion-factors-2025-full-set.xlsx); Haul definition!A16:C16
desnz_travel,DEFRA 2025,haul:ABW,long_haul,haul,UK DEFRA/DESNZ (2025) GHG Conversion Factors for Company Reporting (full set v1; ghg-conversion-factors-2025-full-set.xlsx); Haul definition!A17:C17
desnz_travel,DEFRA 2025,haul:SHN,long_haul,haul,UK DEFRA/DESNZ (2025) GHG Conversion Factors for Company Reporting (full set v1; ghg-conversion-factors-2025-full-set.xlsx); Haul definition!A18:C18
desnz_travel,DEFRA 2025,haul:AUS,long_haul,haul,UK DEFRA/DESNZ (2025) GHG Conversion Factors for Company Reporting (full set v1; ghg-conversion-factors-2025-full-set.xlsx); Haul definition!A19:C19
desnz_travel,DEFRA 2025,haul:AZE,long_haul,haul,UK DEFRA/DESNZ (2025) GHG Conversion Factors for Company Reporting (full set v1; ghg-conversion-factors-2025-full-set.xlsx); Haul definition!A20:C20
desnz_travel,DEFRA 2025,haul:BHS,long_haul,haul,UK DEFRA/DESNZ (2025) GHG Conversion Factors for Company Reporting (full set v1; ghg-conversion-factors-2025-full-set.xlsx); Haul definition!A21:C21
desnz_travel,DEFRA 2025,haul:BHR,long_haul,haul,UK DEFRA/DESNZ (2025) GHG Conversion Factors for Company Reporting (full set v1; ghg-conversion-factors-2025-full-set.xlsx); Haul definition!A22:C22
desnz_travel,DEFRA 2025,haul:BGD,long_haul,haul,UK DEFRA/DESNZ (2025) GHG Conversion Factors for Company Reporting (full set v1; ghg-conversion-factors-2025-full-set.xlsx); Haul definition!A23:C23
desnz_travel,DEFRA 2025,haul:BRB,long_haul,haul,UK DEFRA/DESNZ (2025) GHG Conversion Factors for Company Reporting (full set v1; ghg-conversion-factors-2025-full-set.xlsx); Haul definition!A24:C24
desnz_travel,DEFRA 2025,haul:BLZ,long_haul,haul,UK DEFRA/DESNZ (2025) GHG Conversion Factors for Company Reporting (full set v1; ghg-conversion-factors-2025-full-set.xlsx); Haul definition!A25:C25
desnz_travel,DEFRA 2025,haul:BEN,long_haul,haul,UK DEFRA/DESNZ (2025) GHG Conversion Factors for Company Reporting (full set v1; ghg-conversion-factors-2025-full-set.xlsx); Haul definition!A26:C26
desnz_travel,DEFRA 2025,haul:BMU,long_haul,haul,UK DEFRA/DESNZ (2025) GHG Conversion Factors for Company Reporting (full set v1; ghg-conversion-factors-2025-full-set.xlsx); Haul definition!A27:C27
desnz_travel,DEFRA 2025,haul:BOL,long_haul,haul,UK DEFRA/DESNZ (2025) GHG Conversion Factors for Company Reporting (full set v1; ghg-conversion-factors-2025-full-set.xlsx); Haul definition!A28:C28
desnz_travel,DEFRA 2025,haul:BWA,long_haul,haul,UK DEFRA/DESNZ (2025) GHG Conversion Factors for Company Reporting (full set v1; ghg-conversion-factors-2025-full-set.xlsx); Haul definition!A29:C29
desnz_travel,DEFRA 2025,haul:BRA,long_haul,haul,UK DEFRA/DESNZ (2025) GHG Conversion Factors for Company Reporting (full set v1; ghg-conversion-factors-2025-full-set.xlsx); Haul definition!A30:C30
desnz_travel,DEFRA 2025,haul:VGB,long_haul,haul,UK DEFRA/DESNZ (2025) GHG Conversion Factors for Company Reporting (full set v1; ghg-conversion-factors-2025-full-set.xlsx); Haul definition!A31:C31
desnz_travel,DEFRA 2025,haul:BRN,long_haul,haul,UK DEFRA/DESNZ (2025) GHG Conversion Factors for Company Reporting (full set v1; ghg-conversion-factors-2025-full-set.xlsx); Haul definition!A32:C32
desnz_travel,DEFRA 2025,haul:BFA,long_haul,haul,UK DEFRA/DESNZ (2025) GHG Conversion Factors for Company Reporting (full set v1; ghg-conversion-factors-2025-full-set.xlsx); Haul definition!A33:C33
desnz_travel,DEFRA 2025,haul:BDI,long_haul,haul,UK DEFRA/DESNZ (2025) GHG Conversion Factors for Company Reporting (full set v1; ghg-conversion-factors-2025-full-set.xlsx); Haul definition!A34:C34
desnz_travel,DEFRA 2025,haul:KHM,long_haul,haul,UK DEFRA/DESNZ (2025) GHG Conversion Factors for Company Reporting (full set v1; ghg-conversion-factors-2025-full-set.xlsx); Haul definition!A35:C35
desnz_travel,DEFRA 2025,haul:CMR,long_haul,haul,UK DEFRA/DESNZ (2025) GHG Conversion Factors for Company Reporting (full set v1; ghg-conversion-factors-2025-full-set.xlsx); Haul definition!A36:C36
desnz_travel,DEFRA 2025,haul:CAN,long_haul,haul,UK DEFRA/DESNZ (2025) GHG Conversion Factors for Company Reporting (full set v1; ghg-conversion-factors-2025-full-set.xlsx); Haul definition!A37:C37
desnz_travel,DEFRA 2025,haul:CPV,long_haul,haul,UK DEFRA/DESNZ (2025) GHG Conversion Factors for Company Reporting (full set v1; ghg-conversion-factors-2025-full-set.xlsx); Haul definition!A38:C38
desnz_travel,DEFRA 2025,haul:CYM,long_haul,haul,UK DEFRA/DESNZ (2025) GHG Conversion Factors for Company Reporting (full set v1; ghg-conversion-factors-2025-full-set.xlsx); Haul definition!A39:C39
desnz_travel,DEFRA 2025,haul:CAF,long_haul,haul,UK DEFRA/DESNZ (2025) GHG Conversion Factors for Company Reporting (full set v1; ghg-conversion-factors-2025-full-set.xlsx); Haul definition!A40:C40
desnz_travel,DEFRA 2025,haul:TCD,long_haul,haul,UK DEFRA/DESNZ (2025) GHG Conversion Factors for Company Reporting (full set v1; ghg-conversion-factors-2025-full-set.xlsx); Haul definition!A41:C41
desnz_travel,DEFRA 2025,haul:CHL,long_haul,haul,UK DEFRA/DESNZ (2025) GHG Conversion Factors for Company Reporting (full set v1; ghg-conversion-factors-2025-full-set.xlsx); Haul definition!A42:C42
desnz_travel,DEFRA 2025,haul:CHN,long_haul,haul,UK DEFRA/DESNZ (2025) GHG Conversion Factors for Company Reporting (full set v1; ghg-conversion-factors-2025-full-set.xlsx); Haul definition!A43:C43
desnz_travel,DEFRA 2025,haul:COL,long_haul,haul,UK DEFRA/DESNZ (2025) GHG Conversion Factors for Company Reporting (full set v1; ghg-conversion-factors-2025-full-set.xlsx); Haul definition!A44:C44
desnz_travel,DEFRA 2025,haul:COM,long_haul,haul,UK DEFRA/DESNZ (2025) GHG Conversion Factors for Company Reporting (full set v1; ghg-conversion-factors-2025-full-set.xlsx); Haul definition!A45:C45
desnz_travel,DEFRA 2025,haul:COG,long_haul,haul,UK DEFRA/DESNZ (2025) GHG Conversion Factors for Company Reporting (full set v1; ghg-conversion-factors-2025-full-set.xlsx); Haul definition!A46:C46
desnz_travel,DEFRA 2025,haul:COK,long_haul,haul,UK DEFRA/DESNZ (2025) GHG Conversion Factors for Company Reporting (full set v1; ghg-conversion-factors-2025-full-set.xlsx); Haul definition!A47:C47
desnz_travel,DEFRA 2025,haul:CRI,long_haul,haul,UK DEFRA/DESNZ (2025) GHG Conversion Factors for Company Reporting (full set v1; ghg-conversion-factors-2025-full-set.xlsx); Haul definition!A48:C48
desnz_travel,DEFRA 2025,haul:CUB,long_haul,haul,UK DEFRA/DESNZ (2025) GHG Conversion Factors for Company Reporting (full set v1; ghg-conversion-factors-2025-full-set.xlsx); Haul definition!A49:C49
desnz_travel,DEFRA 2025,haul:CUW,long_haul,haul,UK DEFRA/DESNZ (2025) GHG Conversion Factors for Company Reporting (full set v1; ghg-conversion-factors-2025-full-set.xlsx); Haul definition!A50:C50
desnz_travel,DEFRA 2025,haul:DJI,long_haul,haul,UK DEFRA/DESNZ (2025) GHG Conversion Factors for Company Reporting (full set v1; ghg-conversion-factors-2025-full-set.xlsx); Haul definition!A51:C51
desnz_travel,DEFRA 2025,haul:DMA,long_haul,haul,UK DEFRA/DESNZ (2025) GHG Conversion Factors for Company Reporting (full set v1; ghg-conversion-factors-2025-full-set.xlsx); Haul definition!A52:C52
desnz_travel,DEFRA 2025,haul:DOM,long_haul,haul,UK DEFRA/DESNZ (2025) GHG Conversion Factors for Company Reporting (full set v1; ghg-conversion-factors-2025-full-set.xlsx); Haul definition!A53:C53
desnz_travel,DEFRA 2025,haul:COD,long_haul,haul,UK DEFRA/DESNZ (2025) GHG Conversion Factors for Company Reporting (full set v1; ghg-conversion-factors-2025-full-set.xlsx); Haul definition!A54:C54
desnz_travel,DEFRA 2025,haul:ECU,long_haul,haul,UK DEFRA/DESNZ (2025) GHG Conversion Factors for Company Reporting (full set v1; ghg-conversion-factors-2025-full-set.xlsx); Haul definition!A55:C55
desnz_travel,DEFRA 2025,haul:SLV,long_haul,haul,UK DEFRA/DESNZ (2025) GHG Conversion Factors for Company Reporting (full set v1; ghg-conversion-factors-2025-full-set.xlsx); Haul definition!A56:C56
desnz_travel,DEFRA 2025,haul:GNQ,long_haul,haul,UK DEFRA/DESNZ (2025) GHG Conversion Factors for Company Reporting (full set v1; ghg-conversion-factors-2025-full-set.xlsx); Haul definition!A57:C57
desnz_travel,DEFRA 2025,haul:ERI,long_haul,haul,UK DEFRA/DESNZ (2025) GHG Conversion Factors for Company Reporting (full set v1; ghg-conversion-factors-2025-full-set.xlsx); Haul definition!A58:C58
desnz_travel,DEFRA 2025,haul:ETH,long_haul,haul,UK DEFRA/DESNZ (2025) GHG Conversion Factors for Company Reporting (full set v1; ghg-conversion-factors-2025-full-set.xlsx); Haul definition!A59:C59
desnz_travel,DEFRA 2025,haul:FLK,long_haul,haul,UK DEFRA/DESNZ (2025) GHG Conversion Factors for Company Reporting (full set v1; ghg-conversion-factors-2025-full-set.xlsx); Haul definition!A60:C60
desnz_travel,DEFRA 2025,haul:FJI,long_haul,haul,UK DEFRA/DESNZ (2025) GHG Conversion Factors for Company Reporting (full set v1; ghg-conversion-factors-2025-full-set.xlsx); Haul definition!A61:C61
desnz_travel,DEFRA 2025,haul:GUF,long_haul,haul,UK DEFRA/DESNZ (2025) GHG Conversion Factors for Company Reporting (full set v1; ghg-conversion-factors-2025-full-set.xlsx); Haul definition!A62:C62
desnz_travel,DEFRA 2025,haul:GAB,long_haul,haul,UK DEFRA/DESNZ (2025) GHG Conversion Factors for Company Reporting (full set v1; ghg-conversion-factors-2025-full-set.xlsx); Haul definition!A63:C63
desnz_travel,DEFRA 2025,haul:GMB,long_haul,haul,UK DEFRA/DESNZ (2025) GHG Conversion Factors for Company Reporting (full set v1; ghg-conversion-factors-2025-full-set.xlsx); Haul definition!A64:C64
desnz_travel,DEFRA 2025,haul:GEO,long_haul,haul,UK DEFRA/DESNZ (2025) GHG Conversion Factors for Company Reporting (full set v1; ghg-conversion-factors-2025-full-set.xlsx); Haul definition!A65:C65
desnz_travel,DEFRA 2025,haul:GHA,long_haul,haul,UK DEFRA/DESNZ (2025) GHG Conversion Factors for Company Reporting (full set v1; ghg-conversion-factors-2025-full-set.xlsx); Haul definition!A66:C66
desnz_travel,DEFRA 2025,haul:GRD,long_haul,haul,UK DEFRA/DESNZ (2025) GHG Conversion Factors for Company Reporting (full set v1; ghg-conversion-factors-2025-full-set.xlsx); Haul definition!A67:C67
desnz_travel,DEFRA 2025,haul:GLP,long_haul,haul,UK DEFRA/DESNZ (2025) GHG Conversion Factors for Company Reporting (full set v1; ghg-conversion-factors-2025-full-set.xlsx); Haul definition!A68:C68
desnz_travel,DEFRA 2025,haul:GUM,long_haul,haul,UK DEFRA/DESNZ (2025) GHG Conversion Factors for Company Reporting (full set v1; ghg-conversion-factors-2025-full-set.xlsx); Haul definition!A69:C69
desnz_travel,DEFRA 2025,haul:GTM,long_haul,haul,UK DEFRA/DESNZ (2025) GHG Conversion Factors for Company Reporting (full set v1; ghg-conversion-factors-2025-full-set.xlsx); Haul definition!A70:C70
desnz_travel,DEFRA 2025,haul:GIN,long_haul,haul,UK DEFRA/DESNZ (2025) GHG Conversion Factors for Company Reporting (full set v1; ghg-conversion-factors-2025-full-set.xlsx); Haul definition!A71:C71
desnz_travel,DEFRA 2025,haul:GNB,long_haul,haul,UK DEFRA/DESNZ (2025) GHG Conversion Factors for Company Reporting (full set v1; ghg-conversion-factors-2025-full-set.xlsx); Haul definition!A72:C72
desnz_travel,DEFRA 2025,haul:GUY,long_haul,haul,UK DEFRA/DESNZ (2025) GHG Conversion Factors for Company Reporting (full set v1; ghg-conversion-factors-2025-full-set.xlsx); Haul definition!A73:C73
desnz_travel,DEFRA 2025,haul:HTI,long_haul,haul,UK DEFRA/DESNZ (2025) GHG Conversion Factors for Company Reporting (full set v1; ghg-conversion-factors-2025-full-set.xlsx); Haul definition!A74:C74
desnz_travel,DEFRA 2025,haul:HND,long_haul,haul,UK DEFRA/DESNZ (2025) GHG Conversion Factors for Company Reporting (full set v1; ghg-conversion-factors-2025-full-set.xlsx); Haul definition!A75:C75
desnz_travel,DEFRA 2025,haul:HKG,long_haul,haul,UK DEFRA/DESNZ (2025) GHG Conversion Factors for Company Reporting (full set v1; ghg-conversion-factors-2025-full-set.xlsx); Haul definition!A76:C76
desnz_travel,DEFRA 2025,haul:IND,long_haul,haul,UK DEFRA/DESNZ (2025) GHG Conversion Factors for Company Reporting (full set v1; ghg-conversion-factors-2025-full-set.xlsx); Haul definition!A77:C77
desnz_travel,DEFRA 2025,haul:IDN,long_haul,haul,UK DEFRA/DESNZ (2025) GHG Conversion Factors for Company Reporting (full set v1; ghg-conversion-factors-2025-full-set.xlsx); Haul definition!A78:C78
desnz_travel,DEFRA 2025,haul:IRN,long_haul,haul,UK DEFRA/DESNZ (2025) GHG Conversion Factors for Company Reporting (full set v1; ghg-conversion-factors-2025-full-set.xlsx); Haul definition!A79:C79
desnz_travel,DEFRA 2025,haul:IRQ,long_haul,haul,UK DEFRA/DESNZ (2025) GHG Conversion Factors for Company Reporting (full set v1; ghg-conversion-factors-2025-full-set.xlsx); Haul definition!A80:C80
desnz_travel,DEFRA 2025,haul:ISR,long_haul,haul,UK DEFRA/DESNZ (2025) GHG Conversion Factors for Company Reporting (full set v1; ghg-conversion-factors-2025-full-set.xlsx); Haul definition!A81:C81
desnz_travel,DEFRA 2025,haul:CIV,long_haul,haul,UK DEFRA/DESNZ (2025) GHG Conversion Factors for Company Reporting (full set v1; ghg-conversion-factors-2025-full-set.xlsx); Haul definition!A82:C82
desnz_travel,DEFRA 2025,haul:JAM,long_haul,haul,UK DEFRA/DESNZ (2025) GHG Conversion Factors for Company Reporting (full set v1; ghg-conversion-factors-2025-full-set.xlsx); Haul definition!A83:C83
desnz_travel,DEFRA 2025,haul:JPN,long_haul,haul,UK DEFRA/DESNZ (2025) GHG Conversion Factors for Company Reporting (full set v1; ghg-conversion-factors-2025-full-set.xlsx); Haul definition!A84:C84
desnz_travel,DEFRA 2025,haul:JOR,long_haul,haul,UK DEFRA/DESNZ (2025) GHG Conversion Factors for Company Reporting (full set v1; ghg-conversion-factors-2025-full-set.xlsx); Haul definition!A85:C85
desnz_travel,DEFRA 2025,haul:KAZ,long_haul,haul,UK DEFRA/DESNZ (2025) GHG Conversion Factors for Company Reporting (full set v1; ghg-conversion-factors-2025-full-set.xlsx); Haul definition!A86:C86
desnz_travel,DEFRA 2025,haul:KEN,long_haul,haul,UK DEFRA/DESNZ (2025) GHG Conversion Factors for Company Reporting (full set v1; ghg-conversion-factors-2025-full-set.xlsx); Haul definition!A87:C87
desnz_travel,DEFRA 2025,haul:KWT,long_haul,haul,UK DEFRA/DESNZ (2025) GHG Conversion Factors for Company Reporting (full set v1; ghg-conversion-factors-2025-full-set.xlsx); Haul definition!A88:C88
desnz_travel,DEFRA 2025,haul:KGZ,long_haul,haul,UK DEFRA/DESNZ (2025) GHG Conversion Factors for Company Reporting (full set v1; ghg-conversion-factors-2025-full-set.xlsx); Haul definition!A89:C89
desnz_travel,DEFRA 2025,haul:LAO,long_haul,haul,UK DEFRA/DESNZ (2025) GHG Conversion Factors for Company Reporting (full set v1; ghg-conversion-factors-2025-full-set.xlsx); Haul definition!A90:C90
desnz_travel,DEFRA 2025,haul:LBN,long_haul,haul,UK DEFRA/DESNZ (2025) GHG Conversion Factors for Company Reporting (full set v1; ghg-conversion-factors-2025-full-set.xlsx); Haul definition!A91:C91
desnz_travel,DEFRA 2025,haul:LSO,long_haul,haul,UK DEFRA/DESNZ (2025) GHG Conversion Factors for Company Reporting (full set v1; ghg-conversion-factors-2025-full-set.xlsx); Haul definition!A92:C92
desnz_travel,DEFRA 2025,haul:LBR,long_haul,haul,UK DEFRA/DESNZ (2025) GHG Conversion Factors for Company Reporting (full set v1; ghg-conversion-factors-2025-full-set.xlsx); Haul definition!A93:C93
desnz_travel,DEFRA 2025,haul:MAC,long_haul,haul,UK DEFRA/DESNZ (2025) GHG Conversion Factors for Company Reporting (full set v1; ghg-conversion-factors-2025-full-set.xlsx); Haul definition!A94:C94
desnz_travel,DEFRA 2025,haul:MDG,long_haul,haul,UK DEFRA/DESNZ (2025) GHG Conversion Factors for Company Reporting (full set v1; ghg-conversion-factors-2025-full-set.xlsx); Haul definition!A95:C95
desnz_travel,DEFRA 2025,haul:MWI,long_haul,haul,UK DEFRA/DESNZ (2025) GHG Conversion Factors for Company Reporting (full set v1; ghg-conversion-factors-2025-full-set.xlsx); Haul definition!A96:C96
desnz_travel,DEFRA 2025,haul:MYS,long_haul,haul,UK DEFRA/DESNZ (2025) GHG Conversion Factors for Company Reporting (full set v1; ghg-conversion-factors-2025-full-set.xlsx); Haul definition!A97:C97
desnz_travel,DEFRA 2025,haul:MDV,long_haul,haul,UK DEFRA/DESNZ (2025) GHG Conversion Factors for Company Reporting (full set v1; ghg-conversion-factors-2025-full-set.xlsx); Haul definition!A98:C98
desnz_travel,DEFRA 2025,haul:MLI,long_haul,haul,UK DEFRA/DESNZ (2025) GHG Conversion Factors for Company Reporting (full set v1; ghg-conversion-factors-2025-full-set.xlsx); Haul definition!A99:C99
desnz_travel,DEFRA 2025,haul:MHL,long_haul,haul,UK DEFRA/DESNZ (2025) GHG Conversion Factors for Company Reporting (full set v1; ghg-conversion-factors-2025-full-set.xlsx); Haul definition!A100:C100
desnz_travel,DEFRA 2025,haul:MTQ,long_haul,haul,UK DEFRA/DESNZ (2025) GHG Conversion Factors for Company Reporting (full set v1; ghg-conversion-factors-2025-full-set.xlsx); Haul definition!A101:C101
desnz_travel,DEFRA 2025,haul:MRT,long_haul,haul,UK DEFRA/DESNZ (2025) GHG Conversion Factors for Company Reporting (full set v1; ghg-conversion-factors-2025-full-set.xlsx); Haul definition!A102:C102
desnz_travel,DEFRA 2025,haul:MUS,long_haul,haul,UK DEFRA/DESNZ (2025) GHG Conversion Factors for Company Reporting (full set v1; ghg-conversion-factors-2025-full-set.xlsx); Haul definition!A103:C103
desnz_travel,DEFRA 2025,haul:MEX,long_haul,haul,UK DEFRA/DESNZ (2025) GHG Conversion Factors for Company Reporting (full set v1; ghg-conversion-factors-2025-full-set.xlsx); Haul definition!A104:C104
desnz_travel,DEFRA 2025,haul:MDA,long_haul,haul,UK DEFRA/DESNZ (2025) GHG Conversion Factors for Company Reporting (full set v1; ghg-conversion-factors-2025-full-set.xlsx); Haul definition!A105:C105
desnz_travel,DEFRA 2025,haul:MNG,long_haul,haul,UK DEFRA/DESNZ (2025) GHG Conversion Factors for Company Reporting (full set v1; ghg-conversion-factors-2025-full-set.xlsx); Haul definition!A106:C106
desnz_travel,DEFRA 2025,haul:MOZ,long_haul,haul,UK DEFRA/DESNZ (2025) GHG Conversion Factors for Company Reporting (full set v1; ghg-conversion-factors-2025-full-set.xlsx); Haul definition!A107:C107
desnz_travel,DEFRA 2025,haul:MMR,long_haul,haul,UK DEFRA/DESNZ (2025) GHG Conversion Factors for Company Reporting (full set v1; ghg-conversion-factors-2025-full-set.xlsx); Haul definition!A108:C108
desnz_travel,DEFRA 2025,haul:NAM,long_haul,haul,UK DEFRA/DESNZ (2025) GHG Conversion Factors for Company Reporting (full set v1; ghg-conversion-factors-2025-full-set.xlsx); Haul definition!A109:C109
desnz_travel,DEFRA 2025,haul:NPL,long_haul,haul,UK DEFRA/DESNZ (2025) GHG Conversion Factors for Company Reporting (full set v1; ghg-conversion-factors-2025-full-set.xlsx); Haul definition!A110:C110
desnz_travel,DEFRA 2025,haul:NCL,long_haul,haul,UK DEFRA/DESNZ (2025) GHG Conversion Factors for Company Reporting (full set v1; ghg-conversion-factors-2025-full-set.xlsx); Haul definition!A111:C111
desnz_travel,DEFRA 2025,haul:NZL,long_haul,haul,UK DEFRA/DESNZ (2025) GHG Conversion Factors for Company Reporting (full set v1; ghg-conversion-factors-2025-full-set.xlsx); Haul definition!A112:C112
desnz_travel,DEFRA 2025,haul:NIC,long_haul,haul,UK DEFRA/DESNZ (2025) GHG Conversion Factors for Company Reporting (full set v1; ghg-conversion-factors-2025-full-set.xlsx); Haul definition!A113:C113
desnz_travel,DEFRA 2025,haul:NER,long_haul,haul,UK DEFRA/DESNZ (2025) GHG Conversion Factors for Company Reporting (full set v1; ghg-conversion-factors-2025-full-set.xlsx); Haul definition!A114:C114
desnz_travel,DEFRA 2025,haul:NGA,long_haul,haul,UK DEFRA/DESNZ (2025) GHG Conversion Factors for Company Reporting (full set v1; ghg-conversion-factors-2025-full-set.xlsx); Haul definition!A115:C115
desnz_travel,DEFRA 2025,haul:PRK,long_haul,haul,UK DEFRA/DESNZ (2025) GHG Conversion Factors for Company Reporting (full set v1; ghg-conversion-factors-2025-full-set.xlsx); Haul definition!A116:C116
desnz_travel,DEFRA 2025,haul:OMN,long_haul,haul,UK DEFRA/DESNZ (2025) GHG Conversion Factors for Company Reporting (full set v1; ghg-conversion-factors-2025-full-set.xlsx); Haul definition!A117:C117
desnz_travel,DEFRA 2025,haul:PAK,long_haul,haul,UK DEFRA/DESNZ (2025) GHG Conversion Factors for Company Reporting (full set v1; ghg-conversion-factors-2025-full-set.xlsx); Haul definition!A118:C118
desnz_travel,DEFRA 2025,haul:PLW,long_haul,haul,UK DEFRA/DESNZ (2025) GHG Conversion Factors for Company Reporting (full set v1; ghg-conversion-factors-2025-full-set.xlsx); Haul definition!A119:C119
desnz_travel,DEFRA 2025,haul:PAN,long_haul,haul,UK DEFRA/DESNZ (2025) GHG Conversion Factors for Company Reporting (full set v1; ghg-conversion-factors-2025-full-set.xlsx); Haul definition!A120:C120
desnz_travel,DEFRA 2025,haul:PNG,long_haul,haul,UK DEFRA/DESNZ (2025) GHG Conversion Factors for Company Reporting (full set v1; ghg-conversion-factors-2025-full-set.xlsx); Haul definition!A121:C121
desnz_travel,DEFRA 2025,haul:PRY,long_haul,haul,UK DEFRA/DESNZ (2025) GHG Conversion Factors for Company Reporting (full set v1; ghg-conversion-factors-2025-full-set.xlsx); Haul definition!A122:C122
desnz_travel,DEFRA 2025,haul:PER,long_haul,haul,UK DEFRA/DESNZ (2025) GHG Conversion Factors for Company Reporting (full set v1; ghg-conversion-factors-2025-full-set.xlsx); Haul definition!A123:C123
desnz_travel,DEFRA 2025,haul:PHL,long_haul,haul,UK DEFRA/DESNZ (2025) GHG Conversion Factors for Company Reporting (full set v1; ghg-conversion-factors-2025-full-set.xlsx); Haul definition!A124:C124
desnz_travel,DEFRA 2025,haul:PRI,long_haul,haul,UK DEFRA/DESNZ (2025) GHG Conversion Factors for Company Reporting (full set v1; ghg-conversion-factors-2025-full-set.xlsx); Haul definition!A125:C125
desnz_travel,DEFRA 2025,haul:QAT,long_haul,haul,UK DEFRA/DESNZ (2025) GHG Conversion Factors for Company Reporting (full set v1; ghg-conversion-factors-2025-full-set.xlsx); Haul definition!A126:C126
desnz_travel,DEFRA 2025,haul:REU,long_haul,haul,UK DEFRA/DESNZ (2025) GHG Conversion Factors for Company Reporting (full set v1; ghg-conversion-factors-2025-full-set.xlsx); Haul definition!A127:C127
desnz_travel,DEFRA 2025,haul:RUS,long_haul,haul,UK DEFRA/DESNZ (2025) GHG Conversion Factors for Company Reporting (full set v1; ghg-conversion-factors-2025-full-set.xlsx); Haul definition!A128:C128
desnz_travel,DEFRA 2025,haul:RWA,long_haul,haul,UK DEFRA/DESNZ (2025) GHG Conversion Factors for Company Reporting (full set v1; ghg-conversion-factors-2025-full-set.xlsx); Haul definition!A129:C129
desnz_travel,DEFRA 2025,haul:STP,long_haul,haul,UK DEFRA/DESNZ (2025) GHG Conversion Factors for Company Reporting (full set v1; ghg-conversion-factors-2025-full-set.xlsx); Haul definition!A130:C130
desnz_travel,DEFRA 2025,haul:SAU,long_haul,haul,UK DEFRA/DESNZ (2025) GHG Conversion Factors for Company Reporting (full set v1; ghg-conversion-factors-2025-full-set.xlsx); Haul definition!A131:C131
desnz_travel,DEFRA 2025,haul:SEN,long_haul,haul,UK DEFRA/DESNZ (2025) GHG Conversion Factors for Company Reporting (full set v1; ghg-conversion-factors-2025-full-set.xlsx); Haul definition!A132:C132
desnz_travel,DEFRA 2025,haul:SYC,long_haul,haul,UK DEFRA/DESNZ (2025) GHG Conversion Factors for Company Reporting (full set v1; ghg-conversion-factors-2025-full-set.xlsx); Haul definition!A133:C133
desnz_travel,DEFRA 2025,haul:SLE,long_haul,haul,UK DEFRA/DESNZ (2025) GHG Conversion Factors for Company Reporting (full set v1; ghg-conversion-factors-2025-full-set.xlsx); Haul definition!A134:C134
desnz_travel,DEFRA 2025,haul:SGP,long_haul,haul,UK DEFRA/DESNZ (2025) GHG Conversion Factors for Company Reporting (full set v1; ghg-conversion-factors-2025-full-set.xlsx); Haul definition!A135:C135
desnz_travel,DEFRA 2025,haul:SLB,long_haul,haul,UK DEFRA/DESNZ (2025) GHG Conversion Factors for Company Reporting (full set v1; ghg-conversion-factors-2025-full-set.xlsx); Haul definition!A136:C136
desnz_travel,DEFRA 2025,haul:SOM,long_haul,haul,UK DEFRA/DESNZ (2025) GHG Conversion Factors for Company Reporting (full set v1; ghg-conversion-factors-2025-full-set.xlsx); Haul definition!A137:C137
desnz_travel,DEFRA 2025,haul:ZAF,long_haul,haul,UK DEFRA/DESNZ (2025) GHG Conversion Factors for Company Reporting (full set v1; ghg-conversion-factors-2025-full-set.xlsx); Haul definition!A138:C138
desnz_travel,DEFRA 2025,haul:KOR,long_haul,haul,UK DEFRA/DESNZ (2025) GHG Conversion Factors for Company Reporting (full set v1; ghg-conversion-factors-2025-full-set.xlsx); Haul definition!A139:C139
desnz_travel,DEFRA 2025,haul:SSD,long_haul,haul,UK DEFRA/DESNZ (2025) GHG Conversion Factors for Company Reporting (full set v1; ghg-conversion-factors-2025-full-set.xlsx); Haul definition!A140:C140
desnz_travel,DEFRA 2025,haul:LKA,long_haul,haul,UK DEFRA/DESNZ (2025) GHG Conversion Factors for Company Reporting (full set v1; ghg-conversion-factors-2025-full-set.xlsx); Haul definition!A141:C141
desnz_travel,DEFRA 2025,haul:KNA,long_haul,haul,UK DEFRA/DESNZ (2025) GHG Conversion Factors for Company Reporting (full set v1; ghg-conversion-factors-2025-full-set.xlsx); Haul definition!A142:C142
desnz_travel,DEFRA 2025,haul:LCA,long_haul,haul,UK DEFRA/DESNZ (2025) GHG Conversion Factors for Company Reporting (full set v1; ghg-conversion-factors-2025-full-set.xlsx); Haul definition!A143:C143
desnz_travel,DEFRA 2025,haul:VCT,long_haul,haul,UK DEFRA/DESNZ (2025) GHG Conversion Factors for Company Reporting (full set v1; ghg-conversion-factors-2025-full-set.xlsx); Haul definition!A144:C144
desnz_travel,DEFRA 2025,haul:SDN,long_haul,haul,UK DEFRA/DESNZ (2025) GHG Conversion Factors for Company Reporting (full set v1; ghg-conversion-factors-2025-full-set.xlsx); Haul definition!A145:C145
desnz_travel,DEFRA 2025,haul:SUR,long_haul,haul,UK DEFRA/DESNZ (2025) GHG Conversion Factors for Company Reporting (full set v1; ghg-conversion-factors-2025-full-set.xlsx); Haul definition!A146:C146
desnz_travel,DEFRA 2025,haul:SWZ,long_haul,haul,UK DEFRA/DESNZ (2025) GHG Conversion Factors for Company Reporting (full set v1; ghg-conversion-factors-2025-full-set.xlsx); Haul definition!A147:C147
desnz_travel,DEFRA 2025,haul:SYR,long_haul,haul,UK DEFRA/DESNZ (2025) GHG Conversion Factors for Company Reporting (full set v1; ghg-conversion-factors-2025-full-set.xlsx); Haul definition!A148:C148
desnz_travel,DEFRA 2025,haul:PYF,long_haul,haul,UK DEFRA/DESNZ (2025) GHG Conversion Factors for Company Reporting (full set v1; ghg-conversion-factors-2025-full-set.xlsx); Haul definition!A149:C149
desnz_travel,DEFRA 2025,haul:TWN,long_haul,haul,UK DEFRA/DESNZ (2025) GHG Conversion Factors for Company Reporting (full set v1; ghg-conversion-factors-2025-full-set.xlsx); Haul definition!A150:C150
desnz_travel,DEFRA 2025,haul:TJK,long_haul,haul,UK DEFRA/DESNZ (2025) GHG Conversion Factors for Company Reporting (full set v1; ghg-conversion-factors-2025-full-set.xlsx); Haul definition!A151:C151
desnz_travel,DEFRA 2025,haul:TZA,long_haul,haul,UK DEFRA/DESNZ (2025) GHG Conversion Factors for Company Reporting (full set v1; ghg-conversion-factors-2025-full-set.xlsx); Haul definition!A152:C152
desnz_travel,DEFRA 2025,haul:THA,long_haul,haul,UK DEFRA/DESNZ (2025) GHG Conversion Factors for Company Reporting (full set v1; ghg-conversion-factors-2025-full-set.xlsx); Haul definition!A153:C153
desnz_travel,DEFRA 2025,haul:TLS,long_haul,haul,UK DEFRA/DESNZ (2025) GHG Conversion Factors for Company Reporting (full set v1; ghg-conversion-factors-2025-full-set.xlsx); Haul definition!A154:C154
desnz_travel,DEFRA 2025,haul:TGO,long_haul,haul,UK DEFRA/DESNZ (2025) GHG Conversion Factors for Company Reporting (full set v1; ghg-conversion-factors-2025-full-set.xlsx); Haul definition!A155:C155
desnz_travel,DEFRA 2025,haul:TON,long_haul,haul,UK DEFRA/DESNZ (2025) GHG Conversion Factors for Company Reporting (full set v1; ghg-conversion-factors-2025-full-set.xlsx); Haul definition!A156:C156
desnz_travel,DEFRA 2025,haul:TTO,long_haul,haul,UK DEFRA/DESNZ (2025) GHG Conversion Factors for Company Reporting (full set v1; ghg-conversion-factors-2025-full-set.xlsx); Haul definition!A157:C157
desnz_travel,DEFRA 2025,haul:TKM,long_haul,haul,UK DEFRA/DESNZ (2025) GHG Conversion Factors for Company Reporting (full set v1; ghg-conversion-factors-2025-full-set.xlsx); Haul definition!A158:C158
desnz_travel,DEFRA 2025,haul:TCA,long_haul,haul,UK DEFRA/DESNZ (2025) GHG Conversion Factors for Company Reporting (full set v1; ghg-conversion-factors-2025-full-set.xlsx); Haul definition!A159:C159
desnz_travel,DEFRA 2025,haul:UGA,long_haul,haul,UK DEFRA/DESNZ (2025) GHG Conversion Factors for Company Reporting (full set v1; ghg-conversion-factors-2025-full-set.xlsx); Haul definition!A160:C160
desnz_travel,DEFRA 2025,haul:UKR,long_haul,haul,UK DEFRA/DESNZ (2025) GHG Conversion Factors for Company Reporting (full set v1; ghg-conversion-factors-2025-full-set.xlsx); Haul definition!A161:C161
desnz_travel,DEFRA 2025,haul:ARE,long_haul,haul,UK DEFRA/DESNZ (2025) GHG Conversion Factors for Company Reporting (full set v1; ghg-conversion-factors-2025-full-set.xlsx); Haul definition!A162:C162
desnz_travel,DEFRA 2025,haul:USA,long_haul,haul,UK DEFRA/DESNZ (2025) GHG Conversion Factors for Company Reporting (full set v1; ghg-conversion-factors-2025-full-set.xlsx); Haul definition!A163:C163
desnz_travel,DEFRA 2025,haul:URY,long_haul,haul,UK DEFRA/DESNZ (2025) GHG Conversion Factors for Company Reporting (full set v1; ghg-conversion-factors-2025-full-set.xlsx); Haul definition!A164:C164
desnz_travel,DEFRA 2025,haul:UZB,long_haul,haul,UK DEFRA/DESNZ (2025) GHG Conversion Factors for Company Reporting (full set v1; ghg-conversion-factors-2025-full-set.xlsx); Haul definition!A165:C165
desnz_travel,DEFRA 2025,haul:VUT,long_haul,haul,UK DEFRA/DESNZ (2025) GHG Conversion Factors for Company Reporting (full set v1; ghg-conversion-factors-2025-full-set.xlsx); Haul definition!A166:C166
desnz_travel,DEFRA 2025,haul:VEN,long_haul,haul,UK DEFRA/DESNZ (2025) GHG Conversion Factors for Company Reporting (full set v1; ghg-conversion-factors-2025-full-set.xlsx); Haul definition!A167:C167
desnz_travel,DEFRA 2025,haul:VNM,long_haul,haul,UK DEFRA/DESNZ (2025) GHG Conversion Factors for Company Reporting (full set v1; ghg-conversion-factors-2025-full-set.xlsx); Haul definition!A168:C168
desnz_travel,DEFRA 2025,haul:VIR,long_haul,haul,UK DEFRA/DESNZ (2025) GHG Conversion Factors for Company Reporting (full set v1; ghg-conversion-factors-2025-full-set.xlsx); Haul definition!A169:C169
desnz_travel,DEFRA 2025,haul:UMI,long_haul,haul,UK DEFRA/DESNZ (2025) GHG Conversion Factors for Company Reporting (full set v1; ghg-conversion-factors-2025-full-set.xlsx); Haul definition!A170:C170
desnz_travel,DEFRA 2025,haul:YEM,long_haul,haul,UK DEFRA/DESNZ (2025) GHG Conversion Factors for Company Reporting (full set v1; ghg-conversion-factors-2025-full-set.xlsx); Haul definition!A171:C171
desnz_travel,DEFRA 2025,haul:ZMB,long_haul,haul,UK DEFRA/DESNZ (2025) GHG Conversion Factors for Company Reporting (full set v1; ghg-conversion-factors-2025-full-set.xlsx); Haul definition!A172:C172
desnz_travel,DEFRA 2025,haul:ZWE,long_haul,haul,UK DEFRA/DESNZ (2025) GHG Conversion Factors for Company Reporting (full set v1; ghg-conversion-factors-2025-full-set.xlsx); Haul definition!A173:C173
desnz_travel,DEFRA 2025,haul:ALB,short_haul,haul,UK DEFRA/DESNZ (2025) GHG Conversion Factors for Company Reporting (full set v1; ghg-conversion-factors-2025-full-set.xlsx); Haul definition!A174:C174
desnz_travel,DEFRA 2025,haul:DZA,short_haul,haul,UK DEFRA/DESNZ (2025) GHG Conversion Factors for Company Reporting (full set v1; ghg-conversion-factors-2025-full-set.xlsx); Haul definition!A175:C175
desnz_travel,DEFRA 2025,haul:AUT,short_haul,haul,UK DEFRA/DESNZ (2025) GHG Conversion Factors for Company Reporting (full set v1; ghg-conversion-factors-2025-full-set.xlsx); Haul definition!A176:C176
desnz_travel,DEFRA 2025,haul:BLR,short_haul,haul,UK DEFRA/DESNZ (2025) GHG Conversion Factors for Company Reporting (full set v1; ghg-conversion-factors-2025-full-set.xlsx); Haul definition!A177:C177
desnz_travel,DEFRA 2025,haul:BEL,short_haul,haul,UK DEFRA/DESNZ (2025) GHG Conversion Factors for Company Reporting (full set v1; ghg-conversion-factors-2025-full-set.xlsx); Haul definition!A178:C178
desnz_travel,DEFRA 2025,haul:BIH,short_haul,haul,UK DEFRA/DESNZ (2025) GHG Conversion Factors for Company Reporting (full set v1; ghg-conversion-factors-2025-full-set.xlsx); Haul definition!A179:C179
desnz_travel,DEFRA 2025,haul:BGR,short_haul,haul,UK DEFRA/DESNZ (2025) GHG Conversion Factors for Company Reporting (full set v1; ghg-conversion-factors-2025-full-set.xlsx); Haul definition!A180:C180
desnz_travel,DEFRA 2025,haul:HRV,short_haul,haul,UK DEFRA/DESNZ (2025) GHG Conversion Factors for Company Reporting (full set v1; ghg-conversion-factors-2025-full-set.xlsx); Haul definition!A181:C181
desnz_travel,DEFRA 2025,haul:CYP,short_haul,haul,UK DEFRA/DESNZ (2025) GHG Conversion Factors for Company Reporting (full set v1; ghg-conversion-factors-2025-full-set.xlsx); Haul definition!A182:C182
desnz_travel,DEFRA 2025,haul:CZE,short_haul,haul,UK DEFRA/DESNZ (2025) GHG Conversion Factors for Company Reporting (full set v1; ghg-conversion-factors-2025-full-set.xlsx); Haul definition!A183:C183
desnz_travel,DEFRA 2025,haul:DNK,short_haul,haul,UK DEFRA/DESNZ (2025) GHG Conversion Factors for Company Reporting (full set v1; ghg-conversion-factors-2025-full-set.xlsx); Haul definition!A184:C184
desnz_travel,DEFRA 2025,haul:EGY,short_haul,haul,UK DEFRA/DESNZ (2025) GHG Conversion Factors for Company Reporting (full set v1; ghg-conversion-factors-2025-full-set.xlsx); Haul definition!A185:C185
desnz_travel,DEFRA 2025,haul:EST,short_haul,haul,UK DEFRA/DESNZ (2025) GHG Conversion Factors for Company Reporting (full set v1; ghg-conversion-factors-2025-full-set.xlsx); Haul definition!A186:C186
desnz_travel,DEFRA 2025,haul:FRO,short_haul,haul,UK DEFRA/DESNZ (2025) GHG Conversion Factors for Company Reporting (full set v1; ghg-conversion-factors-2025-full-set.xlsx); Haul definition!A187:C187
desnz_travel,DEFRA 2025,haul:FIN,short_haul,haul,UK DEFRA/DESNZ (2025) GHG Conversion Factors for Company Reporting (full set v1; ghg-conversion-factors-2025-full-set.xlsx); Haul definition!A188:C188
desnz_travel,DEFRA 2025,haul:FRA,short_haul,haul,UK DEFRA/DESNZ (2025) GHG Conversion Factors for Company Reporting (full set v1; ghg-conversion-factors-2025-full-set.xlsx); Haul definition!A189:C189
desnz_travel,DEFRA 2025,haul:DEU,short_haul,haul,UK DEFRA/DESNZ (2025) GHG Conversion Factors for Company Reporting (full set v1; ghg-conversion-factors-2025-full-set.xlsx); Haul definition!A190:C190
desnz_travel,DEFRA 2025,haul:GIB,short_haul,haul,UK DEFRA/DESNZ (2025) GHG Conversion Factors for Company Reporting (full set v1; ghg-conversion-factors-2025-full-set.xlsx); Haul definition!A191:C191
desnz_travel,DEFRA 2025,haul:GRC,short_haul,haul,UK DEFRA/DESNZ (2025) GHG Conversion Factors for Company Reporting (full set v1; ghg-conversion-factors-2025-full-set.xlsx); Haul definition!A192:C192
desnz_travel,DEFRA 2025,haul:GRL,short_haul,haul,UK DEFRA/DESNZ (2025) GHG Conversion Factors for Company Reporting (full set v1; ghg-conversion-factors-2025-full-set.xlsx); Haul definition!A193:C193
desnz_travel,DEFRA 2025,haul:HUN,short_haul,haul,UK DEFRA/DESNZ (2025) GHG Conversion Factors for Company Reporting (full set v1; ghg-conversion-factors-2025-full-set.xlsx); Haul definition!A194:C194
desnz_travel,DEFRA 2025,haul:ISL,short_haul,haul,UK DEFRA/DESNZ (2025) GHG Conversion Factors for Company Reporting (full set v1; ghg-conversion-factors-2025-full-set.xlsx); Haul definition!A195:C195
desnz_travel,DEFRA 2025,haul:IRL,short_haul,haul,UK DEFRA/DESNZ (2025) GHG Conversion Factors for Company Reporting (full set v1; ghg-conversion-factors-2025-full-set.xlsx); Haul definition!A196:C196
desnz_travel,DEFRA 2025,haul:ITA,short_haul,haul,UK DEFRA/DESNZ (2025) GHG Conversion Factors for Company Reporting (full set v1; ghg-conversion-factors-2025-full-set.xlsx); Haul definition!A197:C197
desnz_travel,DEFRA 2025,haul:XKX,short_haul,haul,UK DEFRA/DESNZ (2025) GHG Conversion Factors for Company Reporting (full set v1; ghg-conversion-factors-2025-full-set.xlsx); Haul definition!A198:C198
desnz_travel,DEFRA 2025,haul:LVA,short_haul,haul,UK DEFRA/DESNZ (2025) GHG Conversion Factors for Company Reporting (full set v1; ghg-conversion-factors-2025-full-set.xlsx); Haul definition!A199:C199
desnz_travel,DEFRA 2025,haul:LBY,short_haul,haul,UK DEFRA/DESNZ (2025) GHG Conversion Factors for Company Reporting (full set v1; ghg-conversion-factors-2025-full-set.xlsx); Haul definition!A200:C200
desnz_travel,DEFRA 2025,haul:LTU,short_haul,haul,UK DEFRA/DESNZ (2025) GHG Conversion Factors for Company Reporting (full set v1; ghg-conversion-factors-2025-full-set.xlsx); Haul definition!A201:C201
desnz_travel,DEFRA 2025,haul:LUX,short_haul,haul,UK DEFRA/DESNZ (2025) GHG Conversion Factors for Company Reporting (full set v1; ghg-conversion-factors-2025-full-set.xlsx); Haul definition!A202:C202
desnz_travel,DEFRA 2025,haul:MKD,short_haul,haul,UK DEFRA/DESNZ (2025) GHG Conversion Factors for Company Reporting (full set v1; ghg-conversion-factors-2025-full-set.xlsx); Haul definition!A203:C203
desnz_travel,DEFRA 2025,haul:MLT,short_haul,haul,UK DEFRA/DESNZ (2025) GHG Conversion Factors for Company Reporting (full set v1; ghg-conversion-factors-2025-full-set.xlsx); Haul definition!A204:C204
desnz_travel,DEFRA 2025,haul:MNE,short_haul,haul,UK DEFRA/DESNZ (2025) GHG Conversion Factors for Company Reporting (full set v1; ghg-conversion-factors-2025-full-set.xlsx); Haul definition!A205:C205
desnz_travel,DEFRA 2025,haul:MAR,short_haul,haul,UK DEFRA/DESNZ (2025) GHG Conversion Factors for Company Reporting (full set v1; ghg-conversion-factors-2025-full-set.xlsx); Haul definition!A206:C206
desnz_travel,DEFRA 2025,haul:NLD,short_haul,haul,UK DEFRA/DESNZ (2025) GHG Conversion Factors for Company Reporting (full set v1; ghg-conversion-factors-2025-full-set.xlsx); Haul definition!A207:C207
desnz_travel,DEFRA 2025,haul:NOR,short_haul,haul,UK DEFRA/DESNZ (2025) GHG Conversion Factors for Company Reporting (full set v1; ghg-conversion-factors-2025-full-set.xlsx); Haul definition!A208:C208
desnz_travel,DEFRA 2025,haul:POL,short_haul,haul,UK DEFRA/DESNZ (2025) GHG Conversion Factors for Company Reporting (full set v1; ghg-conversion-factors-2025-full-set.xlsx); Haul definition!A209:C209
desnz_travel,DEFRA 2025,haul:PRT,short_haul,haul,UK DEFRA/DESNZ (2025) GHG Conversion Factors for Company Reporting (full set v1; ghg-conversion-factors-2025-full-set.xlsx); Haul definition!A210:C210
desnz_travel,DEFRA 2025,haul:ROU,short_haul,haul,UK DEFRA/DESNZ (2025) GHG Conversion Factors for Company Reporting (full set v1; ghg-conversion-factors-2025-full-set.xlsx); Haul definition!A211:C211
desnz_travel,DEFRA 2025,haul:SRB,short_haul,haul,UK DEFRA/DESNZ (2025) GHG Conversion Factors for Company Reporting (full set v1; ghg-conversion-factors-2025-full-set.xlsx); Haul definition!A212:C212
desnz_travel,DEFRA 2025,haul:SVK,short_haul,haul,UK DEFRA/DESNZ (2025) GHG Conversion Factors for Company Reporting (full set v1; ghg-conversion-factors-2025-full-set.xlsx); Haul definition!A213:C213
desnz_travel,DEFRA 2025,haul:SVN,short_haul,haul,UK DEFRA/DESNZ (2025) GHG Conversion Factors for Company Reporting (full set v1; ghg-conversion-factors-2025-full-set.xlsx); Haul definition!A214:C214
desnz_travel,DEFRA 2025,haul:ESP,short_haul,haul,UK DEFRA/DESNZ (2025) GHG Conversion Factors for Company Reporting (full set v1; ghg-conversion-factors-2025-full-set.xlsx); Haul definition!A215:C215
desnz_travel,DEFRA 2025,haul:SWE,short_haul,haul,UK DEFRA/DESNZ (2025) GHG Conversion Factors for Company Reporting (full set v1; ghg-conversion-factors-2025-full-set.xlsx); Haul definition!A216:C216
desnz_travel,DEFRA 2025,haul:CHE,short_haul,haul,UK DEFRA/DESNZ (2025) GHG Conversion Factors for Company Reporting (full set v1; ghg-conversion-factors-2025-full-set.xlsx); Haul definition!A217:C217
desnz_travel,DEFRA 2025,haul:TUN,short_haul,haul,UK DEFRA/DESNZ (2025) GHG Conversion Factors for Company Reporting (full set v1; ghg-conversion-factors-2025-full-set.xlsx); Haul definition!A218:C218
desnz_travel,DEFRA 2025,haul:TUR,short_haul,haul,UK DEFRA/DESNZ (2025) GHG Conversion Factors for Company Reporting (full set v1; ghg-conversion-factors-2025-full-set.xlsx); Haul definition!A219:C219
desnz_travel,DEFRA 2025,haul:ESH,short_haul,haul,UK DEFRA/DESNZ (2025) GHG Conversion Factors for Company Reporting (full set v1; ghg-conversion-factors-2025-full-set.xlsx); Haul definition!A220:C220
desnz_travel,DEFRA 2025,rail:National rail,0.03546,kg CO2e per passenger.km,UK DEFRA/DESNZ (2025) GHG Conversion Factors for Company Reporting (full set v1; ghg-conversion-factors-2025-full-set.xlsx); Business travel- land!D87:G87
desnz_travel,DEFRA 2025,rail:International rail,0.00446,kg CO2e per passenger.km,UK DEFRA/DESNZ (2025) GHG Conversion Factors for Company Reporting (full set v1; ghg-conversion-factors-2025-full-set.xlsx); Business travel- land!D88:G88
desnz_travel,DEFRA 2025,rail:Light rail and tram,0.0286,kg CO2e per passenger.km,UK DEFRA/DESNZ (2025) GHG Conversion Factors for Company Reporting (full set v1; ghg-conversion-factors-2025-full-set.xlsx); Business travel- land!D89:G89
desnz_travel,DEFRA 2025,rail:London Underground,0.0278,kg CO2e per passenger.km,UK DEFRA/DESNZ (2025) GHG Conversion Factors for Company Reporting (full set v1; ghg-conversion-factors-2025-full-set.xlsx); Business travel- land!D90:G90
desnz_travel,DEFRA 2025,wtt_rail:National rail,0.00897,kg CO2e per passenger.km,UK DEFRA/DESNZ (2025) GHG Conversion Factors for Company Reporting (full set v1; ghg-conversion-factors-2025-full-set.xlsx); WTT- pass vehs & travel- land!D83
desnz_travel,DEFRA 2025,wtt_rail:International rail,0.00117,kg CO2e per passenger.km,UK DEFRA/DESNZ (2025) GHG Conversion Factors for Company Reporting (full set v1; ghg-conversion-factors-2025-full-set.xlsx); WTT- pass vehs & travel- land!D84
desnz_travel,DEFRA 2025,wtt_rail:Light rail and tram,0.00749,kg CO2e per passenger.km,UK DEFRA/DESNZ (2025) GHG Conversion Factors for Company Reporting (full set v1; ghg-conversion-factors-2025-full-set.xlsx); WTT- pass vehs & travel- land!D85
desnz_travel,DEFRA 2025,wtt_rail:London Underground,0.00728,kg CO2e per passenger.km,UK DEFRA/DESNZ (2025) GHG Conversion Factors for Company Reporting (full set v1; ghg-conversion-factors-2025-full-set.xlsx); WTT- pass vehs & travel- land!D86
desnz_travel,DEFRA 2025,car:small:diesel,0.1434,kg CO2e per km (vehicle),UK DEFRA/DESNZ (2025) GHG Conversion Factors for Company Reporting (full set v1; ghg-conversion-factors-2025-full-set.xlsx); Business travel- land!D47:G47
desnz_travel,DEFRA 2025,car:small:petrol,0.14308,kg CO2e per km (vehicle),UK DEFRA/DESNZ (2025) GHG Conversion Factors for Company Reporting (full set v1; ghg-conversion-factors-2025-full-set.xlsx); Business travel- land!H47:K47
desnz_travel,DEFRA 2025,car:small:hybrid,0.11413,kg CO2e per km (vehicle),UK DEFRA/DESNZ (2025) GHG Conversion Factors for Company Reporting (full set v1; ghg-conversion-factors-2025-full-set.xlsx); Business travel- land!L47:O47
desnz_travel,DEFRA 2025,car:small:unknown,0.14322,kg CO2e per km (vehicle),UK DEFRA/DESNZ (2025) GHG Conversion Factors for Company Reporting (full set v1; ghg-conversion-factors-2025-full-set.xlsx); Business travel- land!X47:AA47
desnz_travel,DEFRA 2025,car:small:plug_in_hybrid,0.05669,kg CO2e per km (vehicle),UK DEFRA/DESNZ (2025) GHG Conversion Factors for Company Reporting (full set v1; ghg-conversion-factors-2025-full-set.xlsx); Business travel- land!AB47:AE47
desnz_travel,DEFRA 2025,car:small:battery_electric,0.03688,kg CO2e per km (vehicle),UK DEFRA/DESNZ (2025) GHG Conversion Factors for Company Reporting (full set v1; ghg-conversion-factors-2025-full-set.xlsx); Business travel- land!AF47:AI47
desnz_travel,DEFRA 2025,car:medium:diesel,0.17174,kg CO2e per km (vehicle),UK DEFRA/DESNZ (2025) GHG Conversion Factors for Company Reporting (full set v1; ghg-conversion-factors-2025-full-set.xlsx); Business travel- land!D49:G49
desnz_travel,DEFRA 2025,car:medium:petrol,0.17474,kg CO2e per km (vehicle),UK DEFRA/DESNZ (2025) GHG Conversion Factors for Company Reporting (full set v1; ghg-conversion-factors-2025-full-set.xlsx); Business travel- land!H49:K49
desnz_travel,DEFRA 2025,car:medium:hybrid,0.11724,kg CO2e per km (vehicle),UK DEFRA/DESNZ (2025) GHG Conversion Factors for Company Reporting (full set v1; ghg-conversion-factors-2025-full-set.xlsx); Business travel- land!L49:O49
desnz_travel,DEFRA 2025,car:medium:cng,0.15504,kg CO2e per km (vehicle),UK DEFRA/DESNZ (2025) GHG Conversion Factors for Company Reporting (full set v1; ghg-conversion-factors-2025-full-set.xlsx); Business travel- land!P49:S49
desnz_travel,DEFRA 2025,car:medium:lpg,0.17427,kg CO2e per km (vehicle),UK DEFRA/DESNZ (2025) GHG Conversion Factors for Company Reporting (full set v1; ghg-conversion-factors-2025-full-set.xlsx); Business travel- land!T49:W49
desnz_travel,DEFRA 2025,car:medium:unknown,0.17322,kg CO2e per km (vehicle),UK DEFRA/DESNZ (2025) GHG Conversion Factors for Company Reporting (full set v1; ghg-conversion-factors-2025-full-set.xlsx); Business travel- land!X49:AA49
desnz_travel,DEFRA 2025,car:medium:plug_in_hybrid,0.0882,kg CO2e per km (vehicle),UK DEFRA/DESNZ (2025) GHG Conversion Factors for Company Reporting (full set v1; ghg-conversion-factors-2025-full-set.xlsx); Business travel- land!AB49:AE49
desnz_travel,DEFRA 2025,car:medium:battery_electric,0.03882,kg CO2e per km (vehicle),UK DEFRA/DESNZ (2025) GHG Conversion Factors for Company Reporting (full set v1; ghg-conversion-factors-2025-full-set.xlsx); Business travel- land!AF49:AI49
desnz_travel,DEFRA 2025,car:large:diesel,0.21007,kg CO2e per km (vehicle),UK DEFRA/DESNZ (2025) GHG Conversion Factors for Company Reporting (full set v1; ghg-conversion-factors-2025-full-set.xlsx); Business travel- land!D51:G51
desnz_travel,DEFRA 2025,car:large:petrol,0.26828,kg CO2e per km (vehicle),UK DEFRA/DESNZ (2025) GHG Conversion Factors for Company Reporting (full set v1; ghg-conversion-factors-2025-full-set.xlsx); Business travel- land!H51:K51
desnz_travel,DEFRA 2025,car:large:hybrid,0.1565,kg CO2e per km (vehicle),UK DEFRA/DESNZ (2025) GHG Conversion Factors for Company Reporting (full set v1; ghg-conversion-factors-2025-full-set.xlsx); Business travel- land!L51:O51
desnz_travel,DEFRA 2025,car:large:cng,0.23722,kg CO2e per km (vehicle),UK DEFRA/DESNZ (2025) GHG Conversion Factors for Company Reporting (full set v1; ghg-conversion-factors-2025-full-set.xlsx); Business travel- land!P51:S51
desnz_travel,DEFRA 2025,car:large:lpg,0.26771,kg CO2e per km (vehicle),UK DEFRA/DESNZ (2025) GHG Conversion Factors for Company Reporting (full set v1; ghg-conversion-factors-2025-full-set.xlsx); Business travel- land!T51:W51
desnz_travel,DEFRA 2025,car:large:unknown,0.22678,kg CO2e per km (vehicle),UK DEFRA/DESNZ (2025) GHG Conversion Factors for Company Reporting (full set v1; ghg-conversion-factors-2025-full-set.xlsx); Business travel- land!X51:AA51
desnz_travel,DEFRA 2025,car:large:plug_in_hybrid,0.1143,kg CO2e per km (vehicle),UK DEFRA/DESNZ (2025) GHG Conversion Factors for Company Reporting (full set v1; ghg-conversion-factors-2025-full-set.xlsx); Business travel- land!AB51:AE51
desnz_travel,DEFRA 2025,car:large:battery_electric,0.04205,kg CO2e per km (vehicle),UK DEFRA/DESNZ (2025) GHG Conversion Factors for Company Reporting (full set v1; ghg-conversion-factors-2025-full-set.xlsx); Business travel- land!AF51:AI51
desnz_travel,DEFRA 2025,car:average:diesel,0.17304,kg CO2e per km (vehicle),UK DEFRA/DESNZ (2025) GHG Conversion Factors for Company Reporting (full set v1; ghg-conversion-factors-2025-full-set.xlsx); Business travel- land!D53:G53
desnz_travel,DEFRA 2025,car:average:petrol,0.16272,kg CO2e per km (vehicle),UK DEFRA/DESNZ (2025) GHG Conversion Factors for Company Reporting (full set v1; ghg-conversion-factors-2025-full-set.xlsx); Business travel- land!H53:K53
desnz_travel,DEFRA 2025,car:average:hybrid,0.12825,kg CO2e per km (vehicle),UK DEFRA/DESNZ (2025) GHG Conversion Factors for Company Reporting (full set v1; ghg-conversion-factors-2025-full-set.xlsx); Business travel- land!L53:O53
desnz_travel,DEFRA 2025,car:average:cng,0.17414,kg CO2e per km (vehicle),UK DEFRA/DESNZ (2025) GHG Conversion Factors for Company Reporting (full set v1; ghg-conversion-factors-2025-full-set.xlsx); Business travel- land!P53:S53
desnz_travel,DEFRA 2025,car:average:lpg,0.19599,kg CO2e per km (vehicle),UK DEFRA/DESNZ (2025) GHG Conversion Factors for Company Reporting (full set v1; ghg-conversion-factors-2025-full-set.xlsx); Business travel- land!T53:W53
desnz_travel,DEFRA 2025,car:average:unknown,0.16725,kg CO2e per km (vehicle),UK DEFRA/DESNZ (2025) GHG Conversion Factors for Company Reporting (full set v1; ghg-conversion-factors-2025-full-set.xlsx); Business travel- land!X53:AA53
desnz_travel,DEFRA 2025,car:average:plug_in_hybrid,0.10461,kg CO2e per km (vehicle),UK DEFRA/DESNZ (2025) GHG Conversion Factors for Company Reporting (full set v1; ghg-conversion-factors-2025-full-set.xlsx); Business travel- land!AB53:AE53
desnz_travel,DEFRA 2025,car:average:battery_electric,0.04047,kg CO2e per km (vehicle),UK DEFRA/DESNZ (2025) GHG Conversion Factors for Company Reporting (full set v1; ghg-conversion-factors-2025-full-set.xlsx); Business travel- land!AF53:AI53
desnz_travel,DEFRA 2025,wtt_car:small:diesel,0.03409,kg CO2e per km (vehicle),UK DEFRA/DESNZ (2025) GHG Conversion Factors for Company Reporting (full set v1; ghg-conversion-factors-2025-full-set.xlsx); WTT- pass vehs & travel- land!D43
desnz_travel,DEFRA 2025,wtt_car:small:petrol,0.04015,kg CO2e per km (vehicle),UK DEFRA/DESNZ (2025) GHG Conversion Factors for Company Reporting (full set v1; ghg-conversion-factors-2025-full-set.xlsx); WTT- pass vehs & travel- land!E43
desnz_travel,DEFRA 2025,wtt_car:small:hybrid,0.03026,kg CO2e per km (vehicle),UK DEFRA/DESNZ (2025) GHG Conversion Factors for Company Reporting (full set v1; ghg-conversion-factors-2025-full-set.xlsx); WTT- pass vehs & travel- land!F43
desnz_travel,DEFRA 2025,wtt_car:small:unknown,0.03836,kg CO2e per km (vehicle),UK DEFRA/DESNZ (2025) GHG Conversion Factors for Company Reporting (full set v1; ghg-conversion-factors-2025-full-set.xlsx); WTT- pass vehs & travel- land!I43
desnz_travel,DEFRA 2025,wtt_car:small:plug_in_hybrid,0.0152,kg CO2e per km (vehicle),UK DEFRA/DESNZ (2025) GHG Conversion Factors for Company Reporting (full set v1; ghg-conversion-factors-2025-full-set.xlsx); WTT- pass vehs & travel- land!J43
desnz_travel,DEFRA 2025,wtt_car:small:battery_electric,0.00948,kg CO2e per km (vehicle),UK DEFRA/DESNZ (2025) GHG Conversion Factors for Company Reporting (full set v1; ghg-conversion-factors-2025-full-set.xlsx); WTT- pass vehs & travel- land!K43
desnz_travel,DEFRA 2025,wtt_car:medium:diesel,0.04103,kg CO2e per km (vehicle),UK DEFRA/DESNZ (2025) GHG Conversion Factors for Company Reporting (full set v1; ghg-conversion-factors-2025-full-set.xlsx); WTT- pass vehs & travel- land!D45
desnz_travel,DEFRA 2025,wtt_car:medium:petrol,0.04957,kg CO2e per km (vehicle),UK DEFRA/DESNZ (2025) GHG Conversion Factors for Company Reporting (full set v1; ghg-conversion-factors-2025-full-set.xlsx); WTT- pass vehs & travel- land!E45
desnz_travel,DEFRA 2025,wtt_car:medium:hybrid,0.02998,kg CO2e per km (vehicle),UK DEFRA/DESNZ (2025) GHG Conversion Factors for Company Reporting (full set v1; ghg-conversion-factors-2025-full-set.xlsx); WTT- pass vehs & travel- land!F45
desnz_travel,DEFRA 2025,wtt_car:medium:cng,0.03211,kg CO2e per km (vehicle),UK DEFRA/DESNZ (2025) GHG Conversion Factors for Company Reporting (full set v1; ghg-conversion-factors-2025-full-set.xlsx); WTT- pass vehs & travel- land!G45
desnz_travel,DEFRA 2025,wtt_car:medium:lpg,0.02093,kg CO2e per km (vehicle),UK DEFRA/DESNZ (2025) GHG Conversion Factors for Company Reporting (full set v1; ghg-conversion-factors-2025-full-set.xlsx); WTT- pass vehs & travel- land!H45
desnz_travel,DEFRA 2025,wtt_car:medium:unknown,0.04518,kg CO2e per km (vehicle),UK DEFRA/DESNZ (2025) GHG Conversion Factors for Company Reporting (full set v1; ghg-conversion-factors-2025-full-set.xlsx); WTT- pass vehs & travel- land!I45
desnz_travel,DEFRA 2025,wtt_car:medium:plug_in_hybrid,0.02524,kg CO2e per km (vehicle),UK DEFRA/DESNZ (2025) GHG Conversion Factors for Company Reporting (full set v1; ghg-conversion-factors-2025-full-set.xlsx); WTT- pass vehs & travel- land!J45
desnz_travel,DEFRA 2025,wtt_car:medium:battery_electric,0.01022,kg CO2e per km (vehicle),UK DEFRA/DESNZ (2025) GHG Conversion Factors for Company Reporting (full set v1; ghg-conversion-factors-2025-full-set.xlsx); WTT- pass vehs & travel- land!K45
desnz_travel,DEFRA 2025,wtt_car:large:diesel,0.0507,kg CO2e per km (vehicle),UK DEFRA/DESNZ (2025) GHG Conversion Factors for Company Reporting (full set v1; ghg-conversion-factors-2025-full-set.xlsx); WTT- pass vehs & travel- land!D47
desnz_travel,DEFRA 2025,wtt_car:large:petrol,0.07528,kg CO2e per km (vehicle),UK DEFRA/DESNZ (2025) GHG Conversion Factors for Company Reporting (full set v1; ghg-conversion-factors-2025-full-set.xlsx); WTT- pass vehs & travel- land!E47
desnz_travel,DEFRA 2025,wtt_car:large:hybrid,0.03961,kg CO2e per km (vehicle),UK DEFRA/DESNZ (2025) GHG Conversion Factors for Company Reporting (full set v1; ghg-conversion-factors-2025-full-set.xlsx); WTT- pass vehs & travel- land!F47
desnz_travel,DEFRA 2025,wtt_car:large:cng,0.04876,kg CO2e per km (vehicle),UK DEFRA/DESNZ (2025) GHG Conversion Factors for Company Reporting (full set v1; ghg-conversion-factors-2025-full-set.xlsx); WTT- pass vehs & travel- land!G47
desnz_travel,DEFRA 2025,wtt_car:large:lpg,0.03179,kg CO2e per km (vehicle),UK DEFRA/DESNZ (2025) GHG Conversion Factors for Company Reporting (full set v1; ghg-conversion-factors-2025-full-set.xlsx); WTT- pass vehs & travel- land!H47
desnz_travel,DEFRA 2025,wtt_car:large:unknown,0.05764,kg CO2e per km (vehicle),UK DEFRA/DESNZ (2025) GHG Conversion Factors for Company Reporting (full set v1; ghg-conversion-factors-2025-full-set.xlsx); WTT- pass vehs & travel- land!I47
desnz_travel,DEFRA 2025,wtt_car:large:plug_in_hybrid,0.03221,kg CO2e per km (vehicle),UK DEFRA/DESNZ (2025) GHG Conversion Factors for Company Reporting (full set v1; ghg-conversion-factors-2025-full-set.xlsx); WTT- pass vehs & travel- land!J47
desnz_travel,DEFRA 2025,wtt_car:large:battery_electric,0.01088,kg CO2e per km (vehicle),UK DEFRA/DESNZ (2025) GHG Conversion Factors for Company Reporting (full set v1; ghg-conversion-factors-2025-full-set.xlsx); WTT- pass vehs & travel- land!K47
desnz_travel,DEFRA 2025,wtt_car:average:diesel,0.04146,kg CO2e per km (vehicle),UK DEFRA/DESNZ (2025) GHG Conversion Factors for Company Reporting (full set v1; ghg-conversion-factors-2025-full-set.xlsx); WTT- pass vehs & travel- land!D49
desnz_travel,DEFRA 2025,wtt_car:average:petrol,0.04599,kg CO2e per km (vehicle),UK DEFRA/DESNZ (2025) GHG Conversion Factors for Company Reporting (full set v1; ghg-conversion-factors-2025-full-set.xlsx); WTT- pass vehs & travel- land!E49
desnz_travel,DEFRA 2025,wtt_car:average:hybrid,0.03315,kg CO2e per km (vehicle),UK DEFRA/DESNZ (2025) GHG Conversion Factors for Company Reporting (full set v1; ghg-conversion-factors-2025-full-set.xlsx); WTT- pass vehs & travel- land!F49
desnz_travel,DEFRA 2025,wtt_car:average:cng,0.03591,kg CO2e per km (vehicle),UK DEFRA/DESNZ (2025) GHG Conversion Factors for Company Reporting (full set v1; ghg-conversion-factors-2025-full-set.xlsx); WTT- pass vehs & travel- land!G49
desnz_travel,DEFRA 2025,wtt_car:average:lpg,0.02341,kg CO2e per km (vehicle),UK DEFRA/DESNZ (2025) GHG Conversion Factors for Company Reporting (full set v1; ghg-conversion-factors-2025-full-set.xlsx); WTT- pass vehs & travel- land!H49
desnz_travel,DEFRA 2025,wtt_car:average:unknown,0.04399,kg CO2e per km (vehicle),UK DEFRA/DESNZ (2025) GHG Conversion Factors for Company Reporting (full set v1; ghg-conversion-factors-2025-full-set.xlsx); WTT- pass vehs & travel- land!I49
desnz_travel,DEFRA 2025,wtt_car:average:plug_in_hybrid,0.02934,kg CO2e per km (vehicle),UK DEFRA/DESNZ (2025) GHG Conversion Factors for Company Reporting (full set v1; ghg-conversion-factors-2025-full-set.xlsx); WTT- pass vehs & travel- land!J49
desnz_travel,DEFRA 2025,wtt_car:average:battery_electric,0.01049,kg CO2e per km (vehicle),UK DEFRA/DESNZ (2025) GHG Conversion Factors for Company Reporting (full set v1; ghg-conversion-factors-2025-full-set.xlsx); WTT- pass vehs & travel- land!K49
desnz_travel,DEFRA 2025,motorbike:small,0.08319,kg CO2e per km (vehicle),UK DEFRA/DESNZ (2025) GHG Conversion Factors for Company Reporting (full set v1; ghg-conversion-factors-2025-full-set.xlsx); Business travel- land!D59:G59
desnz_travel,DEFRA 2025,motorbike:medium,0.10108,kg CO2e per km (vehicle),UK DEFRA/DESNZ (2025) GHG Conversion Factors for Company Reporting (full set v1; ghg-conversion-factors-2025-full-set.xlsx); Business travel- land!D61:G61
desnz_travel,DEFRA 2025,motorbike:large,0.13252,kg CO2e per km (vehicle),UK DEFRA/DESNZ (2025) GHG Conversion Factors for Company Reporting (full set v1; ghg-conversion-factors-2025-full-set.xlsx); Business travel- land!D63:G63
desnz_travel,DEFRA 2025,motorbike:average,0.11367,kg CO2e per km (vehicle),UK DEFRA/DESNZ (2025) GHG Conversion Factors for Company Reporting (full set v1; ghg-conversion-factors-2025-full-set.xlsx); Business travel- land!D65:G65
desnz_travel,DEFRA 2025,wtt_motorbike:small,0.02148,kg CO2e per km (vehicle),UK DEFRA/DESNZ (2025) GHG Conversion Factors for Company Reporting (full set v1; ghg-conversion-factors-2025-full-set.xlsx); WTT- pass vehs & travel- land!D55
desnz_travel,DEFRA 2025,wtt_motorbike:medium,0.02608,kg CO2e per km (vehicle),UK DEFRA/DESNZ (2025) GHG Conversion Factors for Company Reporting (full set v1; ghg-conversion-factors-2025-full-set.xlsx); WTT- pass vehs & travel- land!D57
desnz_travel,DEFRA 2025,wtt_motorbike:large,0.03469,kg CO2e per km (vehicle),UK DEFRA/DESNZ (2025) GHG Conversion Factors for Company Reporting (full set v1; ghg-conversion-factors-2025-full-set.xlsx); WTT- pass vehs & travel- land!D59
desnz_travel,DEFRA 2025,wtt_motorbike:average,0.02956,kg CO2e per km (vehicle),UK DEFRA/DESNZ (2025) GHG Conversion Factors for Company Reporting (full set v1; ghg-conversion-factors-2025-full-set.xlsx); WTT- pass vehs & travel- land!D61
desnz_travel,DEFRA 2025,taxi:regular:passenger_km,0.14861,kg CO2e per passenger.km,UK DEFRA/DESNZ (2025) GHG Conversion Factors for Company Reporting (full set v1; ghg-conversion-factors-2025-full-set.xlsx); Business travel- land!D71:G71
desnz_travel,DEFRA 2025,taxi:regular:vehicle_km,0.20806,kg CO2e per km (vehicle),UK DEFRA/DESNZ (2025) GHG Conversion Factors for Company Reporting (full set v1; ghg-conversion-factors-2025-full-set.xlsx); Business travel- land!D72:G72
desnz_travel,DEFRA 2025,taxi:black_cab:passenger_km,0.20402,kg CO2e per passenger.km,UK DEFRA/DESNZ (2025) GHG Conversion Factors for Company Reporting (full set v1; ghg-conversion-factors-2025-full-set.xlsx); Business travel- land!D73:G73
desnz_travel,DEFRA 2025,taxi:black_cab:vehicle_km,0.30604,kg CO2e per km (vehicle),UK DEFRA/DESNZ (2025) GHG Conversion Factors for Company Reporting (full set v1; ghg-conversion-factors-2025-full-set.xlsx); Business travel- land!D74:G74
desnz_travel,DEFRA 2025,wtt_taxi:regular:passenger_km,0.03697,kg CO2e per passenger.km,UK DEFRA/DESNZ (2025) GHG Conversion Factors for Company Reporting (full set v1; ghg-conversion-factors-2025-full-set.xlsx); WTT- pass vehs & travel- land!D67
desnz_travel,DEFRA 2025,wtt_taxi:regular:vehicle_km,0.05176,kg CO2e per km (vehicle),UK DEFRA/DESNZ (2025) GHG Conversion Factors for Company Reporting (full set v1; ghg-conversion-factors-2025-full-set.xlsx); WTT- pass vehs & travel- land!D68
desnz_travel,DEFRA 2025,wtt_taxi:black_cab:passenger_km,0.0509,kg CO2e per passenger.km,UK DEFRA/DESNZ (2025) GHG Conversion Factors for Company Reporting (full set v1; ghg-conversion-factors-2025-full-set.xlsx); WTT- pass vehs & travel- land!D69
desnz_travel,DEFRA 2025,wtt_taxi:black_cab:vehicle_km,0.07634,kg CO2e per km (vehicle),UK DEFRA/DESNZ (2025) GHG Conversion Factors for Company Reporting (full set v1; ghg-conversion-factors-2025-full-set.xlsx); WTT- pass vehs & travel- land!D70
desnz_travel,DEFRA 2025,bus:local_not_london,0.12525,kg CO2e per passenger.km,UK DEFRA/DESNZ (2025) GHG Conversion Factors for Company Reporting (full set v1; ghg-conversion-factors-2025-full-set.xlsx); Business travel- land!D79:G79
desnz_travel,DEFRA 2025,bus:local_london,0.06875,kg CO2e per passenger.km,UK DEFRA/DESNZ (2025) GHG Conversion Factors for Company Reporting (full set v1; ghg-conversion-factors-2025-full-set.xlsx); Business travel- land!D80:G80
desnz_travel,DEFRA 2025,bus:average_local,0.10385,kg CO2e per passenger.km,UK DEFRA/DESNZ (2025) GHG Conversion Factors for Company Reporting (full set v1; ghg-conversion-factors-2025-full-set.xlsx); Business travel- land!D81:G81
desnz_travel,DEFRA 2025,bus:coach,0.02776,kg CO2e per passenger.km,UK DEFRA/DESNZ (2025) GHG Conversion Factors for Company Reporting (full set v1; ghg-conversion-factors-2025-full-set.xlsx); Business travel- land!D82:G82
desnz_travel,DEFRA 2025,wtt_bus:local_not_london,0.03174,kg CO2e per passenger.km,UK DEFRA/DESNZ (2025) GHG Conversion Factors for Company Reporting (full set v1; ghg-conversion-factors-2025-full-set.xlsx); WTT- pass vehs & travel- land!D75
desnz_travel,DEFRA 2025,wtt_bus:local_london,0.01821,kg CO2e per passenger.km,UK DEFRA/DESNZ (2025) GHG Conversion Factors for Company Reporting (full set v1; ghg-conversion-factors-2025-full-set.xlsx); WTT- pass vehs & travel- land!D76
desnz_travel,DEFRA 2025,wtt_bus:average_local,0.02649,kg CO2e per passenger.km,UK DEFRA/DESNZ (2025) GHG Conversion Factors for Company Reporting (full set v1; ghg-conversion-factors-2025-full-set.xlsx); WTT- pass vehs & travel- land!D77
desnz_travel,DEFRA 2025,wtt_bus:coach,0.00656,kg CO2e per passenger.km,UK DEFRA/DESNZ (2025) GHG Conversion Factors for Company Reporting (full set v1; ghg-conversion-factors-2025-full-set.xlsx); WTT- pass vehs & travel- land!D78
desnz_travel,DEFRA 2025,homeworking:office_equipment,0.03144,kg CO2e per FTE working hour,UK DEFRA/DESNZ (2025) GHG Conversion Factors for Company Reporting (full set v1; ghg-conversion-factors-2025-full-set.xlsx); Homeworking!C22
desnz_travel,DEFRA 2025,homeworking:heating,0.30234,kg CO2e per FTE working hour,UK DEFRA/DESNZ (2025) GHG Conversion Factors for Company Reporting (full set v1; ghg-conversion-factors-2025-full-set.xlsx); Homeworking!C23
desnz_travel,DEFRA 2025,homeworking:combined,0.33378,kg CO2e per FTE working hour,UK DEFRA/DESNZ (2025) GHG Conversion Factors for Company Reporting (full set v1; ghg-conversion-factors-2025-full-set.xlsx); Homeworking!C24
desnz_waste,DEFRA 2025,Construction:Aggregates:Open-loop,1.00835,kg CO2e per tonne,UK DEFRA/DESNZ (2025) GHG Conversion Factors for Company Reporting (full set v1; ghg-conversion-factors-2025-full-set.xlsx); Waste disposal!D24
desnz_waste,DEFRA 2025,Construction:Aggregates:Closed-loop,1.00835,kg CO2e per tonne,UK DEFRA/DESNZ (2025) GHG Conversion Factors for Company Reporting (full set v1; ghg-conversion-factors-2025-full-set.xlsx); Waste disposal!E24
desnz_waste,DEFRA 2025,Construction:Aggregates:Landfill,1.26338,kg CO2e per tonne,UK DEFRA/DESNZ (2025) GHG Conversion Factors for Company Reporting (full set v1; ghg-conversion-factors-2025-full-set.xlsx); Waste disposal!H24
desnz_waste,DEFRA 2025,Construction:Average construction:Open-loop,1.00835,kg CO2e per tonne,UK DEFRA/DESNZ (2025) GHG Conversion Factors for Company Reporting (full set v1; ghg-conversion-factors-2025-full-set.xlsx); Waste disposal!D25
desnz_waste,DEFRA 2025,Construction:Average construction:Closed-loop,1.00835,kg CO2e per tonne,UK DEFRA/DESNZ (2025) GHG Conversion Factors for Company Reporting (full set v1; ghg-conversion-factors-2025-full-set.xlsx); Waste disposal!E25
desnz_waste,DEFRA 2025,Construction:Average construction:Combustion,4.68568,kg CO2e per tonne,"UK DEFRA/DESNZ (2025) GHG Conversion Factors for Company Reporting (full set v1; ghg-conversion-factors-2025-full-set.xlsx); Waste disposal!F25 (published as ""Incineration with energy recovery""; definition Waste disposal A12)"
desnz_waste,DEFRA 2025,Construction:Asbestos:Landfill,5.9416,kg CO2e per tonne,UK DEFRA/DESNZ (2025) GHG Conversion Factors for Company Reporting (full set v1; ghg-conversion-factors-2025-full-set.xlsx); Waste disposal!H26
desnz_waste,DEFRA 2025,Construction:Asphalt:Open-loop,1.00835,kg CO2e per tonne,UK DEFRA/DESNZ (2025) GHG Conversion Factors for Company Reporting (full set v1; ghg-conversion-factors-2025-full-set.xlsx); Waste disposal!D27
desnz_waste,DEFRA 2025,Construction:Asphalt:Closed-loop,1.00835,kg CO2e per tonne,UK DEFRA/DESNZ (2025) GHG Conversion Factors for Company Reporting (full set v1; ghg-conversion-factors-2025-full-set.xlsx); Waste disposal!E27
desnz_waste,DEFRA 2025,Construction:Asphalt:Landfill,1.26338,kg CO2e per tonne,UK DEFRA/DESNZ (2025) GHG Conversion Factors for Company Reporting (full set v1; ghg-conversion-factors-2025-full-set.xlsx); Waste disposal!H27
desnz_waste,DEFRA 2025,Construction:Bricks:Open-loop,1.00835,kg CO2e per tonne,UK DEFRA/DESNZ (2025) GHG Conversion Factors for Company Reporting (full set v1; ghg-conversion-factors-2025-full-set.xlsx); Waste disposal!D28
desnz_waste,DEFRA 2025,Construction:Bricks:Landfill,1.26338,kg CO2e per tonne,UK DEFRA/DESNZ (2025) GHG Conversion Factors for Company Reporting (full set v1; ghg-conversion-factors-2025-full-set.xlsx); Waste disposal!H28
desnz_waste,DEFRA 2025,Construction:Concrete:Open-loop,1.00835,kg CO2e per tonne,UK DEFRA/DESNZ (2025) GHG Conversion Factors for Company Reporting (full set v1; ghg-conversion-factors-2025-full-set.xlsx); Waste disposal!D29
desnz_waste,DEFRA 2025,Construction:Concrete:Closed-loop,1.00835,kg CO2e per tonne,UK DEFRA/DESNZ (2025) GHG Conversion Factors for Company Reporting (full set v1; ghg-conversion-factors-2025-full-set.xlsx); Waste disposal!E29
desnz_waste,DEFRA 2025,Construction:Concrete:Landfill,1.26338,kg CO2e per tonne,UK DEFRA/DESNZ (2025) GHG Conversion Factors for Company Reporting (full set v1; ghg-conversion-factors-2025-full-set.xlsx); Waste disposal!H29
desnz_waste,DEFRA 2025,Construction:Insulation:Closed-loop,1.00835,kg CO2e per tonne,UK DEFRA/DESNZ (2025) GHG Conversion Factors for Company Reporting (full set v1; ghg-conversion-factors-2025-full-set.xlsx); Waste disposal!E30
desnz_waste,DEFRA 2025,Construction:Insulation:Landfill,1.26338,kg CO2e per tonne,UK DEFRA/DESNZ (2025) GHG Conversion Factors for Company Reporting (full set v1; ghg-conversion-factors-2025-full-set.xlsx); Waste disposal!H30
desnz_waste,DEFRA 2025,Construction:Metals:Closed-loop,1.00835,kg CO2e per tonne,UK DEFRA/DESNZ (2025) GHG Conversion Factors for Company Reporting (full set v1; ghg-conversion-factors-2025-full-set.xlsx); Waste disposal!E31
desnz_waste,DEFRA 2025,Construction:Metals:Landfill,1.26435,kg CO2e per tonne,UK DEFRA/DESNZ (2025) GHG Conversion Factors for Company Reporting (full set v1; ghg-conversion-factors-2025-full-set.xlsx); Waste disposal!H31
desnz_waste,DEFRA 2025,Construction:Soils:Closed-loop,1.00835,kg CO2e per tonne,UK DEFRA/DESNZ (2025) GHG Conversion Factors for Company Reporting (full set v1; ghg-conversion-factors-2025-full-set.xlsx); Waste disposal!E32
desnz_waste,DEFRA 2025,Construction:Soils:Landfill,19.54671,kg CO2e per tonne,UK DEFRA/DESNZ (2025) GHG Conversion Factors for Company Reporting (full set v1; ghg-conversion-factors-2025-full-set.xlsx); Waste disposal!H32
desnz_waste,DEFRA 2025,Construction:Mineral oil:Closed-loop,4.68568,kg CO2e per tonne,UK DEFRA/DESNZ (2025) GHG Conversion Factors for Company Reporting (full set v1; ghg-conversion-factors-2025-full-set.xlsx); Waste disposal!E33
desnz_waste,DEFRA 2025,Construction:Mineral oil:Combustion,4.68568,kg CO2e per tonne,"UK DEFRA/DESNZ (2025) GHG Conversion Factors for Company Reporting (full set v1; ghg-conversion-factors-2025-full-set.xlsx); Waste disposal!F33 (published as ""Incineration with energy recovery""; definition Waste disposal A12)"
desnz_waste,DEFRA 2025,Construction:Plasterboard:Closed-loop,4.68568,kg CO2e per tonne,UK DEFRA/DESNZ (2025) GHG Conversion Factors for Company Reporting (full set v1; ghg-conversion-factors-2025-full-set.xlsx); Waste disposal!E34
desnz_waste,DEFRA 2025,Construction:Plasterboard:Landfill,71.95,kg CO2e per tonne,UK DEFRA/DESNZ (2025) GHG Conversion Factors for Company Reporting (full set v1; ghg-conversion-factors-2025-full-set.xlsx); Waste disposal!H34
desnz_waste,DEFRA 2025,Construction:Tyres:Closed-loop,4.68568,kg CO2e per tonne,UK DEFRA/DESNZ (2025) GHG Conversion Factors for Company Reporting (full set v1; ghg-conversion-factors-2025-full-set.xlsx); Waste disposal!E35
desnz_waste,DEFRA 2025,Construction:Wood:Closed-loop,4.68568,kg CO2e per tonne,UK DEFRA/DESNZ (2025) GHG Conversion Factors for Company Reporting (full set v1; ghg-conversion-factors-2025-full-set.xlsx); Waste disposal!E36
desnz_waste,DEFRA 2025,Construction:Wood:Combustion,4.68568,kg CO2e per tonne,"UK DEFRA/DESNZ (2025) GHG Conversion Factors for Company Reporting (full set v1; ghg-conversion-factors-2025-full-set.xlsx); Waste disposal!F36 (published as ""Incineration with energy recovery""; definition Waste disposal A12)"
desnz_waste,DEFRA 2025,Construction:Wood:Composting,8.98311,kg CO2e per tonne,UK DEFRA/DESNZ (2025) GHG Conversion Factors for Company Reporting (full set v1; ghg-conversion-factors-2025-full-set.xlsx); Waste disposal!G36
desnz_waste,DEFRA 2025,Construction:Wood:Landfill,925.34348,kg CO2e per tonne,UK DEFRA/DESNZ (2025) GHG Conversion Factors for Company Reporting (full set v1; ghg-conversion-factors-2025-full-set.xlsx); Waste disposal!H36
desnz_waste,DEFRA 2025,Other:Books:Closed-loop,4.68568,kg CO2e per tonne,UK DEFRA/DESNZ (2025) GHG Conversion Factors for Company Reporting (full set v1; ghg-conversion-factors-2025-full-set.xlsx); Waste disposal!E41
desnz_waste,DEFRA 2025,Other:Books:Combustion,4.68568,kg CO2e per tonne,"UK DEFRA/DESNZ (2025) GHG Conversion Factors for Company Reporting (full set v1; ghg-conversion-factors-2025-full-set.xlsx); Waste disposal!F41 (published as ""Incineration with energy recovery""; definition Waste disposal A12)"
desnz_waste,DEFRA 2025,Other:Books:Composting,8.98311,kg CO2e per tonne,UK DEFRA/DESNZ (2025) GHG Conversion Factors for Company Reporting (full set v1; ghg-conversion-factors-2025-full-set.xlsx); Waste disposal!G41
desnz_waste,DEFRA 2025,Other:Books:Landfill,1164.4894,kg CO2e per tonne,UK DEFRA/DESNZ (2025) GHG Conversion Factors for Company Reporting (full set v1; ghg-conversion-factors-2025-full-set.xlsx); Waste disposal!H41
desnz_waste,DEFRA 2025,Other:Glass:Open-loop,4.68568,kg CO2e per tonne,UK DEFRA/DESNZ (2025) GHG Conversion Factors for Company Reporting (full set v1; ghg-conversion-factors-2025-full-set.xlsx); Waste disposal!D42
desnz_waste,DEFRA 2025,Other:Glass:Closed-loop,4.68568,kg CO2e per tonne,UK DEFRA/DESNZ (2025) GHG Conversion Factors for Company Reporting (full set v1; ghg-conversion-factors-2025-full-set.xlsx); Waste disposal!E42
desnz_waste,DEFRA 2025,Other:Glass:Combustion,4.68568,kg CO2e per tonne,"UK DEFRA/DESNZ (2025) GHG Conversion Factors for Company Reporting (full set v1; ghg-conversion-factors-2025-full-set.xlsx); Waste disposal!F42 (published as ""Incineration with energy recovery""; definition Waste disposal A12)"
desnz_waste,DEFRA 2025,Other:Glass:Landfill,8.98311,kg CO2e per tonne,UK DEFRA/DESNZ (2025) GHG Conversion Factors for Company Reporting (full set v1; ghg-conversion-factors-2025-full-set.xlsx); Waste disposal!H42
desnz_waste,DEFRA 2025,Other:Clothing:Closed-loop,4.68568,kg CO2e per tonne,UK DEFRA/DESNZ (2025) GHG Conversion Factors for Company Reporting (full set v1; ghg-conversion-factors-2025-full-set.xlsx); Waste disposal!E43
desnz_waste,DEFRA 2025,Other:Clothing:Combustion,4.68568,kg CO2e per tonne,"UK DEFRA/DESNZ (2025) GHG Conversion Factors for Company Reporting (full set v1; ghg-conversion-factors-2025-full-set.xlsx); Waste disposal!F43 (published as ""Incineration with energy recovery""; definition Waste disposal A12)"
desnz_waste,DEFRA 2025,Other:Clothing:Landfill,496.78228,kg CO2e per tonne,UK DEFRA/DESNZ (2025) GHG Conversion Factors for Company Reporting (full set v1; ghg-conversion-factors-2025-full-set.xlsx); Waste disposal!H43
desnz_waste,DEFRA 2025,Refuse:Household residual waste:Combustion,4.68568,kg CO2e per tonne,"UK DEFRA/DESNZ (2025) GHG Conversion Factors for Company Reporting (full set v1; ghg-conversion-factors-2025-full-set.xlsx); Waste disposal!F48 (published as ""Incineration with energy recovery""; definition Waste disposal A12)"
desnz_waste,DEFRA 2025,Refuse:Household residual waste:Landfill,497.24244,kg CO2e per tonne,UK DEFRA/DESNZ (2025) GHG Conversion Factors for Company Reporting (full set v1; ghg-conversion-factors-2025-full-set.xlsx); Waste disposal!H48
desnz_waste,DEFRA 2025,Refuse:Organic: food and drink waste:Combustion,4.68568,kg CO2e per tonne,"UK DEFRA/DESNZ (2025) GHG Conversion Factors for Company Reporting (full set v1; ghg-conversion-factors-2025-full-set.xlsx); Waste disposal!F49 (published as ""Incineration with energy recovery""; definition Waste disposal A12)"
desnz_waste,DEFRA 2025,Refuse:Organic: food and drink waste:Composting,8.98311,kg CO2e per tonne,UK DEFRA/DESNZ (2025) GHG Conversion Factors for Company Reporting (full set v1; ghg-conversion-factors-2025-full-set.xlsx); Waste disposal!G49
desnz_waste,DEFRA 2025,Refuse:Organic: food and drink waste:Landfill,700.30886,kg CO2e per tonne,UK DEFRA/DESNZ (2025) GHG Conversion Factors for Company Reporting (full set v1; ghg-conversion-factors-2025-full-set.xlsx); Waste disposal!H49
desnz_waste,DEFRA 2025,Refuse:Organic: food and drink waste:Anaerobic digestion,8.98311,kg CO2e per tonne,UK DEFRA/DESNZ (2025) GHG Conversion Factors for Company Reporting (full set v1; ghg-conversion-factors-2025-full-set.xlsx); Waste disposal!I49
desnz_waste,DEFRA 2025,Refuse:Organic: garden waste:Combustion,4.68568,kg CO2e per tonne,"UK DEFRA/DESNZ (2025) GHG Conversion Factors for Company Reporting (full set v1; ghg-conversion-factors-2025-full-set.xlsx); Waste disposal!F50 (published as ""Incineration with energy recovery""; definition Waste disposal A12)"
desnz_waste,DEFRA 2025,Refuse:Organic: garden waste:Composting,8.98311,kg CO2e per tonne,UK DEFRA/DESNZ (2025) GHG Conversion Factors for Company Reporting (full set v1; ghg-conversion-factors-2025-full-set.xlsx); Waste disposal!G50
desnz_waste,DEFRA 2025,Refuse:Organic: garden waste:Landfill,646.70557,kg CO2e per tonne,UK DEFRA/DESNZ (2025) GHG Conversion Factors for Company Reporting (full set v1; ghg-conversion-factors-2025-full-set.xlsx); Waste disposal!H50
desnz_waste,DEFRA 2025,Refuse:Organic: garden waste:Anaerobic digestion,8.98311,kg CO2e per tonne,UK DEFRA/DESNZ (2025) GHG Conversion Factors for Company Reporting (full set v1; ghg-conversion-factors-2025-full-set.xlsx); Waste disposal!I50
desnz_waste,DEFRA 2025,Refuse:Organic: mixed food and garden waste:Combustion,4.68568,kg CO2e per tonne,"UK DEFRA/DESNZ (2025) GHG Conversion Factors for Company Reporting (full set v1; ghg-conversion-factors-2025-full-set.xlsx); Waste disposal!F51 (published as ""Incineration with energy recovery""; definition Waste disposal A12)"
desnz_waste,DEFRA 2025,Refuse:Organic: mixed food and garden waste:Composting,8.98311,kg CO2e per tonne,UK DEFRA/DESNZ (2025) GHG Conversion Factors for Company Reporting (full set v1; ghg-conversion-factors-2025-full-set.xlsx); Waste disposal!G51
desnz_waste,DEFRA 2025,Refuse:Organic: mixed food and garden waste:Landfill,656.08614,kg CO2e per tonne,UK DEFRA/DESNZ (2025) GHG Conversion Factors for Company Reporting (full set v1; ghg-conversion-factors-2025-full-set.xlsx); Waste disposal!H51
desnz_waste,DEFRA 2025,Refuse:Organic: mixed food and garden waste:Anaerobic digestion,8.98311,kg CO2e per tonne,UK DEFRA/DESNZ (2025) GHG Conversion Factors for Company Reporting (full set v1; ghg-conversion-factors-2025-full-set.xlsx); Waste disposal!I51
desnz_waste,DEFRA 2025,Refuse:Commercial and industrial waste:Combustion,4.68568,kg CO2e per tonne,"UK DEFRA/DESNZ (2025) GHG Conversion Factors for Company Reporting (full set v1; ghg-conversion-factors-2025-full-set.xlsx); Waste disposal!F52 (published as ""Incineration with energy recovery""; definition Waste disposal A12)"
desnz_waste,DEFRA 2025,Refuse:Commercial and industrial waste:Landfill,520.5327,kg CO2e per tonne,UK DEFRA/DESNZ (2025) GHG Conversion Factors for Company Reporting (full set v1; ghg-conversion-factors-2025-full-set.xlsx); Waste disposal!H52
desnz_waste,DEFRA 2025,Electrical items:WEEE - fridges and freezers:Open-loop,4.68568,kg CO2e per tonne,UK DEFRA/DESNZ (2025) GHG Conversion Factors for Company Reporting (full set v1; ghg-conversion-factors-2025-full-set.xlsx); Waste disposal!D57
desnz_waste,DEFRA 2025,Electrical items:WEEE - fridges and freezers:Landfill,8.98311,kg CO2e per tonne,UK DEFRA/DESNZ (2025) GHG Conversion Factors for Company Reporting (full set v1; ghg-conversion-factors-2025-full-set.xlsx); Waste disposal!H57
desnz_waste,DEFRA 2025,Electrical items:WEEE - large:Open-loop,4.68568,kg CO2e per tonne,UK DEFRA/DESNZ (2025) GHG Conversion Factors for Company Reporting (full set v1; ghg-conversion-factors-2025-full-set.xlsx); Waste disposal!D58
desnz_waste,DEFRA 2025,Electrical items:WEEE - large:Combustion,4.68568,kg CO2e per tonne,"UK DEFRA/DESNZ (2025) GHG Conversion Factors for Company Reporting (full set v1; ghg-conversion-factors-2025-full-set.xlsx); Waste disposal!F58 (published as ""Incineration with energy recovery""; definition Waste disposal A12)"
desnz_waste,DEFRA 2025,Electrical items:WEEE - large:Landfill,8.98311,kg CO2e per tonne,UK DEFRA/DESNZ (2025) GHG Conversion Factors for Company Reporting (full set v1; ghg-conversion-factors-2025-full-set.xlsx); Waste disposal!H58
desnz_waste,DEFRA 2025,Electrical items:WEEE - mixed:Open-loop,4.68568,kg CO2e per tonne,UK DEFRA/DESNZ (2025) GHG Conversion Factors for Company Reporting (full set v1; ghg-conversion-factors-2025-full-set.xlsx); Waste disposal!D59
desnz_waste,DEFRA 2025,Electrical items:WEEE - mixed:Combustion,4.68568,kg CO2e per tonne,"UK DEFRA/DESNZ (2025) GHG Conversion Factors for Company Reporting (full set v1; ghg-conversion-factors-2025-full-set.xlsx); Waste disposal!F59 (published as ""Incineration with energy recovery""; definition Waste disposal A12)"
desnz_waste,DEFRA 2025,Electrical items:WEEE - mixed:Landfill,8.98311,kg CO2e per tonne,UK DEFRA/DESNZ (2025) GHG Conversion Factors for Company Reporting (full set v1; ghg-conversion-factors-2025-full-set.xlsx); Waste disposal!H59
desnz_waste,DEFRA 2025,Electrical items:WEEE - small:Open-loop,4.68568,kg CO2e per tonne,UK DEFRA/DESNZ (2025) GHG Conversion Factors for Company Reporting (full set v1; ghg-conversion-factors-2025-full-set.xlsx); Waste disposal!D60
desnz_waste,DEFRA 2025,Electrical items:WEEE - small:Combustion,4.68568,kg CO2e per tonne,"UK DEFRA/DESNZ (2025) GHG Conversion Factors for Company Reporting (full set v1; ghg-conversion-factors-2025-full-set.xlsx); Waste disposal!F60 (published as ""Incineration with energy recovery""; definition Waste disposal A12)"
desnz_waste,DEFRA 2025,Electrical items:WEEE - small:Landfill,8.98311,kg CO2e per tonne,UK DEFRA/DESNZ (2025) GHG Conversion Factors for Company Reporting (full set v1; ghg-conversion-factors-2025-full-set.xlsx); Waste disposal!H60
desnz_waste,DEFRA 2025,Electrical items:Batteries:Open-loop,4.68568,kg CO2e per tonne,UK DEFRA/DESNZ (2025) GHG Conversion Factors for Company Reporting (full set v1; ghg-conversion-factors-2025-full-set.xlsx); Waste disposal!D61
desnz_waste,DEFRA 2025,Electrical items:Batteries:Landfill,8.98311,kg CO2e per tonne,UK DEFRA/DESNZ (2025) GHG Conversion Factors for Company Reporting (full set v1; ghg-conversion-factors-2025-full-set.xlsx); Waste disposal!H61
desnz_waste,DEFRA 2025,Metal:Metal: aluminium cans and foil (excl. forming):Open-loop,4.68568,kg CO2e per tonne,UK DEFRA/DESNZ (2025) GHG Conversion Factors for Company Reporting (full set v1; ghg-conversion-factors-2025-full-set.xlsx); Waste disposal!D66
desnz_waste,DEFRA 2025,Metal:Metal: aluminium cans and foil (excl. forming):Closed-loop,4.68568,kg CO2e per tonne,UK DEFRA/DESNZ (2025) GHG Conversion Factors for Company Reporting (full set v1; ghg-conversion-factors-2025-full-set.xlsx); Waste disposal!E66
desnz_waste,DEFRA 2025,Metal:Metal: aluminium cans and foil (excl. forming):Combustion,4.68568,kg CO2e per tonne,"UK DEFRA/DESNZ (2025) GHG Conversion Factors for Company Reporting (full set v1; ghg-conversion-factors-2025-full-set.xlsx); Waste disposal!F66 (published as ""Incineration with energy recovery""; definition Waste disposal A12)"
desnz_waste,DEFRA 2025,Metal:Metal: aluminium cans and foil (excl. forming):Landfill,8.98311,kg CO2e per tonne,UK DEFRA/DESNZ (2025) GHG Conversion Factors for Company Reporting (full set v1; ghg-conversion-factors-2025-full-set.xlsx); Waste disposal!H66
desnz_waste,DEFRA 2025,Metal:Metal: mixed cans:Open-loop,4.68568,kg CO2e per tonne,UK DEFRA/DESNZ (2025) GHG Conversion Factors for Company Reporting (full set v1; ghg-conversion-factors-2025-full-set.xlsx); Waste disposal!D67
desnz_waste,DEFRA 2025,Metal:Metal: mixed cans:Closed-loop,4.68568,kg CO2e per tonne,UK DEFRA/DESNZ (2025) GHG Conversion Factors for Company Reporting (full set v1; ghg-conversion-factors-2025-full-set.xlsx); Waste disposal!E67
desnz_waste,DEFRA 2025,Metal:Metal: mixed cans:Combustion,4.68568,kg CO2e per tonne,"UK DEFRA/DESNZ (2025) GHG Conversion Factors for Company Reporting (full set v1; ghg-conversion-factors-2025-full-set.xlsx); Waste disposal!F67 (published as ""Incineration with energy recovery""; definition Waste disposal A12)"
desnz_waste,DEFRA 2025,Metal:Metal: mixed cans:Landfill,8.98311,kg CO2e per tonne,UK DEFRA/DESNZ (2025) GHG Conversion Factors for Company Reporting (full set v1; ghg-conversion-factors-2025-full-set.xlsx); Waste disposal!H67
desnz_waste,DEFRA 2025,Metal:Metal: scrap metal:Open-loop,4.68568,kg CO2e per tonne,UK DEFRA/DESNZ (2025) GHG Conversion Factors for Company Reporting (full set v1; ghg-conversion-factors-2025-full-set.xlsx); Waste disposal!D68
desnz_waste,DEFRA 2025,Metal:Metal: scrap metal:Closed-loop,4.68568,kg CO2e per tonne,UK DEFRA/DESNZ (2025) GHG Conversion Factors for Company Reporting (full set v1; ghg-conversion-factors-2025-full-set.xlsx); Waste disposal!E68
desnz_waste,DEFRA 2025,Metal:Metal: scrap metal:Combustion,4.68568,kg CO2e per tonne,"UK DEFRA/DESNZ (2025) GHG Conversion Factors for Company Reporting (full set v1; ghg-conversion-factors-2025-full-set.xlsx); Waste disposal!F68 (published as ""Incineration with energy recovery""; definition Waste disposal A12)"
desnz_waste,DEFRA 2025,Metal:Metal: scrap metal:Landfill,8.98311,kg CO2e per tonne,UK DEFRA/DESNZ (2025) GHG Conversion Factors for Company Reporting (full set v1; ghg-conversion-factors-2025-full-set.xlsx); Waste disposal!H68
desnz_waste,DEFRA 2025,Metal:Metal: steel cans:Open-loop,4.68568,kg CO2e per tonne,UK DEFRA/DESNZ (2025) GHG Conversion Factors for Company Reporting (full set v1; ghg-conversion-factors-2025-full-set.xlsx); Waste disposal!D69
desnz_waste,DEFRA 2025,Metal:Metal: steel cans:Closed-loop,4.68568,kg CO2e per tonne,UK DEFRA/DESNZ (2025) GHG Conversion Factors for Company Reporting (full set v1; ghg-conversion-factors-2025-full-set.xlsx); Waste disposal!E69
desnz_waste,DEFRA 2025,Metal:Metal: steel cans:Combustion,4.68568,kg CO2e per tonne,"UK DEFRA/DESNZ (2025) GHG Conversion Factors for Company Reporting (full set v1; ghg-conversion-factors-2025-full-set.xlsx); Waste disposal!F69 (published as ""Incineration with energy recovery""; definition Waste disposal A12)"
desnz_waste,DEFRA 2025,Metal:Metal: steel cans:Landfill,8.98311,kg CO2e per tonne,UK DEFRA/DESNZ (2025) GHG Conversion Factors for Company Reporting (full set v1; ghg-conversion-factors-2025-full-set.xlsx); Waste disposal!H69
desnz_waste,DEFRA 2025,Plastic:Plastics: average plastics:Open-loop,4.68568,kg CO2e per tonne,UK DEFRA/DESNZ (2025) GHG Conversion Factors for Company Reporting (full set v1; ghg-conversion-factors-2025-full-set.xlsx); Waste disposal!D74
desnz_waste,DEFRA 2025,Plastic:Plastics: average plastics:Closed-loop,4.68568,kg CO2e per tonne,UK DEFRA/DESNZ (2025) GHG Conversion Factors for Company Reporting (full set v1; ghg-conversion-factors-2025-full-set.xlsx); Waste disposal!E74
desnz_waste,DEFRA 2025,Plastic:Plastics: average plastics:Combustion,4.68568,kg CO2e per tonne,"UK DEFRA/DESNZ (2025) GHG Conversion Factors for Company Reporting (full set v1; ghg-conversion-factors-2025-full-set.xlsx); Waste disposal!F74 (published as ""Incineration with energy recovery""; definition Waste disposal A12)"
desnz_waste,DEFRA 2025,Plastic:Plastics: average plastics:Landfill,8.98311,kg CO2e per tonne,UK DEFRA/DESNZ (2025) GHG Conversion Factors for Company Reporting (full set v1; ghg-conversion-factors-2025-full-set.xlsx); Waste disposal!H74
desnz_waste,DEFRA 2025,Plastic:Plastics: average plastic film:Open-loop,4.68568,kg CO2e per tonne,UK DEFRA/DESNZ (2025) GHG Conversion Factors for Company Reporting (full set v1; ghg-conversion-factors-2025-full-set.xlsx); Waste disposal!D75
desnz_waste,DEFRA 2025,Plastic:Plastics: average plastic film:Closed-loop,4.68568,kg CO2e per tonne,UK DEFRA/DESNZ (2025) GHG Conversion Factors for Company Reporting (full set v1; ghg-conversion-factors-2025-full-set.xlsx); Waste disposal!E75
desnz_waste,DEFRA 2025,Plastic:Plastics: average plastic film:Combustion,4.68568,kg CO2e per tonne,"UK DEFRA/DESNZ (2025) GHG Conversion Factors for Company Reporting (full set v1; ghg-conversion-factors-2025-full-set.xlsx); Waste disposal!F75 (published as ""Incineration with energy recovery""; definition Waste disposal A12)"
desnz_waste,DEFRA 2025,Plastic:Plastics: average plastic film:Landfill,8.98311,kg CO2e per tonne,UK DEFRA/DESNZ (2025) GHG Conversion Factors for Company Reporting (full set v1; ghg-conversion-factors-2025-full-set.xlsx); Waste disposal!H75
desnz_waste,DEFRA 2025,Plastic:Plastics: average plastic rigid:Open-loop,4.68568,kg CO2e per tonne,UK DEFRA/DESNZ (2025) GHG Conversion Factors for Company Reporting (full set v1; ghg-conversion-factors-2025-full-set.xlsx); Waste disposal!D76
desnz_waste,DEFRA 2025,Plastic:Plastics: average plastic rigid:Closed-loop,4.68568,kg CO2e per tonne,UK DEFRA/DESNZ (2025) GHG Conversion Factors for Company Reporting (full set v1; ghg-conversion-factors-2025-full-set.xlsx); Waste disposal!E76
desnz_waste,DEFRA 2025,Plastic:Plastics: average plastic rigid:Combustion,4.68568,kg CO2e per tonne,"UK DEFRA/DESNZ (2025) GHG Conversion Factors for Company Reporting (full set v1; ghg-conversion-factors-2025-full-set.xlsx); Waste disposal!F76 (published as ""Incineration with energy recovery""; definition Waste disposal A12)"
desnz_waste,DEFRA 2025,Plastic:Plastics: average plastic rigid:Landfill,8.98311,kg CO2e per tonne,UK DEFRA/DESNZ (2025) GHG Conversion Factors for Company Reporting (full set v1; ghg-conversion-factors-2025-full-set.xlsx); Waste disposal!H76
desnz_waste,DEFRA 2025,Plastic:Plastics: HDPE (incl. forming):Open-loop,4.68568,kg CO2e per tonne,UK DEFRA/DESNZ (2025) GHG Conversion Factors for Company Reporting (full set v1; ghg-conversion-factors-2025-full-set.xlsx); Waste disposal!D77
desnz_waste,DEFRA 2025,Plastic:Plastics: HDPE (incl. forming):Closed-loop,4.68568,kg CO2e per tonne,UK DEFRA/DESNZ (2025) GHG Conversion Factors for Company Reporting (full set v1; ghg-conversion-factors-2025-full-set.xlsx); Waste disposal!E77
desnz_waste,DEFRA 2025,Plastic:Plastics: HDPE (incl. forming):Combustion,4.68568,kg CO2e per tonne,"UK DEFRA/DESNZ (2025) GHG Conversion Factors for Company Reporting (full set v1; ghg-conversion-factors-2025-full-set.xlsx); Waste disposal!F77 (published as ""Incineration with energy recovery""; definition Waste disposal A12)"
desnz_waste,DEFRA 2025,Plastic:Plastics: HDPE (incl. forming):Landfill,8.98311,kg CO2e per tonne,UK DEFRA/DESNZ (2025) GHG Conversion Factors for Company Reporting (full set v1; ghg-conversion-factors-2025-full-set.xlsx); Waste disposal!H77
desnz_waste,DEFRA 2025,Plastic:Plastics: LDPE and LLDPE (incl. forming):Open-loop,4.68568,kg CO2e per tonne,UK DEFRA/DESNZ (2025) GHG Conversion Factors for Company Reporting (full set v1; ghg-conversion-factors-2025-full-set.xlsx); Waste disposal!D78
desnz_waste,DEFRA 2025,Plastic:Plastics: LDPE and LLDPE (incl. forming):Closed-loop,4.68568,kg CO2e per tonne,UK DEFRA/DESNZ (2025) GHG Conversion Factors for Company Reporting (full set v1; ghg-conversion-factors-2025-full-set.xlsx); Waste disposal!E78
desnz_waste,DEFRA 2025,Plastic:Plastics: LDPE and LLDPE (incl. forming):Combustion,4.68568,kg CO2e per tonne,"UK DEFRA/DESNZ (2025) GHG Conversion Factors for Company Reporting (full set v1; ghg-conversion-factors-2025-full-set.xlsx); Waste disposal!F78 (published as ""Incineration with energy recovery""; definition Waste disposal A12)"
desnz_waste,DEFRA 2025,Plastic:Plastics: LDPE and LLDPE (incl. forming):Landfill,8.98311,kg CO2e per tonne,UK DEFRA/DESNZ (2025) GHG Conversion Factors for Company Reporting (full set v1; ghg-conversion-factors-2025-full-set.xlsx); Waste disposal!H78
desnz_waste,DEFRA 2025,Plastic:Plastics: PET (incl. forming):Open-loop,4.68568,kg CO2e per tonne,UK DEFRA/DESNZ (2025) GHG Conversion Factors for Company Reporting (full set v1; ghg-conversion-factors-2025-full-set.xlsx); Waste disposal!D79
desnz_waste,DEFRA 2025,Plastic:Plastics: PET (incl. forming):Closed-loop,4.68568,kg CO2e per tonne,UK DEFRA/DESNZ (2025) GHG Conversion Factors for Company Reporting (full set v1; ghg-conversion-factors-2025-full-set.xlsx); Waste disposal!E79
desnz_waste,DEFRA 2025,Plastic:Plastics: PET (incl. forming):Combustion,4.68568,kg CO2e per tonne,"UK DEFRA/DESNZ (2025) GHG Conversion Factors for Company Reporting (full set v1; ghg-conversion-factors-2025-full-set.xlsx); Waste disposal!F79 (published as ""Incineration with energy recovery""; definition Waste disposal A12)"
desnz_waste,DEFRA 2025,Plastic:Plastics: PET (incl. forming):Landfill,8.98311,kg CO2e per tonne,UK DEFRA/DESNZ (2025) GHG Conversion Factors for Company Reporting (full set v1; ghg-conversion-factors-2025-full-set.xlsx); Waste disposal!H79
desnz_waste,DEFRA 2025,Plastic:Plastics: PP (incl. forming):Open-loop,4.68568,kg CO2e per tonne,UK DEFRA/DESNZ (2025) GHG Conversion Factors for Company Reporting (full set v1; ghg-conversion-factors-2025-full-set.xlsx); Waste disposal!D80
desnz_waste,DEFRA 2025,Plastic:Plastics: PP (incl. forming):Closed-loop,4.68568,kg CO2e per tonne,UK DEFRA/DESNZ (2025) GHG Conversion Factors for Company Reporting (full set v1; ghg-conversion-factors-2025-full-set.xlsx); Waste disposal!E80
desnz_waste,DEFRA 2025,Plastic:Plastics: PP (incl. forming):Combustion,4.68568,kg CO2e per tonne,"UK DEFRA/DESNZ (2025) GHG Conversion Factors for Company Reporting (full set v1; ghg-conversion-factors-2025-full-set.xlsx); Waste disposal!F80 (published as ""Incineration with energy recovery""; definition Waste disposal A12)"
desnz_waste,DEFRA 2025,Plastic:Plastics: PP (incl. forming):Landfill,8.98311,kg CO2e per tonne,UK DEFRA/DESNZ (2025) GHG Conversion Factors for Company Reporting (full set v1; ghg-conversion-factors-2025-full-set.xlsx); Waste disposal!H80
desnz_waste,DEFRA 2025,Plastic:Plastics: PS (incl. forming):Open-loop,4.68568,kg CO2e per tonne,UK DEFRA/DESNZ (2025) GHG Conversion Factors for Company Reporting (full set v1; ghg-conversion-factors-2025-full-set.xlsx); Waste disposal!D81
desnz_waste,DEFRA 2025,Plastic:Plastics: PS (incl. forming):Closed-loop,4.68568,kg CO2e per tonne,UK DEFRA/DESNZ (2025) GHG Conversion Factors for Company Reporting (full set v1; ghg-conversion-factors-2025-full-set.xlsx); Waste disposal!E81
desnz_waste,DEFRA 2025,Plastic:Plastics: PS (incl. forming):Combustion,4.68568,kg CO2e per tonne,"UK DEFRA/DESNZ (2025) GHG Conversion Factors for Company Reporting (full set v1; ghg-conversion-factors-2025-full-set.xlsx); Waste disposal!F81 (published as ""Incineration with energy recovery""; definition Waste disposal A12)"
desnz_waste,DEFRA 2025,Plastic:Plastics: PS (incl. forming):Landfill,8.98311,kg CO2e per tonne,UK DEFRA/DESNZ (2025) GHG Conversion Factors for Company Reporting (full set v1; ghg-conversion-factors-2025-full-set.xlsx); Waste disposal!H81
desnz_waste,DEFRA 2025,Plastic:Plastics: PVC (incl. forming):Open-loop,4.68568,kg CO2e per tonne,UK DEFRA/DESNZ (2025) GHG Conversion Factors for Company Reporting (full set v1; ghg-conversion-factors-2025-full-set.xlsx); Waste disposal!D82
desnz_waste,DEFRA 2025,Plastic:Plastics: PVC (incl. forming):Closed-loop,4.68568,kg CO2e per tonne,UK DEFRA/DESNZ (2025) GHG Conversion Factors for Company Reporting (full set v1; ghg-conversion-factors-2025-full-set.xlsx); Waste disposal!E82
desnz_waste,DEFRA 2025,Plastic:Plastics: PVC (incl. forming):Combustion,4.68568,kg CO2e per tonne,"UK DEFRA/DESNZ (2025) GHG Conversion Factors for Company Reporting (full set v1; ghg-conversion-factors-2025-full-set.xlsx); Waste disposal!F82 (published as ""Incineration with energy recovery""; definition Waste disposal A12)"
desnz_waste,DEFRA 2025,Plastic:Plastics: PVC (incl. forming):Landfill,8.98311,kg CO2e per tonne,UK DEFRA/DESNZ (2025) GHG Conversion Factors for Company Reporting (full set v1; ghg-conversion-factors-2025-full-set.xlsx); Waste disposal!H82
desnz_waste,DEFRA 2025,Paper:Paper and board: board:Closed-loop,4.68568,kg CO2e per tonne,UK DEFRA/DESNZ (2025) GHG Conversion Factors for Company Reporting (full set v1; ghg-conversion-factors-2025-full-set.xlsx); Waste disposal!E87
desnz_waste,DEFRA 2025,Paper:Paper and board: board:Combustion,4.68568,kg CO2e per tonne,"UK DEFRA/DESNZ (2025) GHG Conversion Factors for Company Reporting (full set v1; ghg-conversion-factors-2025-full-set.xlsx); Waste disposal!F87 (published as ""Incineration with energy recovery""; definition Waste disposal A12)"
desnz_waste,DEFRA 2025,Paper:Paper and board: board:Composting,8.98311,kg CO2e per tonne,UK DEFRA/DESNZ (2025) GHG Conversion Factors for Company Reporting (full set v1; ghg-conversion-factors-2025-full-set.xlsx); Waste disposal!G87
desnz_waste,DEFRA 2025,Paper:Paper and board: board:Landfill,1164.4894,kg CO2e per tonne,UK DEFRA/DESNZ (2025) GHG Conversion Factors for Company Reporting (full set v1; ghg-conversion-factors-2025-full-set.xlsx); Waste disposal!H87
desnz_waste,DEFRA 2025,Paper:Paper and board: mixed:Closed-loop,4.68568,kg CO2e per tonne,UK DEFRA/DESNZ (2025) GHG Conversion Factors for Company Reporting (full set v1; ghg-conversion-factors-2025-full-set.xlsx); Waste disposal!E88
desnz_waste,DEFRA 2025,Paper:Paper and board: mixed:Combustion,4.68568,kg CO2e per tonne,"UK DEFRA/DESNZ (2025) GHG Conversion Factors for Company Reporting (full set v1; ghg-conversion-factors-2025-full-set.xlsx); Waste disposal!F88 (published as ""Incineration with energy recovery""; definition Waste disposal A12)"
desnz_waste,DEFRA 2025,Paper:Paper and board: mixed:Composting,8.98311,kg CO2e per tonne,UK DEFRA/DESNZ (2025) GHG Conversion Factors for Company Reporting (full set v1; ghg-conversion-factors-2025-full-set.xlsx); Waste disposal!G88
desnz_waste,DEFRA 2025,Paper:Paper and board: mixed:Landfill,1164.4894,kg CO2e per tonne,UK DEFRA/DESNZ (2025) GHG Conversion Factors for Company Reporting (full set v1; ghg-conversion-factors-2025-full-set.xlsx); Waste disposal!H88
desnz_waste,DEFRA 2025,Paper:Paper and board: paper:Closed-loop,4.68568,kg CO2e per tonne,UK DEFRA/DESNZ (2025) GHG Conversion Factors for Company Reporting (full set v1; ghg-conversion-factors-2025-full-set.xlsx); Waste disposal!E89
desnz_waste,DEFRA 2025,Paper:Paper and board: paper:Combustion,4.68568,kg CO2e per tonne,"UK DEFRA/DESNZ (2025) GHG Conversion Factors for Company Reporting (full set v1; ghg-conversion-factors-2025-full-set.xlsx); Waste disposal!F89 (published as ""Incineration with energy recovery""; definition Waste disposal A12)"
desnz_waste,DEFRA 2025,Paper:Paper and board: paper:Composting,8.98311,kg CO2e per tonne,UK DEFRA/DESNZ (2025) GHG Conversion Factors for Company Reporting (full set v1; ghg-conversion-factors-2025-full-set.xlsx); Waste disposal!G89
desnz_waste,DEFRA 2025,Paper:Paper and board: paper:Landfill,1164.4894,kg CO2e per tonne,UK DEFRA/DESNZ (2025) GHG Conversion Factors for Company Reporting (full set v1; ghg-conversion-factors-2025-full-set.xlsx); Waste disposal!H89
